,CIF-B-PR,CIF-B-TR,CIF-C-PR,CIF-C-TR,CIF-R-PR,CIF-R-TR,CIF-X-PR,CIF-X-TR
2022-01-03,100.0,100.0,100.0,100.0,100.0,100.0,100.0,100.0
2022-01-04,101.77070354773844,101.77070354773844,100.90414963969145,100.90414963969145,99.314916544271,99.314916544271,100.66325657723362,100.66325657723362
2022-01-05,98.75732086613095,98.75732086613095,98.4889982201823,98.4889982201823,98.42281873666026,98.42281873666026,98.5563792743245,98.5563792743245
2022-01-06,99.97697153671388,99.97697153671388,98.37506889161688,98.38255171112675,97.33743286917007,97.33743286917007,98.56315776583361,98.56565203900355
2022-01-07,97.78108246510516,97.78108246510516,96.81003431416802,96.81739809059715,98.31310200132529,98.31310200132529,97.63473959353283,97.63721037183319
2022-01-10,97.67736493529752,97.67736493529752,97.28373404539379,97.29113385340725,97.7083636742563,97.7083636742563,97.5564875516492,97.55895634967648
2022-01-11,98.89950651497799,98.89950651497799,98.12026702560136,98.12773046381479,97.01758959108614,97.01758959108614,98.01245437722183,98.01493471410242
2022-01-12,99.0253286461061,99.0253286461061,98.12001362538847,98.12747704432721,97.32259125692735,97.32259125692735,98.15597784280732,98.1584618117421
2022-01-13,99.03235427503542,99.03235427503542,96.45738208657126,96.46471903879585,97.05566587018156,97.05566587018156,97.51513407726276,97.51760182878479
2022-01-14,98.76284613101231,98.77315203805662,96.92750821450635,96.93488092649204,96.57792168295788,96.57792168295788,97.42275867615885,97.42865947928026
2022-01-18,96.9533890726412,96.96350616276727,93.8904603711081,93.89760207252262,95.73886267850534,95.73886267850534,95.52757070741822,95.53335672082075
2022-01-19,94.83064579970672,94.8405413814852,91.69522735353112,91.7022020763337,95.73644423202985,95.73644423202985,94.08743912842257,94.0931379144356
2022-01-20,93.47578415551057,93.55001886296375,89.45046141084468,89.45726538735371,95.36213304563834,95.36213304563834,92.76279287066453,92.78990398506211
2022-01-21,92.23075851928162,92.30400447745913,87.27117224657951,87.27781045723283,94.9814942961081,94.9814942961081,91.49447502065641,91.52121545291668
2022-01-24,92.15650687025935,92.22969386076419,87.43970026136384,87.44635129096336,94.1231272536032,94.1231272536032,91.2397781284088,91.26644412223995
2022-01-25,91.5746199722277,91.64734485156613,85.52545172807628,85.53195715191987,93.96748136305929,93.96748136305929,90.3558510211211,90.38225867593307
2022-01-26,90.73103944885364,90.80309439047578,87.10896089688188,87.11558676906097,93.02056786745062,93.02056786745062,90.28685607106206,90.31324356121614
2022-01-27,88.77999182302,88.85049732110402,86.35352525471546,86.36009366529757,92.93417992045849,92.93417992045849,89.355898999398,89.38201440542343
2022-01-28,89.83000705009034,89.90134642802792,87.92570923091287,87.93239722838892,94.63576983558615,94.63576983558615,90.79716203886314,90.82369867247273
2022-01-31,91.7903127697498,91.86320894363118,90.78415567328946,90.79106109616656,95.75026222711469,95.77734424179556,92.77491022338468,92.81105485581598
2022-02-01,92.51791959491374,92.59139360486564,91.40047223110507,91.40742453359927,94.85046963176733,94.87729714901174,92.92295381926206,92.95915612872419
2022-02-02,91.85926573387022,91.93221666742187,93.03551896018136,93.04259563117361,96.27892377647464,96.30615531784618,93.72456949017543,93.76108410501955
2022-02-03,90.76511376956636,90.83719577164327,90.24017215078045,90.24703619599386,95.96146330636526,95.98860505718257,92.32224974223737,92.35821802045106
2022-02-04,90.1462087291689,90.2177992217599,90.58416690179473,90.59105711268876,95.30753064036602,95.33448743279628,92.01263542377657,92.04848307782895
2022-02-07,90.00318256235512,90.07465946931806,90.57048631669683,90.5773754869883,95.2521415978964,95.27908272408379,91.94193682564946,91.97775693588815
2022-02-08,92.13045747082649,92.20362377394619,92.5611544725494,92.56819506139318,95.06665585884157,95.09354452222217,93.25275593407251,93.28908673275858
2022-02-09,93.83294503387376,93.90746338412873,94.81557337767799,94.82278544706006,96.4668887210042,96.58254156701202,95.03846904418533,95.10495473815813
2022-02-10,92.0476192017355,92.12071971803428,93.48684831357383,93.49395931456586,93.70222704964381,93.89551099480438,93.07889818831774,93.17098144795224
2022-02-11,90.1867853386284,90.25840805553031,91.2125060072549,91.21944401225136,93.52896028539524,93.72188682513641,91.64275054375953,91.73341301781319
2022-02-14,90.3976515962845,90.46944177468556,90.9681828111001,90.9751022318516,92.66847695036955,92.85962853108386,91.34477045258474,91.43513813395568
2022-02-15,93.39541467194339,93.48976924916381,95.38262181754386,95.38987701900376,92.6015029179682,92.79251634822853,93.79317980248517,93.89269891378945
2022-02-16,94.276151014865,94.37139537351175,95.98525298649496,95.99255402660401,92.6147370729976,92.8057778019655,94.29204702478587,94.39209545840043
2022-02-17,91.47291212859884,91.5653244593469,93.61402540096657,93.6211460755802,92.76781740246093,92.95917389734963,92.61825164400881,92.7165240995709
2022-02-18,90.91396184407107,91.00580948416521,92.79094946383628,92.79800753184898,92.18416424423621,92.47077951004489,91.96302518404788,92.09272450318838
2022-02-22,88.86686603406827,88.95664555486168,91.26019445745838,91.26713608983799,91.9927920544501,92.2788123136056,90.70661751532562,90.83454486993068
2022-02-23,84.48849382340903,84.57385000650112,89.04253077027985,89.04930371787691,90.66406303653915,90.94595206530623,88.06502921007603,88.18923102168213
2022-02-24,85.9418052586691,86.0286296785748,90.33641962117278,90.34329098737169,92.2971121484568,92.67123534724143,89.52511234276626,89.68037642278559
2022-02-25,86.5967163722274,86.73862264340269,90.8209181134331,90.88688781896951,95.09854544670222,95.48402415989379,90.83872664412094,91.03414193337333
2022-02-28,86.27827138863219,86.4196558231595,89.76664599713233,89.83184990969382,95.66005015177205,96.04780490515063,90.56832251251222,90.76315609940544
2022-03-01,83.6821250448042,83.8192551673609,86.93572393350217,86.99887154561203,95.07387793362128,95.45925665788921,88.56390897064259,88.75443059647539
2022-03-02,86.1110464835612,86.25215688618844,91.1836312966437,91.24986446661526,96.18178320637232,96.57165278690805,91.1588203288591,91.35492421428958
2022-03-03,85.72949882015908,85.86998397960785,89.49955748258779,89.56456738972605,97.49659993239194,97.9792230110844,90.90855207837963,91.13320367978619
2022-03-04,83.95478839698434,84.09236533370691,87.37470564219554,87.43817211800618,98.92324926314788,99.45084282120814,90.0842477674426,90.31946730806789
2022-03-07,82.09207431965923,82.22659882183171,83.13259722666604,83.19298235680391,98.93392531933611,99.4615758166752,88.05286562188714,88.28278100793543
2022-03-08,82.03818930243337,82.17262550308372,83.4846545863014,83.54529544079033,97.18257542153485,97.70088533482648,87.56847310342322,87.79712368914849
2022-03-09,84.19253513057784,84.33050166350985,86.25430356299636,86.316956210927,98.17189115525437,98.69547744808152,89.5395766162762,89.77337396266506
2022-03-10,85.117277529703,85.25675944048253,84.16057183058578,84.22170365194114,98.5700332131806,99.09574294196966,89.2826275244898,89.51575394950416
2022-03-11,85.82770984045989,85.96835593857082,82.20311621309119,82.26282619492578,97.74099756431706,98.26228574538099,88.59060787262271,88.8219273608124
2022-03-14,83.83847324913746,83.97585957991558,79.56163713309124,79.6194284204146,96.83511613981338,97.35157292676628,86.74507550734737,86.97157611447928
2022-03-15,83.2652800980337,83.40172713565909,83.95033151585018,84.01131062468134,98.2308545232881,98.75475528913721,88.48215537905735,88.71319168626533
2022-03-16,85.64978701589311,85.79014155139464,87.86427670691101,87.92809879307717,97.75527953827887,98.27664389028863,90.42311442036103,90.65921877781511
2022-03-17,86.0459481049258,86.18695183066554,88.66347724524572,88.72787984772104,98.33058677341312,98.85501944751523,91.01333737452825,91.2509828668154
2022-03-18,86.62848086075583,86.77043918448358,90.09481954891692,90.16026183731765,98.30952886628472,98.8338492309325,91.67760975865252,91.91698973670069
2022-03-21,86.18473183419233,86.32596298520113,89.40645416492627,89.58776950685758,98.76804385435118,99.31405957569325,91.43011384669579,91.7143620075124
2022-03-22,86.32836374373484,86.46983026473869,90.59038647047763,90.77410281458278,98.96100998036349,99.50809246919813,91.94234180493284,92.22818243729873
2022-03-23,84.30297025471518,84.44111775798106,88.5235912527477,88.70311615804562,98.77738963139663,99.32345701865204,90.46974799124858,90.75101045931433
2022-03-24,84.0669461464664,84.20470687639363,91.76123443233044,91.94732524369901,99.70669538947163,100.25790022335494,91.7735335576818,92.05884938009402
2022-03-25,84.75092930968798,84.88981088465766,92.04858919691823,92.23526276070534,100.8277837497079,101.38518625488057,92.46077098053803,92.74822336349109
2022-03-28,84.64962399371954,84.78833955939648,92.27001385127829,92.45713646191882,101.56904224433707,102.13054262141091,92.7305570746967,93.01884819882433
2022-03-29,86.5515934809765,86.69342580914898,93.92226705962084,94.11274042226496,103.22442655330737,103.79507833018916,94.4764965322101,94.77021562813844
2022-03-30,85.68101664173902,85.82142235331212,91.7543073913429,91.94791482996175,103.603110549421,104.17585579102305,93.55175431744051,93.8451555516434
2022-03-31,84.63631522056492,84.77500897711961,89.99402449723237,90.18391762671345,103.4814415189322,104.05351414213608,92.54833411172706,92.83858837419298
2022-04-01,85.55715809317672,85.69736083741438,88.89914239356041,89.08672525199582,105.21242276337264,105.79406470612493,93.03986978127202,93.33166562008947
2022-04-04,84.62313442039935,84.76180657754149,90.09786315325901,90.28797538892479,104.62924261705695,105.2076605865904,92.93569570519065,93.22716482856895
2022-04-05,82.7403167062408,82.8759034849493,87.15739887635873,87.34130654492367,105.03212367854104,105.6127688805357,91.39937000418743,91.68602083356258
2022-04-06,82.12292733244149,82.2575023935287,84.98062239947357,85.1599369308865,107.17056504562062,107.76303211387918,91.1079670041072,91.39370392224144
2022-04-07,82.542756911816,82.67801994875997,85.13796756603186,85.32498993858157,106.95914900775247,107.55044731255359,91.24371857085269,91.53238560500833
2022-04-08,82.41892465775136,82.55879940699819,83.6375006762492,83.83336586762556,107.55670521212679,108.15130696477642,90.8768413545046,91.17017006219291
2022-04-11,81.6318343455887,81.77037330866135,82.19007407015367,82.38254962785,105.71852488194914,106.30296469031224,89.53684192327367,89.82584543330316
2022-04-12,81.39610051179366,81.53423940642294,82.02854614183852,82.22064342784648,105.97846455335524,106.56434137658316,89.47969693834926,89.76851599803553
2022-04-13,82.65503775226003,82.79531321360089,83.45960572137871,83.65505431219792,106.48233700350028,107.07099936614554,90.56582898982434,90.85815382398835
2022-04-14,81.94240608227707,82.09120021773474,81.34411812719755,81.53461259601242,106.44189214135085,107.0303309141616,89.58431686976388,89.87691055995083
2022-04-18,81.36189787358313,81.50963790017131,82.28252612508048,82.47521819019616,106.33632989268018,106.92418508961856,89.66502016408757,89.95787744142372
2022-04-19,83.72599544190354,83.87802828671167,84.18560534731353,84.43950030226202,107.38815223082064,107.98182217826204,91.47144287257713,91.78946560782818
2022-04-20,84.67756677872407,84.85211495406458,84.62089553815547,84.8761032826591,108.90659607579927,109.50866038014983,92.4267699382002,92.75545926576059
2022-04-21,82.78199777716878,82.99650329560957,82.79531537315167,83.0450173593747,107.22019748302944,107.81293893245478,90.61465697755489,90.95239892212427
2022-04-22,80.13661116233544,80.34426192922966,80.89537101114591,81.13934296447073,105.55119983606816,106.13471462757298,88.51822262573182,88.84815067089173
2022-04-25,80.33447282603085,80.54263629399402,82.12497502335245,82.37265533339686,105.07197173987764,105.65283723243496,88.85612268799136,89.18731016543192
2022-04-26,78.51848681692664,78.7219446842662,79.59735676154493,79.83741404005015,103.63471159824353,104.2076315387542,86.91140359949156,87.23534265566674
2022-04-27,79.55341646361883,79.75955605073291,79.84126057022173,80.08205343702926,102.87147031557504,103.44017085755101,87.12196551605133,87.4466893855616
2022-04-28,80.05275874412102,80.26019223181295,83.07896911504147,83.32952657119574,104.84198360686547,105.42157766453913,89.0088383305786,89.34059501480989
2022-04-29,78.5537176782484,78.75726683613877,80.570623542107,80.81361609113007,101.60910681408964,102.19667695275237,86.62430063997253,86.95519005855736
2022-05-02,78.88889600931833,79.0933136845628,82.28950782408239,82.53768434779488,100.35566929004206,100.93599123528097,86.93593887935295,87.26801870057392
2022-05-03,79.72822323820732,79.93481578633731,83.50678015373985,83.75862784311093,101.09317377383927,101.67776045110266,87.87415803701461,88.20982168851519
2022-05-04,82.39403134771867,82.60753156377102,86.50568488131586,86.76657695277056,103.14475820292026,103.82499408350908,90.46947784015238,90.84104881213617
2022-05-05,80.39634291707765,80.604666703423,83.20607771582213,83.4570185181831,101.60691839811588,102.27701228184463,88.1675458295987,88.52966244045403
2022-05-06,79.76472093394025,79.9714080552547,82.23076879701975,82.47876816998816,101.89908545581888,102.57110617053,87.70473863495785,88.06495443104937
2022-05-09,77.7382237665162,77.93965980864448,79.14114819706619,79.37982959839566,99.2049773900935,99.94272895580036,85.10444691615001,85.47987400601771
2022-05-10,76.42442731257124,76.62245903253955,80.50568478171061,80.7484814822442,97.55502920625233,98.28051070358168,84.59094510091857,84.96410694497222
2022-05-11,75.66602446150455,75.86209100062287,78.26197073712315,78.49800063145611,97.79085332121163,98.51808855726075,83.63567094824894,84.00461872584474
2022-05-12,76.64657516714882,76.89318885219879,78.29250370647408,78.52862568503978,97.10158604914591,97.89965260464875,83.77767153031134,84.18775139658817
2022-05-13,78.13421397134066,78.40020015328027,81.81658271859112,82.06333294979366,98.92913311481513,99.84178997223535,86.06587064532054,86.52315383517895
2022-05-16,77.5518877984993,77.81589161308042,80.56072162944307,80.80368431533623,99.03131217343798,99.94491166944808,85.46623564928055,85.92033287237089
2022-05-17,79.51723048960415,79.80709719404506,83.99167519279358,84.24498527473864,99.94148195006197,100.90582120963113,87.60619939883225,88.09155399274105
2022-05-18,77.45630713318926,77.73866108778022,79.67392625283637,79.91421445689545,98.50452870523094,99.45500274686339,84.96797795219571,85.43871630995159
2022-05-19,77.64373941644637,77.92677662393635,77.67130102205957,77.9055495184911,98.45257348923566,99.40965780407154,84.33867760534352,84.80813114156257
2022-05-20,77.24753969445253,77.5291326224196,77.05030797343291,77.2826836199698,99.09131776669784,100.05461148884004,84.18683094105198,84.65543925470485
2022-05-23,78.2294640596042,78.51463642787603,77.77647466000789,78.01104034909912,100.27647647087564,101.25129144397309,85.14792697734828,85.62188503023937
2022-05-24,77.54676329616272,77.8294469934987,75.83362679112605,76.06233305484275,101.46808210481908,102.4544810012341,84.61850985263966,85.08952101629338
2022-05-25,78.29613680862839,78.58155222120541,77.50722668509933,77.7409803505414,102.01331868375259,103.00501797363705,85.62001237682341,86.09659819394408
2022-05-26,80.61625678991032,80.91012981008687,79.94472287017699,80.18582776842834,101.99669996598166,102.98823770077875,87.26006853068887,87.74578337594812
2022-05-27,82.68914050607621,83.04288090082267,83.69964069130721,84.01072539474744,104.02282031526468,105.03405451849873,89.89474352588013,90.43355824148745
2022-05-31,81.4269474163023,81.77528820622652,82.80771075255663,83.11548043865396,102.8310688563965,103.83071771870911,88.77650497377105,89.30861714633966
2022-06-01,80.8471083037593,81.19296856824445,82.3376960892099,82.64371888164136,102.13527440923899,103.12815926398812,88.19625053805987,88.72488475834236
2022-06-02,82.66800552676864,83.02165550703168,84.3102352817225,84.62358936930241,102.9225399798071,104.00501488444078,89.75237646810338,90.31571363640012
2022-06-03,82.66135559393474,83.01497712608656,82.05083774348259,82.35579437550199,101.91680555620914,102.9887027751922,88.6710377099842,89.22758777873061
2022-06-06,84.17190928962069,84.53199290200853,82.35684029250734,82.66293423779868,102.42839879020873,103.50567662686109,89.46672300831635,90.0282672523755
2022-06-07,85.83581837773721,86.20302011777821,83.32211375211216,83.6317953090759,103.44982325143505,104.53784379174078,90.69860328440369,91.26787951254751
2022-06-08,84.45222331419346,84.81350609727166,81.75360635376335,82.05745827209508,101.44775409376912,102.5939510318953,89.05616623660427,89.63965952786914
2022-06-09,83.71619294070996,84.074327019215,79.42121847930304,79.71640166041868,99.41585208390929,100.53909178771247,87.37379158916158,87.9462620129299
2022-06-10,80.95933106119303,81.30567140954737,76.69810348506184,77.02346684362303,98.3822133616231,99.49377460542293,85.15632162466859,85.72797157814578
2022-06-13,77.80168515046358,78.13451723274943,72.9892715025422,73.29890151209813,93.51028808490767,94.56680438577274,81.27000660781923,81.8155679309259
2022-06-14,76.86130219866313,77.19011136530918,72.98348220547972,73.29308765608242,91.36443476151126,92.54886483009587,80.26928027014112,80.85520728452785
2022-06-15,77.33873411657869,77.66958571532737,74.01138504487882,74.32535099339353,92.23731312916767,93.43305901651226,81.05768507705228,81.64936706610786
2022-06-16,72.0314741212275,72.33962150229672,69.80729305774203,70.10342469971614,89.9669350970257,91.13324826237795,77.05376445135899,77.61621975182139
2022-06-17,72.15466987050468,72.46334427740479,70.75687355038909,71.081914231309,89.68153857388758,90.84415191638911,77.33059617497828,77.90353720721536
2022-06-21,73.65409165719225,73.9691805225263,72.18181539183898,72.57277106811487,91.36373271718958,92.56539149826958,78.86887300360225,79.47982744242682
2022-06-22,73.6775071021161,73.9926961376621,71.19130214943695,71.5768929457574,91.93063778163044,93.13975276473354,78.67933579263324,79.2888219893497
2022-06-23,73.75716857233284,74.07269839603732,71.49731363467141,71.92125211004895,93.63859518316369,94.8701740252645,79.3101874925998,79.93795785939719
2022-06-24,77.14877456062598,77.47881352100525,74.10338988525696,74.54278091313229,95.60806330505213,96.86554551813332,82.03729663144112,82.68665310663785
2022-06-27,77.60621481254216,77.93821068158314,74.10427736797064,74.54367365811457,96.2323961770535,97.49808990969113,82.38048791213724,83.0325608771441
2022-06-28,75.81076205091102,76.13507705442649,72.07966041458057,72.50705187572031,95.31924817424421,96.57293175489518,80.7390371866555,81.37811744345431
2022-06-29,73.86708352738594,74.18308356228565,70.80713720977097,71.23529319201816,94.28514088142367,95.52522339661859,79.28385588663039,79.91445110380185
2022-06-30,73.9284285115199,74.24948021163073,69.8992404999088,70.32190662021681,95.22645626909083,96.47891940696518,79.24558167023793,79.87758965811517
2022-07-01,74.57161975197319,74.89546466229288,68.21158102896595,68.62404222464413,97.13283950495624,98.41037629172114,79.40848603552284,80.0417932360243
2022-07-05,74.78085843573342,75.10561201456538,68.95165578352088,69.36859205679659,93.95880663693774,95.1945970506741,78.84054440598229,79.46932209658614
2022-07-06,74.30880395594164,74.631507526457,69.33199627518013,69.75123238803715,94.65251942160832,95.89743387214195,79.00985582236156,79.63998382380086
2022-07-07,76.31012619917438,76.64152098525587,71.50591352265153,71.94676701801231,95.13006391897285,96.3812592593251,80.65403862897575,81.30037183622639
2022-07-08,75.90880193275616,76.23845387321488,71.93108220872759,72.38840290320195,94.63561390338064,95.88030600458788,80.52343935985273,81.17377935118074
2022-07-11,75.22404001476043,75.55071821450304,70.71430235969817,71.16388705759783,94.72106365201267,95.96687962850095,79.86009716204896,80.50507973244964
2022-07-12,74.60260841404026,74.92658789996017,70.72080032203544,71.17042633243254,93.89377442383422,95.12870950331919,79.40267632294236,80.04396457691912
2022-07-13,74.10456105676589,74.42637765414605,70.72457408145571,71.17422408451671,93.18594213821106,94.41156747458183,79.02267651522442,79.66089573646214
2022-07-14,74.03099511683808,74.35249223671062,71.13239612084512,71.58463895933342,92.65379370509042,93.87241997499926,78.99201218760335,79.6299837512805
2022-07-15,75.55904747592894,75.89709584611597,73.07811206236266,73.54272529954791,92.762934722361,93.98299646625803,80.27809873034828,80.93001261419928
2022-07-18,74.5485320426906,74.88205940438606,72.45493113082014,72.91558233201698,92.01033655431662,93.22049977316045,79.47375476503971,80.11913681758593
2022-07-19,78.00693156082491,78.35593167342996,75.41633888430584,75.94494885098823,93.13970090437293,94.364718054289,82.11270525831878,82.79744723475122
2022-07-20,79.06717411056816,79.43958700691509,76.56993210076361,77.10662786000418,92.39732384261518,93.61257690027492,82.69834844248237,83.39466929595548
2022-07-21,79.94934812460062,80.36733158426706,77.73613206189695,78.2810019771854,92.72552868518919,93.94509844729328,83.53268405169767,84.25088009718102
2022-07-22,79.93880246441661,80.35673079028108,75.35142916409866,75.87958416405176,93.53070036606886,94.76086012479229,82.8915926199893,83.60427669927316
2022-07-25,79.38739713146991,79.80244265323215,75.06275936149923,75.58889101031926,94.37043245400035,95.61163676407044,82.83080447508537,83.54296591097787
2022-07-26,80.42116020211196,80.84161034411036,74.71611224796854,75.23981416973147,94.80736058339387,96.05431157770914,83.19941132135529,83.91474195960652
2022-07-27,82.19301408541821,82.62272766274837,77.8361364664327,78.38170733493277,95.4310241510885,96.6861778619552,85.14828490763631,85.88037154168373
2022-07-28,85.81251219679093,86.26114888454458,79.24441936447533,79.79986120240758,100.07108360649838,101.38726556154361,88.28804800375033,89.04712964538051
2022-07-29,86.95955530318564,87.4141888509168,80.13898198779124,80.70069401498887,100.6007245549555,101.94798312035914,89.1759467651756,89.94956122240156
2022-08-01,86.94649790406261,87.40106318636087,80.14787441254249,80.70964876873171,100.21328982424701,101.55535981112111,89.06316253557145,89.83579857301345
2022-08-02,86.37803798568694,86.82963130074673,80.21790449798061,80.78016971068286,99.75048776469076,101.08635984353207,88.75257374893116,89.52251538295707
2022-08-03,86.97923327995954,87.43396970618821,82.1188967204751,82.69448641233217,100.22061208851693,101.56278013614853,89.7950089106544,90.57399382306517
2022-08-04,87.42940755891965,87.88649754283186,82.36191842648228,82.93921151176596,100.85478561605198,102.20544660168879,90.22664289278035,91.0093722934855
2022-08-05,87.71374133785402,88.17231784816583,82.06014218484115,82.63532005303264,101.52193322063992,102.8815287375999,90.41003794033483,91.19435832005752
2022-08-08,88.42523343450848,88.88752969907797,81.66808489170614,82.24051474274741,102.15537314238618,103.523451772803,90.70345493774781,91.49032075308885
2022-08-09,86.91134655023902,87.36572805762444,79.06825552670873,79.62246259294841,102.45303966732894,103.90704715108068,89.30106148796658,90.0992041540116
2022-08-10,89.26356740278106,89.73024656402994,82.34072978904578,82.9178743584363,103.46968652274103,105.00621099021247,91.62575975360977,92.46414893007865
2022-08-11,89.54575484721353,90.06103526168384,82.25529727944375,82.83184303328949,103.14824090682446,104.67999190807195,91.60305442255205,92.45813701797474
2022-08-12,91.98004457374458,92.50933281942216,83.93276486404218,84.521068362922,104.84854208360069,106.59138225920042,93.57250782332676,94.4990995743449
2022-08-15,91.9336528236078,92.46267411346733,84.0436349142504,84.63271552607966,105.81712902936215,107.5760694979091,93.87472250849484,94.80430690811059
2022-08-16,92.10370297390551,92.65197881654923,83.80288560595405,84.39027875209987,105.82016742144832,107.62403188102729,93.8486398825024,94.79733451732517
2022-08-17,91.5252416556721,92.0838365943077,82.33152610632307,82.90860616504534,105.02902474941526,106.81940298814133,92.87857310692084,93.82239847117106
2022-08-18,92.337113340088,92.90066327698999,84.3285978328639,84.9196758134483,105.35412667791459,107.15563083198245,93.98958991436912,94.94629949511602
2022-08-19,90.45318692070965,91.00523891733211,82.42364989342408,83.00137566834991,104.86839631223273,106.66159471408066,92.48297933104972,93.42435329025778
2022-08-22,88.61171978344898,89.15253297639357,80.00110212131376,80.56184771772593,103.02529195286125,104.7869741695868,90.41282900215164,91.33313113143633
2022-08-23,88.73379315605409,89.27535138465056,80.01095330617093,80.57176795173844,102.50996688346082,104.26283729297488,90.3119096944083,91.2311845772853
2022-08-24,89.4934969673239,90.03969180431562,80.03299335525823,80.59396248445337,103.59355697157618,105.36495624281213,90.90279168609088,91.8280810910341
2022-08-25,90.9760926872099,91.53133607135855,82.44458024659819,83.02245272704509,104.8832221741182,106.67667409096944,92.68167090276546,93.62506732138046
2022-08-26,87.84863607063997,88.38479202704502,77.4913866752003,78.03454111539912,102.83163955081214,104.59001040596374,89.17026643738589,90.0779206605411
2022-08-29,87.55803074938389,88.09241308947657,76.2364747984384,76.77083328095512,103.21255717776961,104.97744153845687,88.71876832622756,89.62182680033197
2022-08-30,85.78638182399527,86.3536690611128,75.22090537065496,75.80059278912451,101.75653825380469,103.49652540141986,87.29738377311305,88.22082205995585
2022-08-31,85.36029512528951,85.92476474099742,74.11234664914635,74.68349099650652,101.45497553456697,103.1898061068438,86.65463936075959,87.5712786488997
2022-09-01,84.89316743062054,85.45454802947454,72.72124986248896,73.28167376848879,102.0071626162181,103.83576812276671,86.13969456960648,87.07497081092478
2022-09-02,84.21322840012124,84.77011270567297,72.25485628924473,72.81168594860351,100.64569407745228,102.44989356384379,85.33555959320998,86.26210480359074
2022-09-06,83.71295443480892,84.26653053421477,71.56595938059031,72.11748007871549,100.63766523795441,102.44172079739275,84.90356525206039,85.82542001112623
2022-09-07,85.86192633025898,86.42971312725217,72.62655917221159,73.18625334753973,103.37671493973163,105.22987137835258,86.84492829828314,87.78786173358502
2022-09-08,87.1567677387924,87.73311704873385,73.70075872171329,74.26873118032856,103.9020429897989,105.84346270881234,87.84982963982871,88.82617906758524
2022-09-09,89.628192453038,90.2208847730013,75.37990002530555,75.99696029704037,104.9843855673786,106.94602896210019,89.65554127486384,90.6651722580115
2022-09-12,90.19131411032114,90.78773023495285,76.04189589093237,76.664375264425,106.18945991507728,108.17362024049801,90.44425030832986,91.46276311925472
2022-09-13,87.29056912466379,87.86780323493018,72.40950577441743,73.00225038265313,102.73345258295701,104.65303707723368,87.09133948244538,88.0720944191172
2022-09-14,87.39867274744189,87.9766217241496,72.46250283563778,73.05568127810497,103.27008454022766,105.3381632815776,87.3035081811796,88.32616152524095
2022-09-15,86.9914346544893,87.56669065163908,71.0464073221615,71.62799359905067,100.99368709985592,103.01617888178527,85.98784093080963,86.99508284935906
2022-09-16,85.50912893811986,86.07458276041946,70.68769709519763,71.2663469682172,100.83874948510626,102.85813849832262,85.28308320561231,86.28206975322145
2022-09-19,87.25504017121449,87.83203933601037,70.34316161056236,70.93929659224693,101.63343114433573,103.66873439111653,85.94898772977633,86.96396913571894
2022-09-20,86.19736063969053,86.76736559297595,69.03140609675333,69.65425741231378,99.72796196535126,101.74067594445661,84.53265018734201,85.55052498211514
2022-09-21,85.14998133473958,85.71306018973893,68.34365486290801,69.01758724886662,98.65909068441589,100.65023265777074,83.60653324757091,84.63636366511345
2022-09-22,83.19571940560316,83.74587513892733,66.85964822406294,67.51894691598072,97.63364210565138,99.60408843208175,82.07094133447234,83.08185697108074
2022-09-23,80.34364251914886,80.87493806997597,65.97593673840916,66.62652120819146,95.63634571153774,97.56648251701104,80.2043070522117,81.19223026600778
2022-09-26,79.62069985852035,80.14721474211541,64.80953637533099,65.44861904613505,93.41901272712344,95.30439922379557,78.86979111298915,79.84127631586045
2022-09-27,78.74774267933076,79.26848488134425,65.47440293362196,66.12004181080496,91.92861572494836,93.78392296579716,78.42679528979636,79.39282385482075
2022-09-28,81.15609521995569,81.69276334901876,66.70959107987834,67.36741006794631,93.01232545546236,94.88950417228352,80.02971054873728,81.01548315560002
2022-09-29,79.17546696375214,79.69903761618399,65.0365902887048,65.68651697906262,89.46078186326463,91.26628317593006,77.69720987087607,78.6577207259868
2022-09-30,79.08243894720731,79.60963706838812,64.46326517020299,65.10746248122045,88.67723204420156,90.46691972102128,77.21482222897417,78.17078822875649
2022-10-03,82.75428862236829,83.30596489920255,66.63435429002064,67.30024783018928,90.97036338012884,92.80633113131074,79.95512180050167,80.94501435925255
2022-10-04,85.84937380713747,86.42168327531012,69.77038812383974,70.46762082372472,93.24477400862368,95.12664401205242,82.88645838567766,83.91264265667306
2022-10-05,85.28458701770509,85.85313137015521,70.40019057273652,71.10371704385663,91.05885593931019,92.89660965109331,82.33573710897471,83.3551031189072
2022-10-06,84.49085382394918,85.05410680382609,70.15228430801223,70.86176501856667,88.11856262661482,89.89697521343653,81.14325589812304,82.15125714274517
2022-10-07,81.74300692981099,82.28794156064394,66.65789541932917,67.34682541531558,86.32290794295126,88.0650805504108,78.31821095703819,79.29707946454447
2022-10-10,82.06105665644412,82.60811154583959,64.53286095024234,65.19982805677583,85.95488125213099,87.68962632922992,77.4655942233969,78.4338062097782
2022-10-11,82.21495584373494,82.7630366924138,63.710265554586094,64.36873088291217,85.73614558319512,87.46647612770039,77.1242798903923,78.08822592320217
2022-10-12,81.62921642454016,82.17339247810379,63.02972309161977,63.681154802797714,83.0375692830806,84.71343704567511,75.89510113712595,76.84368414827118
2022-10-13,83.99835666648978,84.5583264449435,64.61112580056795,65.27890179857155,85.51282439142228,87.23864785811654,78.01650739350274,78.99160502686186
2022-10-14,81.43945837933246,81.98236942278456,62.47229321709958,63.117963717864264,83.9494655909015,85.64373728364835,75.86491509957884,76.81312082731628
2022-10-17,84.46205698678965,85.03687655121377,63.99738725867192,64.65882007874372,86.20674516051395,87.9465733657471,78.11946995299567,79.0997862803636
2022-10-18,86.3733748200711,86.96120215299622,64.16829969200175,64.88307856476273,87.90901553771018,89.68319903625205,79.3035168019086,80.31948031581962
2022-10-19,85.4046549231189,85.98588948327621,64.04235185636185,64.75572778012125,86.48084022674738,88.22620023029005,78.52819238812357,79.5342231607437
2022-10-20,84.58608803569336,85.22806828292022,64.08746171800426,64.80134012626473,85.18309384328371,86.90226267400128,77.90834859344648,78.92861709305647
2022-10-21,87.22487625695241,87.88688402825566,66.92909841092631,67.6746301726637,87.0476023003781,88.80440072024798,80.45403729839063,81.50764350881543
2022-10-24,88.9964808379183,89.67193449817668,67.10135734429515,67.84880792025712,87.42661038651696,89.19105796373582,81.21913362711886,82.28275935018206
2022-10-25,91.39573313259771,92.08939631899764,68.2704692464022,69.03094270892234,89.500236627766,91.30653421817024,83.0715200770793,84.15940419578456
2022-10-26,91.7914676590806,92.48813433878597,67.59850353673428,68.35149188752798,89.3383081877482,91.1413377314741,82.88719617253255,83.97266643088871
2022-10-27,93.17883123500896,93.8860275423653,67.7562376810989,68.51098305264033,89.65447875555076,91.46388926715224,83.50099479941403,84.59450321305671
2022-10-28,95.52061521432424,96.24558488244125,69.61418250131752,70.38962375712926,91.57884805988239,93.4270962748066,85.56921876743019,86.68981213156664
2022-10-31,95.28529266532587,96.00847631364113,68.75391869150553,69.51977735904228,90.97899841343462,92.83394043888117,84.97591737819481,86.0940041534684
2022-11-01,96.98506853910719,97.72115292040372,69.99066840652361,70.77030338684145,90.68742738460446,92.53642466055703,85.95618408778226,87.0871689085027
2022-11-02,94.16342232161178,94.87809134751878,68.15704835398483,68.91625840672135,89.58848398141967,91.4150752478788,83.97090910899082,85.07577229704694
2022-11-03,95.56001297927733,96.28528166331374,67.2620380260481,68.01127844461351,90.32073796893667,92.16225893036314,84.28170370017291,85.39065622710231
2022-11-04,99.5395861425225,100.29505846196191,69.99032608299419,70.7699572501266,91.1133699875924,92.97105167256781,86.92537981160397,88.06911700917297
2022-11-07,100.50239694235414,101.2651766752189,70.55920743620288,71.34517544527021,90.10169992007732,91.93875498399902,87.1890467600744,88.33625320560515
2022-11-08,100.65121974112093,101.41512898948125,70.62585745450777,71.41256788662795,90.03596616301711,91.8716810021552,87.24679596454662,88.39476225620548
2022-11-09,99.60407522385682,100.41034061306232,68.19972989246786,68.95941538030414,88.79968224810077,90.69487504505516,85.57445767606896,86.74094015662244
2022-11-10,103.4506514595377,104.28805374026896,73.25100690379352,74.06695921037814,94.03008770543606,96.10552652603955,90.3591929977369,91.61009507952907
2022-11-11,102.94178871957804,103.77507190765006,75.09248238189167,75.9289471186446,93.78490725968626,95.85493443995654,90.86146703110917,92.11932242460246
2022-11-14,101.55570318973777,102.37776642735417,74.59207374067987,75.42296436176818,91.73382987784186,93.85043397092946,89.6211919037308,90.88756210380456
2022-11-15,101.86110279473162,102.70456616333345,76.01962433195935,76.86641662111963,92.90553091400703,95.10211058093607,90.62714205347477,91.92885105116655
2022-11-16,101.14907981366976,101.99974895635658,73.16970112951928,73.98474776071646,92.38692812921968,94.5712463912456,89.09810562037674,90.38223450375943
2022-11-17,101.5078371703571,102.36152348150071,73.6828725435907,74.55885777442668,91.03467320810385,93.1870199003534,89.04253434911739,90.34814235810316
2022-11-18,103.11050437069129,103.97766919825672,74.33751450346634,75.221282502109,92.81650679371243,95.10887505670584,90.34093567295534,91.69293706443914
2022-11-21,102.77378743765745,103.63812045790165,73.12725448300291,73.99663420026079,93.17291911716899,95.47408999865188,89.8427534837306,91.18729930694927
2022-11-22,103.34501253884073,104.21414959257689,74.51819491053249,75.40411094388969,94.00851568118857,96.3303240021765,90.82760276579987,92.18688739584891
2022-11-23,102.6932955393893,103.55695161848665,75.20314027263385,76.09719933842747,95.15202322862605,97.50207372873481,91.20876395615845,92.57375287137906
2022-11-25,103.16062591025569,104.0282122626355,74.99597042308497,75.88756653212603,95.56786667026437,97.92818760976925,91.39804514908305,92.76586676062576
2022-11-28,100.39382741196542,101.2381448417721,73.06222170066712,73.930828270043,94.1103263837115,96.43464921026914,89.2896438560786,90.6259120919482
2022-11-29,100.48401291539706,101.3840957131874,72.84495541562546,73.71097899589836,94.13908092871962,96.47535231039646,89.24035688974887,90.59743171200797
2022-11-30,103.06246566932792,103.9856448871496,76.17938041169008,77.0850455931798,96.65892535883643,99.05773230353643,92.14891353571629,93.5502186718258
2022-12-01,103.03553943428912,103.95847746109678,75.81801160118566,76.71938061818072,96.4858500719769,98.9645733887254,91.94584205670465,93.36757676736931
2022-12-02,103.34372987064658,104.26942850485995,74.97584205710544,75.86719886831906,95.91302097992171,98.37702830644025,91.54812693358461,92.96371187844315
2022-12-05,101.3549955250217,102.26288012571932,73.43234439728906,74.30535120249513,94.92408917075713,97.36269082035805,89.9874442713993,91.37889678499691
2022-12-06,101.45714905073808,102.36594868884875,72.20377100666074,73.06217181038998,95.00537816073341,97.44606812602726,89.55023994554497,90.93493208203563
2022-12-07,100.91839200376823,101.82236574036385,71.73131719897894,72.58410119457497,94.68251786809249,97.11491354635021,89.09010912491316,90.46768637785382
2022-12-08,101.81755499213403,102.72958295660885,73.54909383443535,74.42348862546659,94.65057131242781,97.15516624684192,90.11106692517333,91.52481095958495
2022-12-09,100.44459511287145,101.3443248267736,73.26403225002574,74.13503806164832,93.99364007930478,96.48085163593338,89.3547863021275,90.75666512113712
2022-12-12,101.08957010781509,101.99507716759656,74.61048204292312,75.49749523987046,95.80093709828718,98.33597242286518,90.62019599820557,92.0419277106495
2022-12-13,102.38219683341934,103.29928256174642,75.63352839977327,76.56974560366943,96.62152023846666,99.17826941376592,91.6926924204487,93.14620292012708
2022-12-14,101.33484847338008,102.24255260741356,74.82100982718431,75.74716940343521,95.98062502238166,98.675444434117,90.83706122053889,92.32026121839644
2022-12-15,98.41497887263898,99.29652835457242,71.32537802922496,72.20826750163464,94.67182347366116,97.3298960542649,88.09157705057513,89.5299484062431
2022-12-16,97.3171179071102,98.18883332946771,70.65782526731009,71.53245154754248,92.87401461661288,95.48161065358677,86.95130382603735,88.37105664405706
2022-12-19,97.534137900682,98.40779727369716,69.69013079014688,70.63010465957232,92.15910842236438,94.76310416751846,86.39588598391892,87.84349442538227
2022-12-20,97.67921975614514,98.55417869591311,69.52200015874449,70.49855331403161,92.1552109483288,94.7590965686566,86.36891210820667,87.83205497113127
2022-12-21,99.85453836691246,100.74898266364873,70.34008611534072,71.32813066069697,93.63876485230637,96.28456893430113,87.81534288397087,89.30298918007085
2022-12-22,98.10827095397774,98.98707310811719,68.9510560956416,69.9195893834761,92.88623196887809,95.51077290651219,86.49062916838143,87.95583399368978
2022-12-23,98.87712308027882,99.7628122063141,69.08567673262215,70.05610099320641,93.63746970862438,96.28323719577035,87.00927955589215,88.48327063998639
2022-12-27,98.7795900342826,99.66440551072557,69.02120060106925,69.99071918619013,94.02959807305507,96.68644531791585,87.0761573580805,88.55128139356395
2022-12-28,97.3155124040476,98.18721344515532,67.94704244928269,68.90147268064491,93.17184908567563,95.8044602593354,85.9318123559818,87.38755047838988
2022-12-29,99.44430093442931,100.33507054058273,69.92198536639982,70.91365761122613,94.13814282272806,96.79805704676372,87.67750213677257,89.16672159427846
2022-12-30,99.35979790955271,100.25491314261816,69.94521053210124,70.95245077619805,93.34940143024356,95.98702942272581,87.41571430173836,88.9082871538772
2023-01-03,99.36875753145306,100.26395348020246,69.833853532736,70.83949018953399,93.41852589187292,96.05810702612325,87.39427629891541,88.8864831095333
2023-01-04,99.0506885742149,99.94301909474505,71.01411146028232,72.03674432416862,94.45010649417408,97.11883538761134,88.10561877591053,89.6099713486287
2023-01-05,97.93739913177708,98.8197002202864,70.41278818022778,71.43873725679676,91.87654515805369,94.47255695511414,86.72424055236469,88.20993218433672
2023-01-06,100.58082422205358,101.48693946996697,73.19511523859684,74.26160419364557,93.91843527198681,96.57214156349035,89.29005970231592,90.81970693442877
2023-01-09,101.64148461903025,102.55715517299717,73.67046071739645,74.74387569068178,94.54467318007205,97.21607409640458,89.99637429222093,91.53812155160503
2023-01-10,102.63951220934622,103.56417382124509,74.0679821581745,75.14718921505178,94.7436085488114,97.420630470627,90.51876078874349,92.06945716364126
2023-01-11,103.51064571234787,104.443155215295,74.63165653151633,75.71907660221909,95.9406938437823,98.651539931956,91.3830092483392,92.94851124962457
2023-01-12,105.28142953667638,106.22989172480374,74.69889326122603,75.78729300426588,95.84063645360634,98.5486553766441,91.90675326018446,93.48122763287068
2023-01-13,106.13010912507977,107.09624965305277,74.66256001068795,75.7504303603349,95.4685418874047,98.16604711642165,92.0284881371618,93.60806005859575
2023-01-17,104.15435301668872,105.10250752669337,74.89500348379003,75.98626064956437,95.16060892596217,97.84941337504411,91.43930207106403,93.00876123518395
2023-01-18,102.45015584585155,103.3827964364984,74.32109234426689,75.40398734148003,93.38055351291177,96.01906172105703,90.14081367954212,91.68798566014883
2023-01-19,100.17281389029019,101.14852981398965,72.85894277516682,73.92053353150281,92.69720479171492,95.3164046841341,88.64952823044577,90.1902591202877
2023-01-20,102.2130198023979,103.20860799801187,74.26712683150546,75.34923552456257,94.04895768024372,96.70635193923702,90.25664433555704,91.8253069411806
2023-01-23,103.94452844075217,104.95698209601386,77.12587649611979,78.24963858274862,94.42138299915474,97.08930029773073,92.06121745738453,93.6612435863937
2023-01-24,104.29485243864752,105.31071836406443,76.98054326245052,78.15615739274018,94.4050640724087,97.07252027260233,92.10084547953306,93.7237599328205
2023-01-25,103.32121013491887,104.3275924663062,77.02191907734638,78.1981650814912,94.52307405198005,97.19386467554159,91.86466790702165,93.48342066131517
2023-01-26,103.30043016741978,104.30661009513693,78.72740125303226,79.92969265591968,95.37565503562597,98.07053570619229,92.82413631943852,94.45979592345613
2023-01-27,103.56846332194804,104.57725398012985,78.76033728920201,79.96313167723187,95.92380869479823,98.63417768573363,93.08854014242291,94.72885882186584
2023-01-30,102.90923168794673,103.91160121470854,77.01167685149576,78.18776644072162,95.221694700898,97.91222515515454,91.95579068204152,93.57614911615082
2023-01-31,105.44036632934437,106.46738993418113,77.5196163427457,78.70346296794375,96.7144416652073,99.46915258441184,93.38384062518823,95.03615817677606
2023-02-01,106.92912233676785,107.97064691134412,79.91361573495594,81.13402250112092,97.31615910197165,100.08800869834572,94.99703172366398,96.67789280000117
2023-02-02,106.5890484383685,107.62726058210633,81.79218068108209,83.04127609247789,97.78840756501839,100.57370818251539,95.81371110064428,97.50902236086309
2023-02-03,107.25792326913766,108.30265047218148,80.37904015672947,81.60655468679984,95.32729271086914,98.04249355996123,94.66519665849808,96.34018630248964
2023-02-06,106.8172469271507,107.85768179869883,78.91144206160976,80.11654405748526,95.49816109142398,98.21822877307547,93.98526758911419,95.6482266855543
2023-02-07,108.93321588914873,109.99426098946148,80.53940841634723,81.76937202230178,95.5270812574418,98.24797267023149,95.29227794468612,96.9783630566784
2023-02-08,109.09811388294735,110.16076514357533,79.64545619585782,80.8617677435432,94.15811553370516,96.8400147881133,94.54746930617677,96.22037590272414
2023-02-09,108.13654775514082,109.1898330476368,80.03788847974984,81.26019308644173,93.19703064450886,95.99907706356149,94.12213155631353,95.83306735018259
2023-02-10,107.34147672639975,108.38701776740585,79.77590962149318,80.99421339843576,94.71283029755507,97.560450496807,94.25091860676281,95.96419546931313
2023-02-13,109.38956846695505,110.45505859042025,80.89509399761417,82.13048948255471,95.06083764492136,97.91892097518453,95.42859088165241,97.16327526669758
2023-02-14,109.91502592329766,111.00188618058583,82.00025124533234,83.25252422192918,94.77039342313753,97.619744305747,95.94778050699682,97.69678338067716
2023-02-15,111.59892558357261,112.70243655447013,81.7871019244865,83.03611977527066,95.48012574498702,98.35081532151379,96.58334998697704,98.34393846316986
2023-02-16,111.64190954747673,112.74584555181873,80.73122489845152,81.96411784417462,94.79689682250155,97.64704455190719,95.94981266298213,97.6988525802151
2023-02-17,112.29219983378051,113.402566029645,79.61538724149472,80.83123958889215,95.0399926016353,97.99318997611111,95.76163628674875,97.53678105570836
2023-02-21,108.97816862520975,110.05576506296562,77.31798196281589,78.49874931348359,92.95693036155231,95.84540031160513,93.18215740098951,94.90948606500092
2023-02-22,109.34564166531001,110.42687174495929,77.01257258625802,78.18867585476433,92.19198255903542,95.0566831275872,92.92760057657088,94.65021049064451
2023-02-23,113.74665112774339,114.87139920901699,78.41588099329927,79.61341499121531,92.64302960704427,95.52174565393818,94.95474138454526,96.71492864734384
2023-02-24,114.8081977353786,115.94344258731122,77.22390429950887,78.40323493609738,91.78603539332995,94.74786590560753,94.51450463779001,96.30036327287364
2023-02-27,114.79953439082588,115.98194963791033,77.39568552416931,78.63514967518041,91.68940999130741,94.64812251223972,94.55223444748292,96.3766804914109
2023-02-28,115.45873765828375,116.64794258442488,77.64003260830384,78.88340989024901,90.11901017444579,93.02704768720149,94.35871021948286,96.17942208923462
2023-03-01,116.19579592522332,117.39259242338122,77.65770034408965,78.9013605684881,88.78171844506127,91.64660308133708,94.1681372388527,95.98517188064022
2023-03-02,116.57760567663726,117.77833474885962,77.76463266996174,79.0100053772151,90.06979876957497,93.08886276119924,94.72769361614695,96.59022787074184
2023-03-03,118.43110428362664,119.70635759539958,78.41705058362793,79.67287152982367,91.96805118444357,95.05074300238734,96.139738031897,98.04669852859256
2023-03-06,117.35172403671272,118.61535469882057,77.85164922837629,79.09841547461012,92.1001743198699,95.23603753473614,95.62757373619257,97.53938534849226
2023-03-07,116.87882132184463,118.13735981870644,76.55696696188376,77.78299933586878,90.69910111303611,93.78726003241007,94.51841111577563,96.40804805716405
2023-03-08,117.11316718912506,118.37422909691983,78.19761448791276,79.44992124372133,91.37605351634124,94.48726157927456,95.4724585551958,97.38116906398854
2023-03-09,115.2657037723638,116.5215425686382,76.54863296133887,77.77453186929357,90.33060222927456,93.48710383392992,93.91956113010741,95.82653530378626
2023-03-10,111.2975105977034,112.51011527683144,74.67932416274176,75.87528676058642,88.47983054938338,91.57165901300732,91.39335154962863,93.24903271928035
2023-03-13,108.67940962584234,109.86348966437548,74.06795803521854,75.25412982375546,89.97392741937172,93.11796542274453,90.82909791435502,92.67332228952299
2023-03-14,111.28655239788169,112.49903768562078,75.40630058200823,76.61390544652716,90.87725172643741,94.22002405179398,92.43647092582646,94.36476335067631
2023-03-15,106.14566990388403,107.30214443151185,74.27662054260517,75.46613398637538,91.23637224168068,94.59235423278989,90.55405124996568,92.44307502289715
2023-03-16,108.55663078657969,109.73937312946995,76.767702825777,78.03791739135221,91.54069962469389,94.90787580504691,92.38891578299057,94.33303513959461
2023-03-17,105.64714223303358,106.79818521971227,75.94442396566176,77.20101638597073,90.33226568139006,93.65499157890599,90.80755686449187,92.71840003793977
2023-03-20,107.7711526361014,108.9453370653824,77.14884087171986,78.44659170447736,90.9688664848101,94.31500871047798,92.1094730535632,94.0562111845952
2023-03-21,109.80299636000291,110.99931806076131,78.14877395298934,79.55948984636672,89.48828105405856,92.7983606002666,92.5940392115307,94.59557366010173
2023-03-22,107.86478340453688,109.03998795643614,76.84891955560738,78.23617090610445,87.10764760859057,90.32966997030424,90.7229146915763,92.68400247407526
2023-03-23,106.69459427530958,107.85704942422629,78.32383326836421,79.73770927476693,86.51617588796861,89.71632031861097,90.7773034149483,92.73956687683622
2023-03-24,107.12637160074286,108.2935310346193,77.66392896612079,79.06589259770054,88.3833984299044,91.65260950336837,91.26367701180241,93.23645403932878
2023-03-27,108.36593444692313,109.54659912183578,77.774579180247,79.17854023299893,88.77755010549393,92.06134044435561,91.79500383793363,93.77926615063609
2023-03-28,109.0153373826113,110.20307740929262,77.11613533286615,78.50821037444462,89.00224144721199,92.2943428878813,91.79392072702129,93.77815962694446
2023-03-29,110.05144894687794,111.25047757942457,79.50287039540186,80.938029991167,90.27171237467887,93.61077024027914,93.46744420527838,95.48785838085371
2023-03-30,110.18957512350875,111.3901086634625,80.27938327742936,81.74096718372729,90.9370207345652,94.30068767263889,94.03945024913206,96.07719139894895
2023-03-31,112.00296003498353,113.2232507017311,80.91613226662845,82.38930896346575,92.36420487616057,95.78066188886888,95.29102730186167,97.35588887885841
2023-04-03,112.2461056274747,113.46904540543403,80.56831236276304,82.03515657480754,91.27955391967583,94.65589080823442,94.85860815591536,96.91409964104822
2023-04-04,106.51874895384628,107.67928823907059,79.0693506113221,80.50890439981549,91.10574120246594,94.47564893724783,92.5619671832464,94.56769274775802
2023-04-05,103.95364960310216,105.08624170910892,78.13831439586409,79.57177443861022,92.1059094341565,95.51281236392359,91.79109541719507,93.78445891310237
2023-04-06,103.01528619068606,104.14368441422843,77.18045611137163,78.61262824024487,92.67457191687176,96.10250908744177,91.33102066759862,93.32265099018625
2023-04-10,104.54203822210768,105.68716002468139,79.59227961974169,81.06920590766609,92.89563295012847,96.33174694112714,92.8038093568295,94.82755637526476
2023-04-11,104.87169662921342,106.02042941006724,79.25434872435825,80.72500431586238,93.24287136870524,96.69182935193898,92.87992643996179,94.90533332258914
2023-04-12,105.41923636948623,106.57396673470922,78.62927522965599,80.08833186356497,93.11576615852647,96.56002265066581,92.74507619859766,94.767542439286
2023-04-13,105.81121850294697,106.97024252165977,79.39628341987382,80.86957277289324,93.17942263229722,96.62603371197953,93.18442091762851,95.21646782716404
2023-04-14,105.87706632923998,107.04882357408957,78.9521099075775,80.41715711022951,91.94188253028396,95.34271827345253,92.61156894080727,94.6346023412161
2023-04-17,106.98625647920436,108.17028929646257,79.3313740410414,80.8034589258839,93.11272555628594,96.55686957967332,93.47286324590482,95.51471100359883
2023-04-18,106.62770971084491,107.80777443767516,79.65805747970829,81.13620435147594,92.82249296953387,96.25590158781866,93.40308832050872,95.44341189492627
2023-04-19,106.78458302375459,107.98374616697703,77.82278329239644,79.26687454085815,93.04208955956925,96.48362083003298,92.79013279692889,94.8220943233134
2023-04-20,107.21060210301967,108.4145493298963,76.68097054198056,78.1038741416523,92.83702018758933,96.2709661527399,92.3883837443795,94.41154758297722
2023-04-21,106.28509282149182,107.47864681942386,76.44857153826673,77.86716270714102,93.40688376763005,96.86190840093921,92.22154079502295,94.24105102904201
2023-04-24,107.4664014117677,108.67322119846924,76.11370683972285,77.58495089231339,93.7584602289101,97.22648931419559,92.54434168630387,94.59446026178365
2023-04-25,107.51872599289183,108.72613337105452,74.05927897800255,75.49081185505678,93.50804977830732,96.9668164383799,91.65659021581777,93.68704258862228
2023-04-26,107.44534513428098,108.65192846445309,74.62495847645258,76.06742568626134,92.05453661907083,95.45953932120541,91.37397506327721,93.3981667121587
2023-04-27,112.10444701830535,113.41134168555814,75.39662989054209,76.85401316508705,93.56427307607674,97.02511937815132,93.52232277407785,95.60800487184031
2023-04-28,112.54527902893247,113.85731284114486,77.00626488972073,78.49476169187734,93.49224576586695,96.97231422062211,94.26604362675867,96.37554173562556
2023-05-01,112.63062258209388,113.9436513150028,77.21042572734714,78.70286886756298,93.42596797428753,96.90356936613456,94.34965917847072,96.46102844731655
2023-05-02,114.02504458860368,115.35432925722858,75.05401920320189,76.50477996575746,91.91603299149412,95.33742996703576,93.38373867137472,95.47349244216164
2023-05-03,114.35323206091408,115.6863426835384,74.95024582589787,76.39900069529024,91.79383473337994,95.27579266881602,93.39546030719683,95.50698150976356
2023-05-04,111.32204686382732,112.61982044251724,74.36127331384611,75.7986436069056,92.82643156420299,96.34755834730335,92.63825211515312,94.73265405788646
2023-05-05,114.40974599046906,115.78765117504562,75.1386326016345,76.59102890349543,93.74322324543421,97.29912611212315,94.13995272122573,96.2810880008199
2023-05-08,113.72078330630485,115.09039090009253,75.38761551850962,76.84482454925813,93.57947210648814,97.1291635039717,93.98692283444693,96.12457757597048
2023-05-09,114.53737944625662,115.91682179708535,74.64488237633566,76.08773470625516,93.53903455199053,97.1725617311111,93.91130610020575,96.07542868689846
2023-05-10,115.31350091669154,116.70229056384292,74.87967445291413,76.3270652090988,94.36703814109666,98.03272914957293,94.50470883037536,96.68250598198144
2023-05-11,114.95243212026607,116.33687319936254,74.1693297679408,75.6029898777485,93.10061173770687,96.7445937851711,93.69377273917435,95.86195234514827
2023-05-12,115.61716912791688,117.00961603345141,74.16681559508685,75.60042710705308,92.9131074076493,96.72436805762919,93.82039556710413,96.04911659809936
2023-05-15,116.8199077833337,118.22683999179974,76.31668432551521,77.79185184250106,92.40937296479328,96.19997061776809,94.8530734435722,97.10632593052235
2023-05-16,115.0916683570419,116.49348827791806,75.72057092960257,77.18421584015101,90.01974354573301,93.71231950051038,93.31958465133184,95.5409596813434
2023-05-17,117.12025547410944,118.56296359693197,77.26253061272128,78.75598091716414,90.53840002517055,94.25225107326995,94.68917377884888,96.94783943349174
2023-05-18,119.13324805523959,120.60075257844753,79.48068253865597,81.01700873187463,90.23876989301311,93.94617904535518,96.0496076063934,98.34265187947963
2023-05-19,118.15822547265064,119.61371949439457,79.84085491129112,81.38414307605403,90.0412248937488,93.74051802080439,95.8476110103031,98.13583290931211
2023-05-22,119.15637948287154,120.62416894311622,80.30801286789487,81.86033098788938,90.56516887652059,94.28598794768362,96.49535639045462,98.79904226554213
2023-05-23,117.4895517180821,118.93680889767323,79.23881626396717,80.77046728982198,90.1350504144019,93.88288359716668,95.44751293775823,97.74090900952143
2023-05-24,115.98147398625343,117.41015439631184,78.70102323315079,80.22227895924995,88.59283244393681,92.27653989916064,94.28430462396696,96.5497513307296
2023-05-25,122.42393211896541,123.93197187332666,83.33073091411268,84.9414768276388,88.44115581465795,92.1185565257057,97.92458559983844,100.27750033833097
2023-05-26,125.89711763852081,127.44794070940445,90.90682357244289,92.66401198270503,89.17154116577532,92.87931144385097,102.18404299330261,104.63930322570428
2023-05-30,127.3384563061626,128.95773416181814,90.2801248130347,92.08782661829443,89.19584019783815,92.90462083446195,102.35536280930349,104.85451009816133
2023-05-31,123.94412704044962,125.52024148440525,86.73107195387298,88.46771017483046,89.99962762227328,93.74182989861811,100.23763847209152,102.68507860178708
2023-06-01,124.76457010237048,126.35111757119962,87.85257219457648,89.61166649890689,90.5719547732254,94.44941917413473,101.11148144053203,103.61699254437963
2023-06-02,130.0503501867507,131.70411338041887,88.72132617670428,90.49781576205663,91.50632664581155,95.42379232175392,103.28527695972282,105.84465404133309
2023-06-05,129.35181395908523,130.99669433543613,87.0609626693178,88.80420637562528,91.86348131815407,95.79623709720941,102.5430443838193,105.08402917274363
2023-06-06,131.64232256676195,133.31632980685998,87.32313908383078,89.07163241489003,92.01458678268493,95.95381151850474,103.35443205477551,105.9155227781609
2023-06-07,134.6769022469364,136.38949820422067,87.99722317825385,89.7592138658676,92.96367229743143,96.94352821214167,104.810572129948,107.40774555210433
2023-06-08,134.6989454431887,136.41182170903483,88.55279784451547,90.3259129443876,93.35463668248003,97.42561460138305,105.16933044805023,107.79988809429281
2023-06-09,134.4299148795055,136.13937006387394,88.95213323067156,90.73324432412427,93.22799984981853,97.29345543187996,105.20897874440308,107.84052809734087
2023-06-12,135.46705444755938,137.18969824112327,91.72638252600318,93.56304311575751,93.7082197533546,97.79461660510532,106.77278047786496,109.44344456691107
2023-06-13,137.15011649466626,138.89416266094327,92.41435829620491,94.26479439905633,93.64598445886365,97.7296673746102,107.50835053843257,110.19741314194036
2023-06-14,136.2680654713987,138.0008951856237,93.79060672148891,95.71074275937933,93.90605724986821,98.16897858688806,107.89131093605539,110.66208923440432
2023-06-15,137.29619438951525,139.04209813053592,93.80500870179343,95.72543958542977,94.5976315224158,98.89194728498087,108.42336020587972,111.20780216775903
2023-06-16,136.1661980374143,137.89773237171363,93.30597684472039,95.23892834031349,94.8434968202019,99.14897378423427,107.98308964405481,110.76533350921208
2023-06-20,136.92849414437893,138.66972208767328,92.01010466334057,93.94601963802889,93.99285429892171,98.27830801059353,107.36186128528952,110.1465785958378
2023-06-21,138.6012454368031,140.36374463784955,90.40797802140425,92.36026182146348,94.09375443506937,98.38380852691039,107.22428411205101,110.02484407365387
2023-06-22,138.5215018750861,140.28298703067162,90.95140095405996,92.91541951261311,93.35135556651444,97.60756117050477,107.13108899773624,109.92921482319234
2023-06-23,137.4387334983212,139.18644981371375,89.21835341077362,91.14494827379086,92.16702358168868,96.36923146491523,105.72684633085365,108.48829514958675
2023-06-26,138.8349861535604,140.60045767873888,89.55182966515552,91.48562566576463,93.49841796771176,97.76132864644163,106.72985963527148,109.517505867441
2023-06-27,141.05802279839872,142.85176319156662,91.89132916836206,93.8756446815221,93.8315220644918,98.10962009122346,108.34641928314376,111.17628796765106
2023-06-28,140.65213069334854,142.44070962848906,91.90084439524563,93.88536538168032,92.9261956061881,97.16301672245726,107.89921247494799,110.71740069460574
2023-06-29,143.22091198316627,145.04215638936154,92.24696832853924,94.25215160115346,93.67303196580473,97.94390389022523,108.99520518175193,111.84712935631694
2023-06-30,144.29279475615647,146.13340971241715,93.41625266342433,95.44685280806941,94.70627682525222,99.02425789484138,110.12174954759124,113.00468792982018
2023-07-03,144.90948169820243,146.75796318176114,93.74848478275996,95.78630669631939,95.25499262210968,99.597991509977,110.62117452406788,113.51718762986091
2023-07-05,142.81047408194402,144.63218039063472,92.63400425943217,94.64760057790134,96.06614864264994,100.44613089063434,109.94423460308039,112.82252572308317
2023-07-06,141.18157409512904,142.98250197421726,91.65140155486236,93.6514968699751,95.06915724240163,99.40368326364872,108.7562218012632,111.60645579170212
2023-07-07,142.3837632005615,144.20002633773694,91.90105972617985,93.92189436807382,94.73328599961735,99.05249850927072,109.04285243974921,111.90652241923173
2023-07-10,145.16098589334177,147.0126755924175,93.74884942145862,95.8103155581175,95.000590432223,99.33199025953367,110.59124915976048,113.49558294346507
2023-07-11,145.26475490198084,147.117768290085,94.86751639650704,96.95358117199181,96.1658829021502,100.5504123740246,111.49246829122633,114.42046978091962
2023-07-12,146.1328084044937,147.99689477972973,95.40439202054928,97.5022622840522,97.13034253868719,101.55884500361499,112.2950648524621,115.24414403433441
2023-07-13,147.939708431031,149.82684382419572,97.38688456291248,99.52834833468224,97.47615968859154,101.92042913282508,113.6687256460732,116.6538797387594
2023-07-14,147.231344208573,149.1094436288429,95.63732796626547,97.74032031464802,97.17671180267992,101.6073283999635,112.69291008511877,115.65243742955973
2023-07-17,148.48149748853862,150.37554400324672,96.87538811925982,99.00560447195063,96.73491548969456,101.14538909139186,113.33331250310256,116.30965801708088
2023-07-18,150.6401783618184,152.56176125010543,97.33000344580626,99.47021644492702,96.2836044336899,100.6735012303258,113.908038274147,116.89947716563839
2023-07-19,149.61611622708864,151.53904121651684,97.00086016270626,99.133835550524,97.50690244588243,101.9525735569163,113.97462145078522,116.97166759997808
2023-07-20,148.4399637012019,150.41350612822973,94.98542356150459,97.0740810261734,98.33682658729114,102.82033676086583,113.20119399645813,116.1955091013856
2023-07-21,147.49284060143646,149.45379081559656,95.24894274215981,97.34339479386232,99.12988724396648,103.64955574851302,113.35346416849929,116.35180701253512
2023-07-24,147.6521524590785,149.6152207599206,95.4730859949393,97.6348372448704,99.57329158973883,104.11317640555217,113.65032177136581,116.68068238593641
2023-07-25,147.36583562194463,149.32509727657387,96.84726380794976,99.0401299063635,99.52798047722864,104.06579940540898,114.08755261093947,117.12957150412352
2023-07-26,145.7746953831643,147.7128024734142,96.30907100964605,98.48975106691204,99.56724617544329,104.10685536027039,113.47423322685992,116.49989863439872
2023-07-27,146.46365746342468,148.41092445820505,97.3412891286641,99.54534120523516,97.46731346140535,101.91117957607294,113.25759779654173,116.2774868590115
2023-07-28,148.7950372039953,150.77330041244215,96.94587557612853,99.140974493466,98.15590960665597,102.63117116014193,113.98267185004734,117.02189421329571
2023-07-31,150.09000623121008,152.08548634171737,97.6741400121657,99.88572867149146,98.8249781097235,103.35204089087703,114.85984649114862,117.93039358950683
2023-08-01,153.15133044913367,155.1875115479484,99.93892839536093,102.20179757073142,97.92273358317782,102.40846554196486,116.20034800228537,119.30673071379394
2023-08-02,159.8377016619556,161.9627795574438,97.27561860798306,99.47818373848249,97.6531503242392,102.12653297254516,116.83810537683705,119.96153724969929
2023-08-03,160.51391860027292,162.64798695078665,97.80941393071187,100.02406553243081,95.70647836282987,100.09068612486541,116.48399031551824,119.5979556340777
2023-08-04,159.1436644854053,161.30601303354655,98.31043746553513,100.53643350261365,95.3992512177676,99.76938524459597,116.1984569827184,119.31724349757148
2023-08-07,160.27743246264208,162.45518596923662,99.45490291415369,101.70681253293193,95.7022343814686,100.08624773141894,117.05464187802494,120.19640854231409
2023-08-08,162.72483783446324,164.93584521559677,99.04509875463782,101.28772937457751,95.67908528782449,100.06203820343669,117.53471814342404,120.68937013701539
2023-08-09,161.74070800642025,163.93834362241483,95.70917882903834,97.87627581566468,96.03430384068098,100.53175728344222,116.12249433911192,119.27584480661659
2023-08-10,160.73870286681816,162.92272383867436,95.19959078385743,97.35514941302796,96.23690907263607,100.81024426346528,115.73793203618372,118.90556313142274
2023-08-11,161.4261826619473,163.61954469643194,93.80368642780991,95.92763826481463,96.34502689309788,100.95060003230026,115.42219976896634,118.59127653926006
2023-08-14,162.70060914071462,164.9112873169067,95.99908445173587,98.1727456321944,95.94188111009666,100.61653922109396,116.45299630829265,119.68325635407363
2023-08-15,162.23700941602854,164.45928619555497,94.61226924239604,96.754529431874,94.8388103637415,99.45972261785346,115.37683026065169,118.58203597199913
2023-08-16,160.0527023395303,162.26423171843052,92.46889519313208,94.562623993038,94.87248281178688,99.50021031606234,113.98536371815385,117.15897717387138
2023-08-17,156.3375780472989,158.49777366926506,92.11060254410158,94.1962186955704,94.73393433260357,99.3549036643427,112.8125041176565,115.95346247724248
2023-08-18,158.30585504969878,160.49324735346408,91.93723080984613,94.01892138837127,94.85769686817633,99.58287290074766,113.31288964730477,116.5042928780621
2023-08-21,160.06275938485038,162.27442772704745,93.83934231725584,95.96410149344702,94.74380145460144,99.46330397942155,114.46785915570405,117.69179154913657
2023-08-22,161.33152613853468,163.5607256745806,94.25837702635194,96.39262420428426,95.13682395303715,99.92015504936491,115.11405372398735,118.37263333590835
2023-08-23,164.35537762000203,166.6263592458905,96.43856356874923,98.6221756638621,96.03465867524011,100.86313150079141,117.09516696083567,120.40982673841549
2023-08-24,162.27782731163475,164.52010237102397,93.35743434579142,95.47128191114685,95.86422747643462,100.68413128718012,115.2927056500922,118.55634243361997
2023-08-25,165.46682349283117,167.75316253015282,92.72405385678425,94.82356009181056,96.1462453901727,100.98032862167719,115.99838162689896,119.28199426286399
2023-08-28,167.79569170415914,170.11420989493246,94.0644899617123,96.1943470479244,96.57728492187253,101.43304014861563,117.29467908183408,120.61498652891022
2023-08-29,169.38331826224157,171.72377349453058,95.54263674448606,97.70596279864806,97.63201649196037,102.54080197668192,118.68485930052132,122.04451913569399
2023-08-30,170.272331104709,172.67351065515214,96.43336344887732,98.67699918231978,97.82643340552087,102.74499386936876,119.33725892688763,122.75170338450572
2023-08-31,171.12844285531722,173.5416952893294,98.60693300220866,100.90113939029351,96.94413694287074,101.94150675172362,120.0672128340616,123.54832279612282
2023-09-01,173.06002932503333,175.5005209816538,100.88203900768868,103.22917841551592,96.93995525376052,101.93710950087271,121.45388482808471,124.97519858582473
2023-09-05,168.2293219966359,170.60169104298922,100.30802175146277,102.64180597202265,95.64333663817268,100.57365153916791,119.46340806633363,122.92701191042588
2023-09-06,168.10287963260689,170.47346558938338,100.22982439993037,102.56178926704364,95.73075996521057,100.66558144812922,119.4329964707744,122.89571859115736
2023-09-07,169.90740259882955,172.30343592933193,98.14413250070385,100.42757129025749,96.78441891148059,101.85038530359937,119.50529309330491,122.99864382381841
2023-09-08,169.6680157092857,172.06067320708473,98.50686169165161,100.79873980288052,97.06477838003622,102.14541956858804,119.68834229771788,123.18704387969079
2023-09-11,169.47561071787953,171.8655549214647,98.26384757417027,100.5500716758509,97.45526265194401,102.55634287624544,119.69192882844212,123.19073525104092
2023-09-12,165.92738584008725,168.2672929944252,97.07158583591162,99.3300705645796,97.52993860947058,102.63492758164055,118.32239142851117,121.78116385468456
2023-09-13,162.51168986479124,164.8034288917934,97.05775311530812,99.35344499630847,97.895869529783,103.02001234680723,117.5530210019178,121.00386521800962
2023-09-14,165.10003709270262,167.42827697919725,97.99513764094193,100.3130013317751,99.3686738939088,104.73920067984146,119.1577890714819,122.71858788226923
2023-09-15,162.50946970136218,164.80117741963093,95.949974881673,98.21946465706841,98.88212316193588,104.22635359473853,117.4993861931737,121.0106268588922
2023-09-18,163.02990193985823,165.32894879091717,96.08422729437093,98.3806252058821,98.9140237282273,104.25997827426445,117.69225270608588,121.21900337705135
2023-09-19,161.65374384120378,163.93338411772868,96.10571347316125,98.4026249009642,98.02834326707232,103.34543294801759,117.01854362540524,120.53246102022335
2023-09-20,160.1485187876941,162.4069323881416,95.10792982732588,97.4332485173387,98.10384706444877,103.42503209627444,116.27838333110277,119.7915322996538
2023-09-21,155.31097098787453,157.50116551376155,93.10385100012277,95.38017144191787,96.6818161351123,101.9258697401652,113.73117025391001,117.16735961278587
2023-09-22,155.66853683653108,157.863773754204,94.41831176897779,96.72676980643557,96.63429032262103,101.87576611192438,114.3350812380501,117.78951671619808
2023-09-25,156.7096450675894,158.9195636882613,94.6701208099492,97.0263977283155,96.98464768066053,102.24512696865608,114.82756060356093,118.31397760163077
2023-09-26,153.4381452247815,155.60192917124726,93.10561046126128,95.42294774807732,94.1121646610672,99.216839522372,112.26269855310237,115.67124070472053
2023-09-27,156.46305490649587,158.6694961139655,93.82714861063339,96.16244450648615,93.53505500115435,98.60842724410175,113.05767376160728,116.4903531069915
2023-09-28,158.1269658430226,160.35687151408783,95.2154394171889,97.59946437901701,92.84696461751408,97.88301461103364,113.75284180456823,117.21244523838888
2023-09-29,156.17085543941855,158.38008806736664,95.83933601475859,98.2389822358206,93.03123183521116,98.07727654341325,113.60905835541463,117.0659815167896
2023-10-02,153.56430461272316,155.73666430995357,96.07823354762948,98.48386133728131,89.810590654107,94.68194672207142,111.8026981998492,115.20465700934984
2023-10-03,150.776993481855,152.90992316714602,94.27260112269609,96.63301909344379,89.87971885915569,94.75482446376915,110.42125538706198,113.78117932958308
2023-10-04,153.2122406242865,155.37961993482315,95.0885671832169,97.46941549034905,90.39897479542016,95.30224501333286,111.54692312001819,114.94109914520241
2023-10-05,152.18607619529234,154.3389391229111,95.09014157476692,97.48163700541575,90.4028789418312,95.30636092193333,111.30179594945211,114.6928659857206
2023-10-06,156.30701266370986,158.51817140637112,96.58784357427426,99.03270712993445,91.45409966848698,96.41460020762838,113.32272182333035,116.78180654993683
2023-10-09,156.08124306046636,158.28920800891754,96.70926822876135,99.15720532557877,92.65210520549788,97.67758596022041,113.79239510100115,117.26581622577338
2023-10-10,157.25119290020274,159.47570825655004,97.53237610910959,100.00114798579756,93.65124897197194,98.73092361423194,114.80610831643637,118.31047221988752
2023-10-11,159.132722261181,161.38385421025308,98.80987221772212,101.31098049993345,95.2906614002963,100.45925831355407,116.4304049030501,119.98434915035315
2023-10-12,157.44013050058638,159.66731861626664,97.89242045952965,100.37030589832015,94.05755280677,99.15926550307981,115.15954702283885,118.67469935787227
2023-10-13,149.8406289214858,151.97338442074474,95.81477736307605,98.2400728102049,94.12573616302328,99.23114714707175,112.50690846525714,115.9442924796259
2023-10-16,153.10547299968104,155.28469863332285,97.42233728130084,99.8883238186556,95.3754301439608,100.54862494184236,114.44496461914873,117.94156138172302
2023-10-17,155.19810236702813,157.40711342551262,96.92471878104483,99.37810943375328,95.23326577782056,100.39874953357891,114.68987347246508,118.19395284911926
2023-10-18,147.74713955902232,149.85009739270438,95.2467305140157,97.65764737075695,94.0777762611166,99.18058588426241,111.75148449052257,115.16578830181538
2023-10-19,145.09820948094548,147.21694289909044,93.2538536737621,95.61432617045395,92.82344417327518,97.8582184101392,109.80274776645496,113.17060891457778
2023-10-20,141.890172264741,143.97938784402245,91.21932621424241,93.52830007658548,91.88694013836924,96.87091808740256,107.82814808871359,111.1396863867468
2023-10-23,142.56295916737687,144.66208097804903,90.87480671634138,93.22751642872348,91.39494433899308,96.35223627354583,107.6547891487304,110.982528671998
2023-10-24,144.23719434630254,146.3609678869949,92.30487402670995,94.69460756749992,92.91237574369444,97.95197365827889,109.24308899201206,112.619924781271
2023-10-25,141.90452961114858,143.99395659049605,90.36719332416288,92.70676114385692,92.36476282712135,97.37465803643892,107.67303249093389,111.00133593793741
2023-10-26,142.33682265469213,144.43261479201334,87.74814271339598,90.01990443773946,93.51036966886231,98.58240297124186,107.16189801170938,110.47440167477696
2023-10-27,143.718961024455,145.8351040075659,88.82207289723134,91.12163821274852,92.19738134864181,97.19819773134307,107.4133176355893,110.73359298281441
2023-10-30,145.87391553765423,148.0217884458879,89.19642843361837,91.50568565317549,92.78164280016217,97.81414971675719,108.3169161872538,111.66512285678533
2023-10-31,147.44525858470226,149.6162682213075,91.36655941983875,93.7320003984916,94.09884340792149,99.2240487138951,110.10319959915002,113.51485431220335
2023-11-01,147.65093543191583,149.8249734901985,93.60373447983413,96.02709495985528,95.34148756725536,100.53437496376483,111.55817926283339,115.01491793570874
2023-11-02,149.32331941877433,151.52198194980318,94.88836031849107,97.34497920968903,97.77655264186821,103.10206875079123,113.45013198765952,116.96549465560518
2023-11-03,150.21482250018687,152.47507190690854,97.1899962583531,99.70620351541118,98.70184114241707,104.07775418886686,114.9710134016788,118.54536864780512
2023-11-06,148.69089307395635,150.92821224966488,97.31597328359997,99.83544203173071,98.79161604530476,104.17241878850278,114.6907132225556,118.25635416421423
2023-11-07,147.28185044992085,149.49796807106895,97.3952293553094,99.91675000909379,97.75722184769278,103.08168508194393,113.97375572266745,117.51710703909663
2023-11-08,148.4633300435046,150.69722512832777,97.8677797346957,100.40153451482759,97.68901299109483,103.00976114893176,114.42438100513678,117.98174189489035
2023-11-09,148.15012290283215,150.37930522867384,98.00429954151639,100.54158876080743,97.01257491916176,102.4112712486788,114.13668976901718,117.72956648807772
2023-11-10,151.65296449917457,153.9348533123535,100.07874818287415,102.66974398645091,97.59437191198309,103.02544492351569,116.05813926398606,119.71150075066423
2023-11-13,152.63424239668555,154.9308962826367,99.7768565449482,102.36003650369074,96.82513003732025,102.27898781436889,115.86671531775136,119.53943690824804
2023-11-14,158.3338278830229,160.7311548862251,103.4794972509476,106.15853698717123,100.14058139117151,105.93208175341499,120.06500525137145,123.93283079196458
2023-11-15,157.5994291464979,160.00786302882068,103.6298548000443,106.3127872286309,99.54226173940307,105.29915906228113,119.71239312350856,123.57430634921825
2023-11-16,155.65393466308856,158.03263750604725,102.22405380681623,104.93453995022784,99.9030095940514,105.70627513012906,118.81255503167866,122.68156357354623
2023-11-17,157.9078907869442,160.3210385788939,103.33262789100688,106.0725080427976,99.75410646944867,105.65263512752104,119.74931862463171,123.68899805697815
2023-11-20,158.9877016234517,161.41735108053578,104.3817097640074,107.14940647926024,100.08279645482816,106.00616781935979,120.56798756581388,124.53668935208495
2023-11-21,158.0802200961553,160.49600142395897,102.82966718187562,105.55621125490589,100.14716523019402,106.07434624208042,119.74123247942578,123.68272020619067
2023-11-22,160.03708546837862,162.48277160542642,103.52843849804138,106.2735105974935,100.65159903523684,106.60863481599394,120.69789581987226,124.67087375879663
2023-11-24,159.99786141721972,162.44294813246552,103.69605361388892,106.44557005331791,100.91335088006647,106.88587836806197,120.86054028196949,124.83887194189627
2023-11-27,160.28859684733007,162.7381265803232,103.5001628972698,106.24448526491973,101.32271850425907,107.31947429670451,121.01279600774934,124.99613942563171
2023-11-28,155.66991134650013,158.04885834507454,102.73195511088832,105.45590833367746,101.37138971945436,107.37102610369556,119.605343484292,123.54235819206889
2023-11-29,157.2179377743192,159.68474731139125,103.95015656991909,106.7064105874001,100.65020715792295,106.61441432480295,120.19004469254767,124.1648507383613
2023-11-30,159.31718696899424,161.8169345283265,103.76018718417556,106.51140413485523,101.01891517498328,107.14599645455846,120.76448303466228,124.8127646466944
2023-12-01,162.65522204542083,165.20734465099895,103.08681176960684,105.82017407001064,101.99297221138991,108.17913278935855,121.67993101317846,125.75890038310988
2023-12-04,162.97791772414826,165.53510354826955,101.92010861194717,104.62253560285633,101.78230206405817,107.95568490516786,121.19801478733689,125.2608293032368
2023-12-05,161.88317360928488,164.42318247980006,100.78619684812995,103.45855799827831,101.39964568174936,107.54981933720809,120.31974380895745,124.35311681885486
2023-12-06,161.46702043905168,164.00049970725973,100.09462011394855,102.7486440030972,101.08721221870121,107.21843590603525,119.81339472529709,123.82979383994696
2023-12-07,163.03796678337815,165.5960948001913,101.57966103231955,104.27306100451075,100.55191640283057,106.72279471921516,120.58617119000918,124.65631160133269
2023-12-08,167.04029428784943,169.67082876880565,103.3589281099091,106.099505615955,100.6001712208347,106.77401093885872,122.2961777897734,126.4263928976557
2023-12-11,169.46395401848915,172.1326560596663,106.0300308643967,108.84143306124727,101.21439155277615,107.42592601659373,124.21392817278446,128.40890999495178
2023-12-12,171.6207315110184,174.3233982766115,106.80974791665777,109.68723511296099,101.01954773317757,107.21912461782158,124.9748355971648,129.21418250005172
2023-12-13,172.6511032821867,175.36999624328442,108.64506035088985,111.57199142412124,103.62219729490974,109.98149896969397,127.00322413601735,131.31137723199865
2023-12-14,176.2137405821152,178.98873761259662,111.77153110909762,114.78269025843474,101.92987345123652,108.33351985257369,128.46775487315887,132.88277108260968
2023-12-15,175.5560565769004,178.3206964629535,111.90921406358093,114.92408243371861,100.70847413347178,107.03538729575963,127.881660911807,132.27653499032243
2023-12-18,174.90995563926973,177.66442078992822,112.77980209622008,115.84283867381514,100.71431231749436,107.04159225808617,128.05886538587478,132.46931137760083
2023-12-19,177.79236960117984,180.5922267295496,112.81193055879176,115.92963969929042,101.20967202947632,107.58603275475237,128.98066239574626,133.45089304059843
2023-12-20,174.417400625124,177.16410906681597,110.00830957382034,113.08103300013119,99.24108469875229,105.49342147761887,126.26000245155463,130.64840270626604
2023-12-21,176.3570969913704,179.1343515847903,113.32374467861447,116.48907397401267,99.77318426100916,106.05904410820189,128.2190876236854,132.67557951233826
2023-12-22,177.74412037064357,180.54321767477362,113.5785393965718,116.75098555161269,99.75278980938089,106.03736477561542,128.64429551606628,133.11556629262503
2023-12-26,179.23738683910648,182.05999995989197,114.72231760089382,117.92671147058044,100.35556290203232,106.67811347471992,129.69769258477132,134.2055761276445
2023-12-27,179.08143399429167,181.9015911846836,114.58472660332968,117.78527731713925,100.29203899145344,106.61058746275677,129.58052764684936,134.08433890528218
2023-12-28,179.51941650768003,182.34647100454785,114.40934254801616,117.61802814826787,100.8408266294455,107.19394954280799,129.85235717975385,134.3706139813593
2023-12-29,178.5279974496557,181.34676330927303,113.39938437318274,116.59596905945261,100.55143505699972,106.88632586843195,129.10443429293,133.60469905726123
2024-01-02,175.24381577052463,178.01072791909294,110.74079769848683,113.86244020144213,101.16226235874583,107.53563620385142,127.55286116680868,131.99904188741974
2024-01-03,170.22061898767242,172.9082202393511,109.34839874855885,112.43079129275009,100.8139728039176,107.1654038861044,125.6553668380358,130.03540554799432
2024-01-04,170.35784171314074,173.04760956467624,109.51298788079983,112.61183815374969,100.58563195573906,106.92267722294291,125.65472910341288,130.03927642779715
2024-01-05,170.14597301771954,172.83239568948542,110.20084744830316,113.31916184007362,100.80736813549059,107.15838311368736,125.95915160848669,130.3543213335528
2024-01-08,173.6662791508917,176.40828368592466,114.3004366896877,117.53475570780873,101.82777051883431,108.24307237347938,128.80740565515126,133.301961250917
2024-01-09,173.73596643277514,176.47907125534746,113.21487304565866,116.41847425341125,101.4759961403084,107.8691356829292,128.26192896109842,132.7374509049158
2024-01-10,175.26891319804068,178.03622160810778,113.77616440149284,116.99564827215956,101.49642574521971,107.89085238350812,128.85659593640696,133.35286795874578
2024-01-11,176.2874703251903,179.07086066132553,114.92875062163776,118.18084881679704,100.06064563667015,106.36461598050855,128.9352172677224,133.43423267226675
2024-01-12,175.63191497288062,178.41949297381345,114.32614967154248,117.56119628081393,101.24050531058346,107.6188085786891,129.04590732603327,133.55238155227968
2024-01-16,175.24749983804173,178.02897651523014,115.01475074923434,118.26928245957784,100.54692766047724,106.8815344991865,128.92128781614286,133.42341014451785
2024-01-17,173.14291156424224,175.89098483650866,113.43215962965326,116.6419093189983,99.2824188303434,105.53735972132702,127.27221120608898,131.71674533663344
2024-01-18,176.24785947500806,179.10412752551488,115.89450946244115,119.1739353938383,98.40029359886844,104.59965928080373,128.59068254675512,133.095832950893
2024-01-19,176.5463378248473,179.40744300743026,121.5205713845037,124.95919599963865,98.96266609601726,105.19746208645854,131.04421147058954,135.63532079961888
2024-01-22,178.67415910834447,181.58726886639758,122.34211126435915,125.86135197993046,99.20127862644726,105.45110756321753,131.97480348978422,136.62484478532704
2024-01-23,176.07209982887284,178.94278552115233,122.6700393665121,126.19871312126305,99.36362588428264,105.62368294113236,131.53661876944818,136.1712209281955
2024-01-24,173.63530197537028,176.46625802996255,124.19828014705838,127.77091462083332,98.08086587812701,104.26010713586196,130.98409594125943,135.59923033873815
2024-01-25,176.18652276184525,179.0590740096379,124.13107170525304,127.7017728898082,100.13240778210123,106.44089924844222,132.44632732328054,137.1129824363068
2024-01-26,176.11925872688752,178.99071329949456,122.97225744080644,126.50962467109943,100.35769961195061,106.68038480055915,132.08395209713424,136.73783916867453
2024-01-29,179.53069908003638,182.45777389583566,124.76654449422723,128.3555254165561,101.11066019954043,107.48078303143065,133.91446094156663,138.6328447313697
2024-01-30,183.12395290005512,186.10961225218853,125.08645525563112,128.68463859375328,101.3813489700009,107.76852559932102,135.02338042954287,139.78083623367115
2024-01-31,182.50169484890696,185.47720888394545,122.83688234203403,126.37035543028097,100.62356412944493,106.98422982908903,133.69465572289783,138.4140464591709
2024-02-01,189.84166473048523,192.93684989196163,125.00343809756929,128.59923339971817,103.13784865867679,109.65744853544521,137.3663830726843,142.21538494372567
2024-02-02,193.2783518192266,196.42956884755802,126.65196772262523,130.2951839211226,102.25091793731845,108.71445271774375,138.45337943118275,143.34075202480028
2024-02-05,191.19137150312642,194.30856233117214,128.0185446697309,131.70107123473667,100.72160004234053,107.08846283581529,137.81985610368076,142.68486546888903
2024-02-06,190.72310828865199,193.83266453682208,126.87027458728689,130.51977050744892,101.33957691361356,107.74550356178564,137.53034274308214,142.3851323529483
2024-02-07,194.14823231150106,197.3136319018942,128.62841885153063,132.32848879575218,101.5179371334265,107.9351383746043,139.10719398018028,144.01764607767996
2024-02-08,196.99321568420493,200.20499998330962,131.02657196756056,134.79562615605326,100.70121376376032,107.24780693314136,140.3657724250665,145.3952610695291
2024-02-09,200.2788637777584,203.54421739864205,132.72090979913986,136.53870258320856,101.08282081219397,107.65422228331529,141.9704816904933,147.0574691602656
2024-02-12,200.47348219536514,203.7420088817567,133.18963388832233,137.02090978856396,101.19201797472361,107.77051836125632,142.2424989452689,147.33923314795445
2024-02-13,197.34740903230085,200.57807084599975,129.76832382243202,133.50118378428544,100.13476782502835,106.64453630308019,139.732735548924,144.74278429493467
2024-02-14,203.4521179133537,206.78271643239106,132.94696343726255,136.77125878335966,100.55304288037304,107.09000344993895,142.60285267200072,147.71580806073104
2024-02-15,204.7937187388905,208.146279839436,134.38015083709934,138.2456726374273,102.75762717612892,109.43790792975713,144.4076660706352,149.58533215918177
2024-02-16,203.847618991707,207.18469203319887,129.71157417296106,133.44280169873056,101.35155175257731,108.04602182249837,141.8044841927071,146.93228784051874
2024-02-20,200.90717821902945,204.19611498264305,128.1572423750919,131.8437586588202,101.14432342429248,107.82510565404382,140.4107350374531,145.48813920711612
2024-02-21,199.9706112027014,203.2442159621582,126.92327894498862,130.57429956577744,102.38230330642318,109.14485655126782,140.23730105176398,145.30843366076704
2024-02-22,208.307856183931,211.7179452231885,136.49284147643044,140.41913602982356,102.87451345244573,109.66957814910023,146.11516048529458,151.3988428540332
2024-02-23,212.73644967016136,216.21903668613172,134.11682676861463,137.97477390169493,103.78132263495493,110.63628386823333,146.6692617038221,151.9729809724218
2024-02-26,217.1337367661525,220.6883092597866,136.03692698071484,139.95010689320824,102.74327299911637,109.52966900474856,148.02898288050628,153.38187113871516
2024-02-27,221.22541538663893,224.8469704159848,135.53694857490473,139.43574632295412,105.91827523769977,112.97117173254051,150.17594176417285,155.6298281634416
2024-02-28,224.6581072899213,228.40353181056557,134.66154078420124,138.6014067300981,108.21458758881249,115.42039115559976,151.6479598942738,157.1974802092549
2024-02-29,228.81542133233765,232.63015519659882,137.7152023488234,141.74441093211092,108.80298628360329,116.19615297118224,154.0696285960933,159.76872732841125
2024-03-01,235.3855613628379,239.3098303953205,148.24793734071952,152.58530788079193,108.9854180688951,116.50231921647841,159.75417276096903,165.70930543275114
2024-03-04,238.44134901806777,242.4165631161518,152.28684880240993,156.7423879720238,110.99530030863997,118.65082629596922,162.8853436885076,168.9571965558831
2024-03-05,233.87045857574572,237.76946832335972,150.0320236367774,154.42159216004123,110.64977647420125,118.28147112194736,160.7703398312512,166.76335201263012
2024-03-06,236.46507667821518,240.40734302751576,152.2031823241492,156.65627361809945,111.97912704746378,119.7025091615403,162.7900382876374,168.85833846967952
2024-03-07,237.74492561854578,241.73078139299665,154.6884400296551,159.2142438601149,112.8587236780383,120.75156242478808,164.4197684771113,170.59901486356088
2024-03-08,234.81321227635965,238.80256464457176,149.28780213883275,153.65559656892285,111.56909728201836,119.37738567272608,161.10489573591957,167.1749225637007
2024-03-11,228.4302260839717,232.31113489044375,146.08632806318985,150.36045522485392,110.6857000922232,118.43216293993109,157.96163769187618,163.91323447091904
2024-03-12,234.61180068617585,238.59773117792497,148.39494951470436,152.73662126991624,110.76615229833502,118.51824568390951,160.3760296487969,166.41859463761602
2024-03-13,234.65393875361912,238.64058514886239,145.90130656348532,150.1700204504928,110.31087066996639,118.03110066021102,159.2437017921998,165.24360351845328
2024-03-14,234.45404545823817,238.43729577204468,142.83891136449796,147.06959776921576,109.5160288803685,117.3265112472057,157.6922360665153,163.71336966069518
2024-03-15,235.47572800771025,239.47633616803137,141.17338856984813,145.35474454648607,109.31443900716933,117.1105443538931,157.22057328934633,163.22369747061168
2024-03-18,237.80412705215886,241.8537338834425,140.8714112631797,145.0729517732231,110.54399256216158,118.4277874138695,158.21613964377133,164.2703253536083
2024-03-19,239.6850613764203,243.76669895747747,139.05289279227662,143.2001953348343,110.80306929724587,118.72364071723179,158.08388389876387,164.14151125703987
2024-03-20,243.06361379288703,247.20278531633275,141.47103913427702,145.79820641652387,110.7493976842181,118.66613247903733,159.7077470874908,165.86792584209041
2024-03-21,250.65604058323842,254.9245048308154,147.8483648422421,152.3705950527081,110.87129499984995,118.79674341966613,163.82334905016626,170.14227303932844
2024-03-22,250.6906926158949,254.9597469588159,147.72657822170208,152.2450833511689,110.90494902178412,118.83280314286823,163.80198528316993,170.1200852382701
2024-03-25,249.5636423276788,253.8135039399986,149.45724205967653,154.02868291352962,111.33845350464249,119.29729596602385,164.4014428214831,170.74266479576607
2024-03-26,250.41327846282937,254.67760867306487,149.82539332055273,154.40809479778665,110.54432070055081,118.446395911425,164.34648366749096,170.6855857808469
2024-03-27,250.78492519815137,255.0555842437054,150.24927862983705,154.86198538760522,112.95637972320816,121.0308769245502,165.74292704901407,172.14226680362063
2024-03-28,250.85703639129912,255.1289234305974,149.94106899889934,154.56139760162887,113.86502861482275,122.00447905696733,166.08018019308938,172.49893194765878
2024-04-01,250.50739409313837,254.77332701441236,153.13270532304492,157.85138195474622,113.61526762578148,121.7368643228613,167.06743576052688,173.52434347325052
2024-04-02,249.4367884819305,253.68448987858588,151.12030273134306,155.7769685923014,113.62508319615996,121.74738154281233,166.08681949139364,172.50582784495992
2024-04-03,254.9370723114513,259.2784389747534,154.95358690677128,159.72837272403225,114.1553754483863,122.31558084656588,168.98818221106896,175.51932391508024
2024-04-04,249.87258068304163,254.12770325903702,151.1897795028458,155.84858624166196,112.73346336870279,120.79202576861975,165.78214474732448,172.18937787554003
2024-04-05,257.29229615702945,261.6737703268432,153.44776021007007,158.17614503656867,114.19056055256691,122.35328109885882,168.97022482726604,175.50067250512282
2024-04-08,256.09490612101104,260.46418089036337,152.38042516079432,157.07592080829886,114.63205461384945,122.82633462204134,168.5191755404114,175.034052589381
2024-04-09,248.08670286533953,252.3193484413868,151.4633889692383,156.13062679135936,114.53165234553951,122.71875526611171,166.34833143450055,172.77928460716862
2024-04-10,247.20623488762442,251.42385866343943,149.69695004185164,154.3097562905841,113.03209884898916,121.11200870493917,164.77772669196742,171.1479609775574
2024-04-11,249.845917201039,254.10857700473056,152.8548352612022,157.57821461871114,113.49119626960864,121.60392393405267,166.75758582304877,173.20932238114233
2024-04-12,246.85512063959087,251.0667540009602,147.0045352136807,151.54713398657498,112.3132156338911,120.34173732989278,163.35545380568158,169.67556421073644
2024-04-15,242.68690143517924,246.8451057939063,144.47717193529385,148.94167245557048,110.25382020049142,118.1351294707391,160.5022669391795,166.71600927128648
2024-04-16,242.0878298903535,246.23576973997788,146.70944076289047,151.24292079881448,109.29095248923261,117.1034327773646,160.73599732752143,166.95878838171836
2024-04-17,238.28432789211013,242.3670984289533,143.66437828413856,148.1037626034967,110.38985345121841,118.28088683005542,159.2859300154247,165.45258264358313
2024-04-18,236.5596236136812,240.6128430177452,141.10997078731344,145.47042115852037,110.4445069726803,118.33944716676022,157.98003033053382,164.0961258898842
2024-04-19,233.18730230309396,237.198907820092,134.15008907176735,138.2954715874515,111.52445734405703,119.49659597768182,155.16356798199794,161.17430056059652
2024-04-22,235.68135166221066,239.7358632125556,135.87140354721797,140.131204492523,112.32453339712137,120.3538641244301,156.74119671137174,162.83594557072715
2024-04-23,242.73897502236187,246.9149014204659,139.42403152354845,143.79521343362458,113.52548622660191,121.64066505106415,160.2064946611398,166.43598870025525
2024-04-24,245.84407396558177,250.0734185040752,140.36766871162547,144.7684352618897,114.30192132474899,122.47260230891547,161.62009120958118,167.90455175483518
2024-04-25,249.59690950082663,253.95659079568583,143.56412520934967,148.06510613920483,114.59304742694759,122.7845390718594,163.78148156955615,170.1649367566512
2024-04-26,254.65219889238531,259.1001803614917,146.77297398168875,151.3745578101443,114.14763073524604,122.3072825156067,165.88423410272287,172.34964499345662
2024-04-29,256.77110534392415,261.2560975149691,147.4541263139518,152.07706543331565,115.39631959128353,123.64523179852868,167.20731074088968,173.72428912477278
2024-04-30,249.7867167628748,254.14971339994568,144.90543882247417,149.44847222877374,113.80714616968227,121.96334349198648,163.9448795425302,170.34441179558888
2024-05-01,247.28781237460834,251.60716092829168,140.22791066326496,144.62429555961987,114.40912879893388,122.67873136712733,161.9409211261485,168.29488892515334
2024-05-02,250.2687946509753,254.6402116885857,143.54445784059578,148.04482216479428,115.28744582257545,123.62053399537619,164.25661779139287,170.7014450343289
2024-05-03,259.24587699474154,263.83252847733166,146.54029331227846,151.13458220368597,116.80743443795109,125.25038885909487,168.09536127893622,174.70408962015992
2024-05-06,268.8156494980582,273.57161210624537,150.63948955175331,155.36229525803157,117.42218213914207,125.90957111915303,172.04162055807046,178.8054974729455
2024-05-07,272.32904112185395,277.1471636497552,148.95770160627913,153.6277803833221,118.21192097068611,126.75639303784317,172.57784453981705,179.36280328942237
2024-05-08,275.40167575430615,280.27416020439404,151.35927279066377,156.10464493286213,119.0515772065856,127.65674043919151,174.55574414410816,181.4184647133825
2024-05-09,278.99667097117884,283.93275909486226,151.0053874761177,155.7396647082903,122.4557618494998,131.4336114925691,176.85647963791902,183.86849560503902
2024-05-10,278.3862377558669,283.33392421631817,153.00416086392514,157.80110306123788,121.6680396285656,130.68813529536715,177.08496962076597,184.15757384822436
2024-05-13,272.8568261861173,277.70623984767434,152.73341474110515,157.52186858428436,121.52238210565633,130.5316791700045,175.6840208288154,182.70067250214325
2024-05-14,275.27060774116603,280.1753184298419,155.66165082859266,160.54190988263966,122.33914511054842,131.40899448151484,177.69982280319456,184.79980292855694
2024-05-15,283.6308026730667,288.68447346241726,163.13002468852716,168.2444300397189,124.42194706049345,133.646208986317,183.33140463810176,190.6563940992724
2024-05-16,272.7654938420761,277.62556896643207,161.87551969604067,166.9505941695542,123.35173925537782,132.50256862188323,179.93447612230867,187.12648449419086
2024-05-17,271.60798325611387,276.44743411335384,160.84724212590365,165.89007833845167,123.53029114061097,132.81797974646727,179.38074322389872,186.60799318462202
2024-05-20,275.563667736491,280.4736001032214,162.575019253325,167.67202423463905,123.42361866691003,132.70328704785305,180.851360886803,188.13786203165813
2024-05-21,278.80187614260575,283.7695061891282,162.30405779796303,167.39256767409998,124.76273146128179,134.20197276170327,182.11345004282543,189.4781176191475
2024-05-22,277.7009223389733,282.6489358345944,162.06434684072627,167.14534136826464,123.32240045672233,132.6526698570798,181.08892370597212,188.4121594391638
2024-05-23,278.6410350120065,283.6057992269064,162.1409194111992,167.2243146198196,121.78245354689594,130.99621435288842,180.5883063312645,187.891297098767
2024-05-24,287.3068886637179,292.42605913862803,165.26197357947643,170.4432191756639,123.7602497175858,133.1236457157509,184.62374697428305,192.08993095377963
2024-05-28,282.14944783896897,287.17672417615427,166.83078031929153,172.06121069063252,124.16748116296462,133.56168729034883,184.25353061904747,191.70474304983645
2024-05-29,279.10549449683816,284.0785343479144,166.49859462681064,171.71861040840056,122.148118456536,131.4134250037882,182.4846508157673,189.87540352876246
2024-05-30,280.8104000002798,285.81381747980873,164.5107453475898,169.6684386535323,123.77317658272261,133.1617487347707,182.90522942967345,190.3130158631369
2024-05-31,276.1322651590044,281.12627449454607,156.75885303727605,161.73609953264466,124.30081158664068,133.88461064718982,179.23934819248623,186.6108902601289
2024-06-03,269.94337209458024,274.8254517730693,155.7118159445272,160.65581799086192,122.1900101693559,131.61106293419095,176.46133237364288,183.7186235210513
2024-06-04,259.8335994827408,264.5328381637294,155.002506938374,159.92398773186335,121.5952529900693,130.9704489883769,173.66288110966724,180.8050808922349
2024-06-05,268.7538084610103,273.6143742034592,161.2039345721802,166.32231674226549,122.13272206028782,131.5493578167473,178.2079241681134,185.5370470590412
2024-06-06,258.2431234688464,262.9135974849859,158.5308966773721,163.56440728686516,120.9325130343777,130.25661068116472,174.3010028806603,181.46944657410242
2024-06-07,258.4773487118438,263.15205882494746,157.89047300748828,162.90364954075713,119.43574166514975,128.72088388628464,173.3978182678216,180.56454304893762
2024-06-10,263.2416201646248,268.00249484128847,161.4620890015427,166.58866782657867,121.7329082361315,131.19663618060036,176.88530272071188,184.19616911503826
2024-06-11,259.97668775058986,264.67851426442394,162.10979335297304,167.25693742297432,121.9503957070241,131.43103150562774,176.50337744884757,183.79845844669234
2024-06-12,268.6403062836096,273.498819274515,166.28624520784942,171.5654503052658,121.36707965183923,130.8023674460955,179.70227619873265,187.1293668990364
2024-06-13,271.32415398564785,276.23120589130633,172.05130572488454,177.51353820878384,121.58800170108181,131.0404643595655,182.54562442621918,190.09023063954146
2024-06-14,263.6714913842331,268.4401405268128,171.14333919925986,176.5767458382772,120.88653272282252,130.38756759764007,180.16911566867603,187.6632610900828
2024-06-17,266.1166144983203,270.93911470650073,176.36922071307018,181.96853704769535,119.79579844557072,129.26358993170442,182.1303519169297,189.73256544165534
2024-06-18,271.95590859903984,276.8842270668935,179.58565207291852,185.36489454691196,121.08776591713575,130.67705998596014,185.24333136417565,193.01362438126995
2024-06-20,265.7080212932541,270.5231170752952,175.39120355819895,181.07722622021106,121.37345650379869,130.9853752451278,182.4327048363496,190.10075173063726
2024-06-21,264.49120473503206,269.28424966498187,172.84786151157704,178.45143134687402,120.43614055105002,129.97383050272208,180.76838313798382,188.36647493928695
2024-06-24,264.05675332311375,268.8419252308234,167.28024675678444,172.7583857535291,121.05167867073338,130.63811488504814,179.03645599661988,186.58112633648207
2024-06-25,265.72585108719545,270.541269976402,169.53838739214623,175.0904765923043,120.497550792038,130.04010400016878,179.9266748102741,187.50885933931065
2024-06-26,259.86659328505084,264.5758321372692,168.481621641731,173.99910358980753,119.44378805896105,128.90289071657827,177.6962131982941,185.18440515205074
2024-06-27,260.41947492410196,265.138732962174,169.56784975657172,175.1209037982495,119.9219737311262,129.41894530964686,178.4400817816024,185.95962066526783
2024-06-28,257.6647993963291,262.33413787815243,168.85303770778006,174.40003936599598,119.3413581480055,128.79234908161695,177.27283391374934,184.74929011974925
2024-07-01,253.9606959426576,258.57168040362643,170.33532552823817,175.93102191596356,119.25487727796548,128.69901953873324,176.90243814762377,184.36531833546067
2024-07-02,254.4279519179748,259.04742001470265,171.6011152536991,177.2383941785313,119.60525733056474,129.07714721170336,177.62545297357138,185.11883456702245
2024-07-03,262.76753033014404,267.5384142446889,173.3482450440082,179.0429190383963,120.55045934191529,130.09720253273912,180.60733048557807,188.226506809955
2024-07-05,258.59703873273224,263.2922019855468,172.17508441240295,177.8312188338156,120.27823127449581,129.80341592905876,179.11204006127596,186.66813543889242
2024-07-08,260.16081175703044,264.884367328935,176.86114840029634,182.6857685097196,121.11178441572623,130.70298057964942,181.51893613728276,189.1816856449768
2024-07-09,258.77987847110546,263.4783614155335,176.6983597369486,182.51761867954295,121.46905678270551,131.08854638951848,181.3263329345186,188.98095177480914
2024-07-10,263.14841632645016,267.92621571822605,178.919822289727,184.8122413105764,123.22967569987088,132.98859386424257,183.97685413265623,191.7433636684211
2024-07-11,267.36521654650704,272.2195773928715,175.24879420133058,181.02031417668962,124.88682117940287,134.77697353740012,184.48686848546265,192.27490807376114
2024-07-12,268.8301472492405,273.7111058046781,177.0420303630762,182.88733139181193,125.41529726508823,135.34730118881217,185.71014887434018,193.5550077381
2024-07-15,268.0929810920782,272.9783473192706,176.97699473368124,182.81979102577043,124.25728251784763,134.097579869374,184.9401631651079,192.7565193951927
2024-07-16,274.15104338547764,279.14680359915127,176.7801703826598,182.61646862911277,124.88496357126382,134.7749688198436,186.5657293456806,194.45078890188714
2024-07-17,254.22281816806108,258.85543318468973,164.91164092739396,170.356106325752,122.63751550276271,132.34953877050373,176.76380336556417,184.23459192789733
2024-07-18,257.260362844376,261.9483299933686,164.72169802099728,170.1598925607566,121.73775677925224,131.3785255240827,176.93943454657776,184.4176460280455
2024-07-19,258.2390308818754,263.01070690698725,162.126409085454,167.47892161556956,121.70258143638416,131.34056454301097,176.24005676441277,183.70407148655804
2024-07-22,268.25877340941696,273.2155917231797,165.9363258346233,171.41462063089563,123.06823708907595,132.81437045804532,180.53417110777053,188.180047622665
2024-07-23,271.65884311478027,276.6950891165734,165.52263960140615,171.0405322128265,122.71505625918152,132.43322020604057,180.9878553618893,188.67555003370498
2024-07-24,249.42754968091992,254.05165278544075,156.8250873205362,162.05303675811868,121.08429540562851,130.67331463450384,172.07521276207538,179.38433134164785
2024-07-25,245.30176588764522,249.84938165277043,152.94929253682628,158.04803777943025,119.35406493930637,128.8060621608572,168.91848612229893,176.09351863007134
2024-07-26,253.80328695929123,258.5085112565567,156.17548420842633,161.38177835932837,120.54816315529736,130.09472450439213,172.57739664206545,179.90784613542078
2024-07-29,252.63499390828807,257.318559381053,154.40451575320233,159.55177257979835,120.92124414322798,130.49735086610727,171.88052207711576,179.18137091649805
2024-07-30,248.0685316186336,252.66744007385063,148.7720578872542,153.73155008106346,120.79143127804447,130.35725774074444,168.81172841586556,175.98222625113587
2024-07-31,266.9656184724705,271.9148574268606,158.58837635988303,163.87510711937674,124.17087195569603,134.00432620226582,178.22967853899814,185.80021606110967
2024-08-01,255.91805030818924,260.66247991288554,150.4128966142686,155.4270881042595,125.51812294365587,135.47971963351233,173.5368468638007,180.91841676730792
2024-08-02,242.36988065762588,246.86314260493273,142.8725646292448,147.63539025020407,123.92640061846363,133.7616721572268,167.02533275816705,174.12992865058067
2024-08-05,238.1876849900172,242.66086101475173,139.48523339767405,144.1351383328581,120.28762145780755,129.83410561199375,163.07115922445834,170.02095616122278
2024-08-06,243.70668417634033,248.28350726763844,140.71384475275744,145.40470689799352,122.43198845399087,132.14865774694468,165.8296569432996,172.89701604794
2024-08-07,239.50403900568912,244.0019362212913,134.8711620843382,139.36725150480032,122.80625146593194,132.5526236981383,163.0226589432813,169.9703888860588
2024-08-08,250.42935250730088,255.13242762880597,142.62705213373107,147.381693305794,124.38081397092273,134.25214948548097,169.00319643372075,176.20580603350768
2024-08-09,249.70548060348392,254.39496137629183,143.09060569804274,147.8606999754553,125.14532508146897,135.20330513420953,169.3823802109576,176.6620291494832
2024-08-12,249.55017033151736,254.2623491549624,144.84167955054346,149.6701479421922,124.68316153377864,134.82702569815243,169.72620791564398,177.08603053188625
2024-08-13,254.61487448969402,259.422688558146,150.1692020859727,155.1752697311508,125.64224033390585,135.9336936570847,173.21710270406345,180.7618804816704
2024-08-14,258.0929582688332,262.97883604618556,151.07515867289547,156.1114274504944,125.76996095662064,136.07187597503497,174.38920063249657,181.98792180865217
2024-08-15,264.17090897048,269.17184654824,159.08204183958242,164.38522952067612,125.98714865847276,136.30685368994352,178.67379852082192,186.45921396810925
2024-08-16,260.2539848479502,265.1807723494966,159.40337315752032,164.71727279746955,125.94566098699347,136.26741047994028,177.87271038211483,185.62584633950047
2024-08-19,261.962615398641,266.92174845542183,160.6602313988857,166.0160298921902,126.54934165577825,137.04057099625095,179.0021507148201,186.86242863549728
2024-08-20,259.16931519079975,264.07556914734283,160.17786988398026,165.5175882866969,126.23844482047835,136.70390010351477,178.04208210365485,185.8602018375363
2024-08-21,263.9578760507539,268.9547807683564,162.55149757815732,167.9703436624256,127.26315429571686,137.88563124917133,180.47315123447328,188.43278313015324
2024-08-22,262.3126401959903,267.27839946369284,158.90376568827642,164.20101032338894,127.03224380113713,137.63544697954995,178.71117889087049,186.59310032840463
2024-08-23,270.11113516962865,275.22452532793767,161.79377732533683,167.1873639103932,127.88835846932677,138.5630203380627,181.923633105224,189.94723740723452
2024-08-26,267.22639814247367,272.2851782384663,157.58891409093633,162.8423265957037,127.7512047518931,138.41441859224577,179.73196645100546,187.6589089521537
2024-08-27,267.11685853994277,272.17356497568005,157.81137774813885,163.07220634156542,127.41677965004575,138.05207949630727,179.61724560303705,187.53912842791576
2024-08-28,264.6665191013828,269.67683892087865,154.1616591833924,159.30082009951104,126.52756896216142,137.08864763976584,177.34180466004798,185.16333088239236
2024-08-29,268.432217181607,273.5138242639937,154.5826254063343,159.7358197284983,127.12452977182352,137.73543593074288,178.64512350344935,186.52413161805978
2024-08-30,274.66569610099367,279.9534811002641,158.48047778170036,163.82954256991786,128.19864742926828,139.05658161012386,181.96144890291905,190.1064041349182
2024-09-03,251.82767518945747,256.67578917737364,148.62543425020473,153.64186963776328,126.18335331690004,136.87059980903229,172.31468352285552,180.02783040958184
2024-09-04,250.23196346598172,255.04935727065578,148.90724878336192,153.93319603141722,126.78365822046891,137.52174823756886,172.34973495293465,180.0644508111686
2024-09-05,245.91753971773812,250.6518734770541,147.51826928202314,152.49733541610047,126.09134206576948,136.77079555751752,170.53624109651452,178.16978137407958
2024-09-06,242.6038879718349,247.27442826060278,140.49008935607216,145.2319389553852,124.71282840871734,135.27552707616866,166.64155680958032,174.10076329638306
2024-09-09,247.68942085652816,252.45786636201117,144.16429853650453,149.03016077905727,126.00238726928477,136.75332170937244,169.72618316433397,177.3615407213948
2024-09-10,249.09808105918492,253.89364568581928,145.72407799667343,150.64258622758106,128.07238084686932,138.99993388701932,171.62650507610203,179.34735113587558
2024-09-11,262.2402124239835,267.28878558454005,151.4482295718984,156.55994051182128,129.42488069942212,140.46783343603934,177.29269429210458,185.26844139215106
2024-09-12,267.96080075642107,273.11950503855803,153.14128748512834,158.3101428544146,130.31202048416233,141.43066687922231,179.63001670072836,187.71091135068878
2024-09-13,271.5203441833308,276.74757577195066,155.88094460809216,161.14226943262844,132.01093816587678,143.3815178993197,182.24601017786605,190.49612145675462
2024-09-16,273.95372166560435,279.227799937778,154.03174233288465,159.23065251231725,133.25425558911348,144.78749607664574,182.77778495598795,191.07872539197342
2024-09-17,277.86765632415177,283.22318863217833,154.8412531597348,160.1101579499775,132.6354802589662,144.11516534852043,183.642072386336,191.9987347487353
2024-09-18,279.42329416024177,284.80880933421605,153.93559008286272,159.17367716511933,131.96653732075987,143.38832497398337,183.3460721332761,191.68926495603307
2024-09-19,296.7455004220636,302.4648782575248,159.21745478349473,164.7467894522901,132.36536408465642,143.82167044769935,189.33323933150666,197.98818653726775
2024-09-20,299.9711016223727,305.75264866338154,160.19116274557086,165.75431253343916,138.21956242509515,150.2059660189398,193.33648399694815,202.18570407552588
2024-09-23,302.1393536512538,307.9626908881646,160.90196927906285,166.5342390440231,139.76759884773378,151.88824819532093,194.81004817059753,203.74478200086062
2024-09-24,302.81882817172135,308.655261383151,161.59399088574975,167.25048442118035,139.49478877362867,151.5917800253912,195.1072297169143,204.05559342941672
2024-09-25,304.3686121768263,310.2349154293381,162.5407143239537,168.23034730336167,140.6416475968638,152.83809447183384,196.3557822058471,205.36140931038955
2024-09-26,304.7315266441841,310.6048245940303,167.46518248538712,173.3271932999355,139.53115872766958,151.63130398267285,197.8971116201979,206.9734299862605
2024-09-27,303.0940422891987,308.9357798894776,164.14373911175224,169.88948494102308,140.42025512665026,152.59750284157334,196.62363240925484,205.64154414847758
2024-09-30,304.62519369692956,310.4964422195701,163.53978316373366,169.28227014501928,141.22417653481665,153.47114033252097,197.08444174485032,206.13075753565698
2024-10-01,302.23209587543084,308.0663328620321,159.40821315857698,165.0052661906979,142.29946746451577,154.63968051607415,195.40952439741562,204.38082307587283
2024-10-02,305.3931278544536,311.28838486486944,161.44914060177697,167.1178535497075,142.9337752027654,155.3289954357962,197.20545885120808,206.25920931619714
2024-10-03,305.28362788899443,311.17677113069664,162.18723320385584,167.88186165108587,143.59823169100548,156.05107360579288,197.7886771946197,206.86920335526455
2024-10-04,312.06867748968307,318.09279817513294,164.62718836913993,170.40748717290614,144.51412778635694,157.0463962313423,200.65501417255103,209.86713455932906
2024-10-07,315.23572133373597,321.3209780950206,165.2505803651035,171.07380783991775,141.9272809594409,154.2352179888231,200.3800826283266,209.5881338097159
2024-10-08,315.41353886492357,321.5022281855938,166.70505191116368,172.579533176734,142.20657294692097,154.53873018380295,201.13364517916344,210.37632476496037
2024-10-09,318.3660307987986,324.51171452171246,169.07023671281016,175.02806418563452,140.54638528064217,152.73457100538508,201.9454081895953,211.22539066123383
2024-10-10,316.3317674105677,322.43818205894553,169.85912875317092,175.84475581250166,139.48836056743949,151.5847943650152,201.33243443232035,210.58424896602912
2024-10-11,322.5807578781484,328.807801975921,172.08961893690986,178.16689134575992,140.8823946396544,153.09971910364496,204.22227045228672,213.6121840238573
2024-10-14,325.171785356657,331.448846208291,173.82132521971832,179.9597521065535,142.58805748658418,154.95329707141306,206.27086904534224,215.75497490891425
2024-10-15,319.0614822971784,325.23798366849525,169.9175021621928,175.91806718203628,142.72846719705714,155.10588311516833,203.4530818513623,212.81146341714816
2024-10-16,325.9370422628262,332.24664307708,173.07023788335403,179.18214043726246,146.93730403486245,159.67971037917263,208.16096670877113,217.73590032902823
2024-10-17,328.70051377709655,335.0636108187063,174.43302984147786,180.59305881938138,145.75842298536205,158.39859673827544,208.75326580895043,218.3554438480687
2024-10-18,326.88021422516397,333.27939602853877,172.78523065166004,178.88706829522584,146.77168630082528,159.49973027147695,208.17171736529846,217.76286884020226
2024-10-21,328.2949979598857,334.72187632590624,172.47866659247262,178.56967805541257,146.4460625061722,159.14586837395342,208.20051268953173,217.79299085914693
2024-10-22,323.4852625515904,329.81798296627466,171.04562351816742,177.14578761679599,145.27800490806268,157.87651679439765,206.0460632618192,215.5635703850977
2024-10-23,319.6617339082666,325.93208751619954,168.88806494377388,174.9112819619365,146.16964349590583,158.84547830083653,204.77235690664457,214.23378225422596
2024-10-24,322.9650265093602,329.30017615160756,170.24425799137447,176.31584222273798,145.91692046320074,158.5708391209934,205.90980122339886,215.42378173346694
2024-10-25,317.7072981175268,323.9393143137148,171.04021294555224,177.1401840817411,146.4866817905685,159.19001016361545,205.36610545688745,214.8549647201996
2024-10-28,322.26429763692545,328.58570206869757,170.74835755413525,176.83791997162032,148.2729383340033,161.13117091508056,207.06056239946037,216.6277133722055
2024-10-29,323.64811498625,329.99666381220084,174.24585565871843,180.46015270509233,146.42980310055998,159.1281989523171,207.90554659701294,217.51173972869887
2024-10-30,319.7977200654006,326.0707411220788,169.95035738777295,176.01145996006926,145.91212612564985,158.56562901838114,205.10886756426075,214.58584125300402
2024-10-31,318.3117288379238,324.5556012994898,162.34096685960782,168.13068844034416,146.83175239631842,159.56500530013594,202.15711274702772,211.49770177785382
2024-11-01,317.7607304024102,323.99379470440755,164.88429257357075,170.76471921820945,143.60046506545316,156.07387272444006,201.5553237902009,210.87725184072988
2024-11-04,317.17884071635626,323.46522670598614,164.68527601810447,170.55860494447526,140.57880797574364,152.78974879196346,199.94138484004094,209.20293933286624
2024-11-05,330.0184226212786,336.55928513152855,169.69268943844804,175.7446025515725,143.52360797160162,155.99033967823237,206.0873550566359,215.6335991754624
2024-11-06,351.4258383247352,358.3909891571457,175.56446006092187,181.82578376058962,141.28288621193545,153.55498459376508,212.00399137738097,221.824302066981
2024-11-07,354.0255490425984,361.04222533300276,179.14078875597713,185.52965849547763,143.64281697673078,156.11990340273465,215.10160922707462,225.06540575146488
2024-11-08,361.9550955524752,369.1289329888476,177.50860005234227,183.83925948089004,145.83253326032835,158.74282268372193,217.16951472529075,227.3381731675632
2024-11-11,365.67524075337303,372.92281031077056,173.7235961629728,179.91926736812033,145.79892037713333,158.70623411299889,216.43035387817372,226.5644021487665
2024-11-12,355.97640960969284,363.03175134987623,170.79396457381844,176.88515351818208,143.77656233338126,156.50484038304668,212.22513145196422,222.16227607067935
2024-11-13,354.07523221112785,361.0928932064824,167.55819898422783,173.53398771737764,143.42136465132933,156.26543705166594,210.34931144659268,220.26464422054516
2024-11-14,346.1975019176679,353.0864727492696,165.43859236539842,171.33878753506824,142.5673386490932,155.33492891700024,207.40594863977165,217.18859273837185
2024-11-15,344.8897400654753,351.75268779406633,161.44425215856552,167.26795903256496,144.61477473163407,157.58648034676946,206.47267891540096,216.24743859665355
2024-11-18,348.68908314673655,355.6276338577901,163.4340755752488,169.32956046645756,146.78661373291305,160.07563341204053,209.10206904591993,219.05620615147967
2024-11-19,364.8650161058744,372.12545108735793,166.71659738102528,172.7304912248524,148.66813053793052,162.13342640979027,214.77512678795003,225.00198446274155
2024-11-20,360.44322492073127,367.6216611684926,165.4152958628551,171.38224843441523,148.48207443598685,161.9305186769532,213.2148856551,223.3687719080189
2024-11-21,369.7327998227824,377.0962433521145,171.47192447211148,177.65735512011838,152.04488764188656,165.8160260189803,219.30843046175065,229.75250827729752
2024-11-22,371.0922582999326,378.482776234705,173.3327356721511,179.5852905369201,151.90289203015578,165.66116946040407,220.28290027925732,230.77338505955933
2024-11-25,366.39070221303786,373.687585926658,174.59423642496077,180.8922968466478,152.2002078241115,165.98541399233815,219.91895385026075,230.39210648871517
2024-11-26,370.4829854012287,377.8613693122258,173.55304787913343,179.8135499683906,155.37592630801942,169.4487663412636,221.85995500804614,232.4255435236317
2024-11-27,363.0540551073018,370.2844875551642,167.6053872243655,173.65134198984822,154.50771186388732,168.51128001124957,217.46635628879494,227.8269038103263
2024-11-29,366.1823172459438,373.5703665554452,169.67468154268622,175.79528104395115,155.40232005115755,169.64556538872208,219.3880288597279,229.9321941869424
2024-12-02,363.86508585183634,371.2063829862738,173.35718301437672,179.61061975727435,151.88717468269434,165.80824286187575,218.73272867307415,229.24539914825436
2024-12-03,364.747744859408,372.11736582695283,175.0618798190899,181.37680933343623,150.44089814095722,164.22940927978593,218.93383109929383,229.45848777502385
2024-12-04,369.4558755280826,376.9206228918364,182.19192152404855,188.76404986916086,151.0698090272345,164.91596236886792,223.10699580603162,233.83226618120295
2024-12-05,367.98851827619916,375.42361811800725,180.49094650804312,187.0017163361394,151.80332721573518,165.7167104385888,222.44944787847743,233.1431084007969
2024-12-06,365.8864720413106,373.2791006568377,183.51444348647377,190.13427857952297,151.19779499762217,165.0556787662878,222.93187818446827,233.64873024970748
2024-12-09,349.77529644983986,356.8424034984099,180.81765812155544,187.34021327272134,147.05641767693731,160.53472761945594,216.45470661577906,226.86018603181205
2024-12-10,344.9219107300658,351.8909565468171,175.6884130246218,182.02594319329344,144.6373576258137,157.97111116644737,212.22059817503393,222.45707418407156
2024-12-11,354.7301496266068,361.89736802713793,180.05489183272772,186.54993205400228,145.01749082642965,158.38628788896406,216.26167983860557,226.6930777159983
2024-12-12,350.64591963957605,357.7306173737757,178.68748493096723,185.13319928980405,144.84471711120383,158.1975866002888,214.75355855305153,225.11221209039883
2024-12-13,350.38805931722914,357.4675470594137,187.78313596083652,194.60116262266214,144.31475453467084,157.73259334384622,218.11027655732764,228.6997716227305
2024-12-16,351.9838205646293,359.09555019374466,193.0021217520794,200.00963925444464,143.6617866338732,157.07763466471698,220.24827629705024,230.96783912022926
2024-12-17,342.28697861662454,349.20278640456024,187.16277027087364,194.00036806731444,142.81444228881287,156.15116111467123,215.42074563925502,225.92248795093445
2024-12-18,327.6460611647933,334.26605351930203,177.80680146050517,184.30259863266178,138.35845790712034,151.27905487696313,206.433741890651,216.49736856383024
2024-12-19,331.64006481591775,338.34075484016296,174.81734798451865,181.203931767333,139.02778518591126,152.01088724681242,206.4012184052621,216.46325956140296
2024-12-20,336.6589998346362,343.49267830247345,178.65415706312845,185.2278019045701,140.80510810978825,153.97041644053428,209.85172869283525,220.11530264900327
2024-12-23,333.8254827373342,340.6016450098949,179.7974404053175,186.46449741558015,139.6998733129084,152.76184194899332,209.16155774559,219.41171479600928
2024-12-24,337.54913103651523,344.4008778477825,183.7892235344241,190.60429959120023,142.4071870574958,155.72229011941255,212.84316923192208,223.27374708404255
2024-12-26,338.0766179114386,344.93907192406095,184.68206081367217,191.5302441106193,142.32081302873462,155.62784010011612,213.25944316748874,223.71042091173828
2024-12-27,331.26579880316666,337.9900032875976,181.46392026766864,188.19277190761954,141.1971633658785,154.39912894861212,210.0260452690804,220.31856733618537
2024-12-30,328.8743691492578,335.55003115794534,177.73251611210375,184.34532746492943,140.42658876230573,153.55650545147242,207.6853424572899,217.8719973555165
2024-12-31,326.39137089838533,333.01663172459746,176.48032359076362,183.0638769093733,140.22022652366604,153.33084829849344,206.57662379576405,216.7157612731788
2025-01-02,330.6635062782541,337.38582058253485,178.53171540103543,185.19179536627345,142.74871935285557,156.0957557589079,209.5236184002098,219.8096075342193
2025-01-03,344.90260126799916,351.9143931533016,183.86150808146132,190.7204145990015,146.5008340135279,160.19869395903268,216.43304935433838,227.0582381082237
2025-01-06,353.29745103973073,360.47990832242755,189.55679853087304,196.6281664014738,146.4197208159522,160.10999665978542,220.36696873476248,231.18528250390895
2025-01-07,346.5446947387845,353.5898700129945,186.08036211325947,193.02204241275632,145.0306827368548,158.5910832172161,216.9126590893025,227.56139297170395
2025-01-08,344.81828001072756,351.8283576639386,184.82196991345177,191.71670621389765,145.13959113040158,158.7101745693224,216.11533826270644,226.72492985928204
2025-01-10,341.2363632317779,348.1736213269104,181.56188956835646,188.345321515796,147.0001781714506,160.74472690467383,215.01895546451664,225.57880664998265
2025-01-13,339.28937277906505,346.18704899859875,178.43069096454622,185.09713650755165,144.88921724187156,158.43639066758536,212.33971265807392,222.76798286146027
2025-01-14,351.9689769078515,359.1244266118768,180.44012345253827,187.1816444894575,147.00213541063525,160.74686714614927,216.8107181768924,227.45856508144038
2025-01-15,360.3313754209351,367.6568307956052,184.65701709832405,191.5560877793001,148.889640977542,162.8108548953995,221.1370308889906,231.9973484490808
2025-01-16,365.2150400494295,372.65874030461885,185.09519442964313,192.01063609086717,152.9423860424459,167.2425325081465,224.3366806425742,235.35818786506164
2025-01-17,368.1591518265265,375.74452871424825,189.1844746549923,196.25269812625706,153.05133970391216,167.36167336073262,226.60365579260312,237.75398545957407
2025-01-21,384.9270019276249,392.8578556613862,193.35285660683164,200.57681725051987,157.7608159696573,172.5114866848927,234.05937507851036,245.57657317772913
2025-01-22,395.06246692028674,403.2021469769039,200.2298341156963,207.785088953627,156.95620904205094,171.63164883399673,238.45821269646976,250.22130874162428
2025-01-23,394.18136128855383,402.3143564878784,199.4467625776483,206.9724698456456,159.18654245853156,174.07051891155814,239.07653987194996,250.87258796616027
2025-01-24,387.45559851486087,395.44982359027233,197.01083766046864,204.44463038637667,159.47267454130804,174.3834044065058,236.86745055069025,248.5545020704481
2025-01-27,309.477086214604,315.8624100874946,167.85464028352132,174.18828476098923,145.08923195128247,158.65510679596764,202.10375294176163,212.07556193229792
2025-01-28,314.53470803372863,321.02438390804434,169.6963009396333,176.09943663774456,145.03435614804087,158.5951000931495,203.84844456936867,213.9063367295871
2025-01-29,319.36944310122004,325.9588722387681,171.02915603550085,177.48258423850174,146.61084864913337,160.31899498707148,206.1580539469831,216.32990234611887
2025-01-30,331.24424080281995,338.07867815786557,177.02531326617563,183.70499394611696,151.7103866032871,165.8953408526145,213.50653031439384,224.04095289456626
2025-01-31,329.33240321243665,336.1273943443183,178.64547782871176,185.38629203654818,149.83004515205747,163.83918706542033,212.80951843221905,223.30955041225658
2025-02-03,320.8372342763341,327.45694779501525,175.52023921233018,182.14312906448612,150.54077058108587,164.6401568307555,210.17382276110317,220.5551513826352
2025-02-04,318.16704589686725,324.7316664268782,177.52643187394813,184.2250212185371,150.2135741132236,164.2823157118654,210.2419748407956,220.6266697670664
2025-02-05,325.68034387326907,332.3999834436867,183.1526065674181,190.0634878701941,152.6835904889146,166.9836695172072,215.23304058711585,225.86426428182952
2025-02-06,332.96464944920245,339.83458334628693,185.10025242011142,192.08462407369413,152.5567541476033,166.84495390518578,217.44613807580757,228.18667553757257
2025-02-07,333.1745031451965,340.04876687435757,183.3480870733301,190.26634442495782,153.031353108574,167.36400297783445,217.03947121563755,227.75992176905476
2025-02-10,336.23163350084974,343.1689738463809,188.51065475530928,195.6237108222617,154.6196828995145,169.2926160094416,220.48510549644752,231.46704556845657
2025-02-11,326.41431642516153,333.1490997741218,183.91566401519117,190.8553376979807,153.98012165064932,168.59236236198706,216.32841715341266,227.1033205542668
2025-02-12,316.49564738158176,323.0257825770844,181.8373920864811,188.69864651614947,153.76333266106533,168.35500076299473,213.34609977658562,223.97245967090998
2025-02-13,313.2924185357649,319.7564627199112,182.5270548688048,189.41433228398733,153.14406578791673,167.67696736519346,212.64292319704245,223.23425921508638
2025-02-14,312.13977450066244,318.5800366156277,185.10152736478085,192.0859471257394,153.02265066316335,167.54403031793558,213.35112415028448,223.97773429902279
2025-02-18,314.78118082557404,321.27594207994497,191.0314086164194,198.23958006859152,154.57159288183936,169.3745914637378,216.99124783202691,227.86329366066744
2025-02-19,311.7077015919433,318.1460182730591,190.48594112934092,197.673530504477,154.5993084486246,169.4049612924619,216.15283972705018,226.9843681783984
2025-02-20,305.1693419227129,311.4726089085194,188.3954542588641,195.5041634755485,153.5402793042185,168.244511138991,213.44967952039664,224.14575124249765
2025-02-21,288.11136655652837,294.0623013837605,181.70989392531828,188.56633747801018,149.11898562402493,163.39979939822211,205.09126397926408,215.36849125844086
2025-02-24,278.89302808668265,284.65355830716476,175.5888838826985,182.21436389820443,146.46365579330873,160.58940454650005,199.46011648091996,209.50240671682923
2025-02-25,282.53085905567764,288.36652860602277,170.13097100333454,176.55050806898518,146.07585155330233,160.16419836380635,197.8863218423245,207.84937567342593
2025-02-26,292.400790384017,298.44032317928094,176.5315973789416,183.1926487204426,148.17858663074472,162.54869807459733,203.4878143895324,213.7704685155882
2025-02-27,281.04427014899187,286.849234233585,166.06190137878926,172.32790059578466,143.37937328994775,157.2840650526022,194.64464575734428,204.4804365432243
2025-02-28,286.36000438343234,292.38204406697594,167.31859027578562,173.70342583749039,144.70846488519294,158.8896785082468,196.9014679657027,206.9727866151126
2025-03-03,271.2599098190381,276.9644003780528,157.35851383589525,163.3632753714808,142.09072371322662,156.01540260765233,188.5637352868921,198.20858701612377
2025-03-04,268.91126471555447,274.56636418014523,157.2453149460668,163.24575684032538,141.01666377318185,154.8360863962082,187.49783242374272,197.0881642578461
2025-03-05,274.3554120068933,280.1249997747724,159.84248679598718,165.9420361185351,140.7848526419965,154.58155812007803,189.53075034768324,199.22506395709604
2025-03-06,261.0049342613617,266.49376666694445,148.8255752005162,154.50472193170245,134.47690030847366,147.65543587067154,179.30949546305257,188.48100182270997
2025-03-07,263.21936524688664,268.75476627611505,151.38667165417783,157.16354918555396,135.6961203068168,149.0209909987845,181.3780798611662,190.66816358484434
2025-03-10,250.87175067074725,256.25500128987915,144.69654095840775,150.21812477550864,133.9874224127224,147.2237895672632,175.34417815729014,184.38591155616928
2025-03-11,260.14971521275777,265.73205404421935,147.9963207404768,153.64382332884884,134.8749422060138,148.20490749032695,179.00485458446778,188.23816849150862
2025-03-12,266.77548995572795,272.5000058393764,152.34480145228267,158.15824097714435,136.46430133371092,149.95134621820768,182.87373948926958,192.30661574270135
2025-03-13,263.0448797270315,268.689343513265,149.41602980178888,155.1177081328982,135.17212378248738,148.53146012737514,180.30992050113267,189.61055148348927
2025-03-14,273.48907414289334,279.35765130939063,155.34182238349794,161.2696274775965,138.22107039890798,151.99005151601978,186.31488387821474,195.976753166058
2025-03-17,279.03901965737964,285.026688541247,157.75470271672475,163.77458272092343,139.67085065050983,153.64726182618685,189.13302444479018,198.9709790080122
2025-03-18,271.51923169633216,277.35472182193905,154.57911631336194,160.52298888979638,137.87431317220768,151.67095064154353,185.4346956630649,195.10016553087627
2025-03-19,281.5467366982697,287.59773791698666,158.54973956779713,164.6965883508123,140.08854650467822,154.1067551561853,190.17287201223988,200.10526430773726
2025-03-20,281.5370126716543,287.5878049016343,157.32815863279208,163.47580466844113,140.60285589131496,154.69123472976509,189.948055311485,199.8966939207385
2025-03-21,279.7683060961766,285.7810852922665,155.82858375933992,161.96570426433348,139.56116580819182,153.54516750273356,188.47590816174352,198.36650487366254
2025-03-24,292.2203080701441,298.5007056375337,160.84646119028477,167.181204735481,141.41474082176416,155.5844703724803,194.12961886720268,204.3169037503524
2025-03-25,289.13110011798716,295.3451044417449,158.79674824245944,165.0507663195934,138.98005578783344,152.90583037125623,191.51351346366425,201.56351372643658
2025-03-26,273.1289297916422,278.9990155415875,151.55335426690291,157.522100023512,137.55450254588052,151.33743697147224,184.35798988746978,194.03249177145713
2025-03-27,263.2846385913452,268.9431508783942,148.62820472937102,154.48174700550257,136.17767220331123,149.82264849612233,180.34820824629932,189.81228995774322
2025-03-28,258.9271766446059,264.49203837878594,144.55621646478602,150.24938840274345,135.5987805995786,149.18575206618553,177.46739190075635,186.7802978308881
2025-03-31,257.0054751897122,262.529035724731,143.10041817187968,148.77898465492902,136.54577733585435,150.22763769141633,176.87522086689833,186.17449579703054
2025-04-01,262.50770448365824,268.14951890630425,144.60592127624818,150.34422971936868,138.0296777689242,151.86022465952914,179.3857819729426,188.81705050760334
2025-04-02,271.3138906635777,277.1449676006177,147.71357204086888,153.57519949100865,139.83663763922766,153.84824155770968,183.42965216094584,193.07352854692516
2025-04-03,247.4453805534468,252.77321086219575,128.2752658418315,133.36553486074345,134.29131258770977,147.74727601359382,167.7364642985446,176.55751869010967
2025-04-04,234.06278420750965,239.10246930109167,118.3585221863273,123.05527112428814,126.47917419615828,139.15236287325877,157.21637900081225,165.4841950431414
2025-04-07,241.29653784620763,246.491975339758,123.53491388322836,128.43707441095722,126.27976504581348,138.93297296479847,160.83800008023093,169.29627272161136
2025-04-08,241.28775720331032,246.48300563786412,121.19010693012885,125.99921991583658,125.89958991870061,138.51470436382428,159.71953322259716,168.11898706731577
2025-04-09,272.8768285506572,278.75223198092436,140.33074431498702,145.8994035221971,134.2784096130537,147.7330801633845,178.30198911493355,187.6786714641437
2025-04-10,260.3784837477969,265.98478108240397,129.96781641413077,135.125249883528,131.62843685475295,144.81758064964308,170.12440229436706,179.07103540867993
2025-04-11,266.9227839188575,272.6699887972746,132.29253642431777,137.55419686050826,133.80165412894908,147.20855387241542,173.50956101665753,182.63910397255145
2025-04-14,268.9462638178337,274.7370369273926,133.37171922688339,138.67630191408782,135.45972571100947,149.03276390480283,175.14545372633046,184.361072358266
2025-04-15,270.3593418214666,276.1805403921901,134.25179141010383,139.59137713763542,135.83165629314132,149.44196185899096,175.98502477062004,185.24481906566288
2025-04-16,266.25919711510323,271.9921140812643,131.47148869526697,136.70049366600992,134.96575255575056,148.4892947353755,173.55355774261213,182.68541567179724
2025-04-17,265.44201065042915,271.19665631897055,131.62024749081687,136.85516903319896,136.31195368985905,149.97038496152868,174.03603400453648,183.2023777121074
2025-04-21,252.23954981857042,257.7079729564206,127.08203603158836,132.13645965374388,131.5849274523495,144.76971161357346,167.11366339687632,175.91541118255128
2025-04-22,261.6638907947101,267.35012146400646,130.450017990997,135.72663791731063,135.35366383224397,148.91607464639486,172.28442476504577,181.39765206417138
2025-04-23,272.5847184219154,278.5082701246922,137.14208525216978,142.6893950258468,137.2380749495674,150.9893033914965,178.28315528764182,187.713693886574
2025-04-24,285.98660066363345,292.2013893177439,145.63477971181345,151.52561355320614,139.11632141359317,153.05574978623795,185.56221867804877,195.37779358709423
2025-04-25,292.58538805982664,299.02173870396456,147.74112040952937,153.7171543870994,140.51041116853608,154.58952706372747,188.5208347713978,198.51099776843608
2025-04-28,291.55971545903407,297.9735031565103,147.74960879804345,153.72598612550846,141.63594934693955,155.8278439488931,188.8006059218937,198.8055946510518
2025-04-29,293.16047879137534,299.60948039400773,147.6725183197431,153.64577738658846,142.1832008998608,156.42993000107546,189.37534838124537,199.41079406683062
2025-04-30,292.42872396993505,298.86162828675435,147.7591182784717,153.73588025834755,141.96653711703632,156.19155654931396,189.14840450850923,199.17182390383027
2025-05-01,304.7416123737645,311.44537802010785,151.68772621839057,157.82339788074634,144.18164899159427,158.65141191885786,194.49446617090226,204.81100485733052
2025-05-02,314.94259911642234,321.87076806611356,156.56884753691082,162.9019574396648,145.90139078138148,160.61544503612848,199.52730195478682,210.14168609052132
2025-05-05,316.9033139197845,323.9498672300039,155.46714843733082,161.75569531501841,145.81994891439763,160.5257898132404,199.48677039962527,210.11641300663774
2025-05-06,314.9401881613049,321.9430900810081,154.71331081931882,160.97136544673566,148.285080775655,163.23952851612822,199.85171463157258,210.5008032737749
2025-05-07,318.20118472074125,325.2765970405924,154.5862865177303,160.83920309326174,147.89539649119297,162.81054484135134,200.3573763894332,211.03340919317225
2025-05-08,320.78591379184013,327.9187992600995,156.13577863297976,162.45137117511442,147.02242390433926,161.84953357346055,201.16953558803178,211.8888442541441
2025-05-09,320.6487765380835,327.7786126694411,156.2689886046792,162.58996940510528,146.87803148287267,161.8184177058604,201.12744580179606,211.89957339262534
2025-05-12,335.74532703325815,343.210844879486,167.08694658656813,173.84550687934197,148.8361248523322,164.0752286685064,209.7604861483411,221.0378391424365
2025-05-13,346.41253744923523,354.1152477247178,174.1367618551103,181.18048267369863,149.56792836899885,164.88196043108505,215.3276353852789,226.90429502319736
2025-05-14,346.6729180692814,354.38141807885484,175.91273134424875,183.02828899459251,149.0701075512993,164.3331684991462,215.878022728862,227.48427284147394
2025-05-15,342.4143967018893,350.02820569208876,175.0225228260541,182.10207211029703,150.62462880609772,166.0468548142405,215.26260460114597,226.83576798902408
2025-05-16,346.8541366779517,354.6045659811782,176.48861232279887,183.6274639909849,152.9460380223354,168.63322351616813,217.89569637311664,229.63093217023805
2025-05-19,346.7580653712963,354.50634796848254,176.11656894010494,183.24037169103661,153.8349030056277,169.74826784566014,218.12426025987506,229.92989793789008
2025-05-20,347.4679531644963,355.2320981504293,175.3877894197106,182.4821135044188,154.09320897362127,170.03329412893152,218.10613231972005,229.9107888510572
2025-05-21,340.4768464049618,348.09235593666386,172.34629899181746,179.31759673092085,151.23849548890482,166.96859637382644,214.0248735017789,225.6470845563205
2025-05-22,338.85461951519386,346.43384439355737,173.02844973572175,180.02734003681533,151.3604937364748,167.1032834856691,213.99052451551228,225.61087031410787
2025-05-23,341.9276197521707,349.57557900364276,172.19301379421185,179.1581112449554,154.63879996444527,170.72256168331526,215.81955402110577,227.53922176574991
2025-05-27,351.4557939331787,359.3168716450141,177.29500506392353,184.46647480355014,157.43139287677965,173.8056082139532,221.27330783068584,233.28913123601268
2025-05-28,349.04591072028484,356.85308612195763,177.30286592437707,184.47465363078933,156.33964199594234,172.6003058762513,220.24384304873809,232.20376333975275
2025-05-29,348.4220840044213,356.2153061568469,176.40072916290586,183.53602601339375,156.1374511577735,172.5274872597373,219.64902260177766,231.64129938511516
2025-05-30,347.63409373549194,355.51952699037173,173.57767118323787,180.66568655585772,157.02094512658834,173.50372321926204,218.73161615186456,230.72659012355572
2025-06-02,348.02975818086117,355.9241663482467,176.15569089199315,183.34897927122734,158.38417520788707,175.01005407543633,220.473521773809,232.56401971667523
2025-06-03,357.71400955030884,365.8280869595017,181.97379062182765,189.40466013718026,159.4491199401573,176.18678801957776,225.47331387334356,237.83799429221793
2025-06-04,357.51913380482216,365.6287908199521,184.65468206353216,192.20580072750394,157.75511806417703,174.31496364362562,225.74782803414257,238.13196523134724
2025-06-05,358.39076046467744,366.52018871045857,183.15603677653235,190.6458710567513,156.75662807652373,173.21166032115906,224.88987092616674,237.2269420734917
2025-06-06,365.00990058729457,373.2894717234946,184.3460707570888,191.88456932082832,158.31527041700184,174.93391622161946,227.55770623930445,240.04113023894766
2025-06-09,358.645314016393,366.7805163363459,185.7096910675871,193.3039524133049,158.54211304554224,175.2620052339348,226.7803486455756,239.25440530578612
2025-06-10,351.55179974514476,359.52609887885546,185.3171179974843,192.89532577876767,157.25458439774755,173.83869348241413,224.44954414821473,236.79539487022294
2025-06-11,358.28534440659394,366.4123814850386,186.2852131023365,193.90300937892937,159.1362976908108,175.9188527453532,227.19902607637474,239.69611209528117
2025-06-12,362.24395968237695,370.46079059031496,188.41654361392676,196.1214967902273,160.88221289158867,177.84889261412192,229.7332140977161,242.36969316877466
2025-06-13,356.19526725731055,364.2748948205345,183.15278372626008,190.64248497888207,159.9664437000274,176.94847650963894,225.84047617950057,238.3109223104622
2025-06-16,365.1239513003333,373.4167048114132,189.10716737137093,196.8403623549538,161.22719256118063,178.40233177586597,230.8136859515555,243.5866479169266
2025-06-17,363.0892670132768,371.3358084497849,187.65425761130962,195.3684544703497,160.21311828951295,177.28023064772793,229.3145058213001,242.02102551811302
2025-06-18,366.76134879335285,375.0912911378711,190.89996633596445,198.7972916104285,160.79350713180048,177.94051498307388,231.7089553426103,244.5762250553839
2025-06-20,364.8443215020684,373.13072401649873,190.29778736129464,198.219517568249,160.5917356545703,177.7172266102554,230.9448538708105,243.78984476019582
2025-06-23,368.4818356956369,376.8508540135304,190.5561817053869,198.48866837099106,162.9357130967198,180.31116563556014,232.94050725642273,245.8964949882443
2025-06-24,378.0266169763592,386.61241789149483,196.4933400370988,204.67297916386372,164.88676300340794,182.47027536173331,238.29147466534377,251.54507945363997
2025-06-25,375.71161898405796,384.2448412949677,198.9026122496816,207.23147863424362,160.6805367566066,177.81549745532413,236.7613359771388,249.94989676322743
2025-06-26,381.4655586472481,390.12946535498946,204.106283482393,212.6530488775122,160.61324990057554,177.74103513388258,240.04820758596864,253.4198603698711
2025-06-27,388.4683136163334,397.2912680136342,201.74754529913994,210.19554067338171,162.18533024687056,179.4807620134338,241.3251886459484,254.76797442233342
2025-06-30,389.6344566516735,398.4838966758862,204.14318681696113,212.7144162815762,163.63755831841715,181.0878555804151,243.23650103498008,256.7951490722058
2025-07-01,381.7034542822288,390.38293390084897,200.58821143191992,209.0101804179398,160.71054064911192,177.8487009607338,238.72186664988027,252.03107209949593
2025-07-02,386.7067786324687,395.50002785740514,203.47838420479047,212.0217010271742,159.90262704799258,176.95463151222572,240.5594459610896,253.97110000884194
2025-07-03,394.1450841860494,403.10747157498486,205.535872180588,214.16557543514327,161.40193857779315,178.61382951400876,243.679951437333,257.265579696467
2025-07-07,393.3086171465357,402.25198427631534,202.1814387849084,210.6886194797746,162.00771509707056,179.28420599703753,242.43686757469507,255.96069958105068
2025-07-08,388.4584555310782,397.2915357917816,203.5777743241012,212.14370857623737,159.72879436470228,176.76226132429136,240.8859249169624,254.32324084115405
2025-07-09,393.06643227146395,402.00429240710054,205.59877639255612,214.24974827170874,161.06392874047717,178.23977433233995,243.31577509189347,256.88863511008003
2025-07-10,390.5849685542173,399.46640317544853,206.20493085817225,214.8814078756748,161.40832062446492,178.62089214167128,243.20248746407128,256.769027969626
2025-07-11,393.2360086056833,402.1777247041627,206.25231830462576,214.94540606078172,161.58697693303617,178.81860034593404,243.86666388494183,257.47624482580954
2025-07-14,395.93195029609524,404.9349688813413,205.80392686121914,214.478115890812,163.14883869287968,180.54701892972125,245.00281236519407,258.6757988755501
2025-07-15,395.76098201661307,404.7787385633323,206.8628419538476,215.5816619572991,161.55530764172352,178.7835538437099,244.63122510513531,258.2875313101174
2025-07-16,398.45653340191336,407.5357104202211,205.87830431388898,214.55562819175142,161.7222559091385,178.96830546216304,244.8817338418982,258.55202445960106
2025-07-17,409.3448291861708,418.6721054488527,208.29041726969405,217.06940647561163,162.98311524942406,180.363622750365,248.7593345162995,262.6460885152715
2025-07-18,408.9434620023483,418.3384129083918,210.39186180962284,219.25942234385545,166.9637015703691,184.7686985057122,251.43289187166533,265.48562719634134
2025-07-21,401.97003681372456,411.22363070386933,210.99101201293692,219.88382542839452,165.7486602392275,183.42408525580134,249.62144005926228,263.5770372250148
2025-07-22,398.73897102194496,407.9181838191445,206.09124877775412,214.86274904858303,167.3184946271192,185.16132666810924,247.71009635929278,261.5937576640634
2025-07-23,415.85516470084934,425.44302289493766,210.44119242341506,219.39783171442213,169.17820221357613,187.21935333569616,253.97275489958514,268.2106102795002
2025-07-24,418.95876397702034,428.61817802102246,212.45594986937826,221.49833974701977,169.91319071418792,188.0327209563072,255.7949701935495,270.1349799869834
2025-07-25,443.9293528188995,454.164482845679,213.82069718345582,222.92117240681696,170.5115950100475,188.69493904255154,261.9026648245948,276.58507541175123
2025-07-28,444.2133233720148,454.45500055661677,218.37079101685805,227.66492390170984,169.64060629121335,187.7310681503845,263.38572338632343,278.15127506997345
2025-07-29,442.2729640751657,452.4699047953374,221.15857125655074,230.57135554107379,171.1942779336014,189.45042322318923,264.8488293615776,279.69640358850944
2025-07-30,447.0964228392248,457.4045720823641,225.39358018035523,234.98661172012282,173.62449644460452,192.13980005862845,268.74472541398444,283.8107057632237
2025-07-31,449.3229568322706,459.6824405158635,224.8073161138634,234.37539552466623,173.59123358442045,192.1029900494649,268.96141306685195,284.0395410476959
2025-08-01,444.6263723178982,454.87757266117774,218.14332798085374,227.42777975554802,171.66206024326,189.99105264970376,264.34986868751866,279.17997531762643
2025-08-04,446.88987767847414,457.19326486530144,224.64065567809914,234.201641813151,174.87422209594467,193.54618889127028,268.9956336593907,284.08636909273315
2025-08-05,443.0923762125464,453.30820910490354,222.234841228429,231.69343290363847,173.86857855436145,192.4331690732335,266.7390689828809,281.70321046353286
2025-08-06,443.6723141704214,453.90151797499374,227.6489362457247,237.33795854907655,171.2992896572732,189.58954770793443,267.8199916761587,282.84477324292
2025-08-07,442.2268469727413,452.5107568223824,229.96214604151677,239.7496214352866,172.33695757962374,190.7380112681925,268.9481873348126,284.05543568159277
2025-08-08,443.3404901542645,453.65029758602174,233.76185784024707,243.71105370137929,170.85939357599733,189.2296330161437,270.0119824705232,285.23705893926274
2025-08-11,441.2621411338834,451.5236169138922,233.38587996403365,243.31907373840772,169.73805714691306,188.09160380410066,268.88383227200217,284.09278860496266
2025-08-12,454.4486967909047,465.0168236721128,240.0424698434178,250.2589763750103,172.1417734800297,190.75523073482898,275.51123330870416,291.0950573014883
2025-08-13,444.6310799894038,454.97089986750683,237.8050857924307,247.92636647175837,171.35896537216448,189.9588762264224,272.159387554689,287.58611565611403
2025-08-14,437.0023787645426,447.20173937031745,235.27693739113616,245.29061692525187,169.64004087238132,188.0533735549531,268.7030373150689,283.9419001358703
2025-08-15,433.136412333575,443.24554371489864,232.41073850065462,242.3024290396373,168.34072855929443,186.61302926759652,266.105012487712,281.19653442117277
2025-08-18,438.6342499000598,448.871697351541,234.49390640787584,244.47425916794137,167.19847350229458,185.5214627655817,267.560203082986,282.8140694293437
2025-08-19,429.6707407848108,439.6989855724117,227.12033417574995,236.7868585165369,166.59685628962745,184.85391537127236,262.397674419195,277.357220005816
2025-08-20,426.83501573566207,436.80473992656096,223.59467037827554,233.1111380760085,166.65040903834924,185.00890609474507,260.39876656227773,275.28966414190774
2025-08-21,428.98316998138955,439.0030693091912,223.69953448184773,233.22046532645538,165.61557135709816,183.8600689061737,260.39838275713964,275.2892583888815
2025-08-22,433.58602680823554,443.71343655894555,228.10328242682297,237.8116422696103,167.3996324254998,185.84066522499373,264.0062490279549,279.1034404108386
2025-08-25,432.68544380074877,442.7918183414487,229.031896590485,238.77977940882982,166.29769175387082,184.61733286466048,263.6636530594671,278.7412530996371
2025-08-26,442.44009956831644,452.7743167742021,231.39789715707454,241.2464799068027,167.87201451783042,186.3650857449621,267.43366593078525,282.72685407178164
2025-08-27,442.3964908426955,452.7296894654033,232.8597246718452,242.77052462156493,168.1137613190385,186.63346379156573,268.1317054197514,283.4648109331454
2025-08-28,450.1553255005323,460.6697497460913,239.03942580759085,249.21324153555105,168.54640037082805,187.11376310896514,272.4760882590001,288.05762720685306
2025-08-29,436.25226578981244,446.5624100041199,227.86230579835367,237.63353509940526,166.3128515531793,184.63416269365916,263.95037696181925,279.1006266327587
2025-09-02,430.1320805407594,440.2975836896003,228.1422719617256,237.92550681836596,164.48799505098796,182.60827684556256,261.8975148659692,276.9299341566298
2025-09-03,430.1348751891197,440.3004443851308,230.783857663788,240.68036943791938,164.80882655598305,182.96445170359254,263.1205060159012,278.22312267274896
2025-09-04,439.86892117083585,450.26453941353435,238.8659795799231,249.11920023641503,164.9625787294285,183.13514148217138,268.5175585261048,283.93411067958004
2025-09-05,433.52209079073606,443.7677115625811,244.42655013657622,254.9184559209948,164.47926090733532,182.7491364753495,269.19613315229697,284.72038641523255
2025-09-08,435.717337495561,446.01483951109833,247.16388531844385,257.7732900521888,163.28301743345816,181.42001777272787,270.1932337471414,285.77498873560967
2025-09-09,436.6821021483477,447.0024048768741,249.7274031393947,260.4468457861204,165.58035973213845,184.05113392306455,272.5350828626979,288.28775278087016
2025-09-10,458.35433025601475,469.18682240969144,259.74105687148693,270.89033134890445,170.3979978291629,189.40618784384793,283.46813242082624,299.8527383051104
2025-09-11,460.3712144905506,471.2513725681715,261.7747960297295,273.0113678961845,171.46127939814423,190.58808030239248,285.2261024570185,301.7123199261867
2025-09-12,456.2217526069142,467.00384460262126,260.08855826267103,271.2527490896186,172.30520643440525,191.52614885245146,284.07298105899207,300.4925475099945
2025-09-15,463.59840578092405,474.56868019741427,265.24509687796115,276.6306299334641,175.30086245475562,195.03054913479764,289.15143540511986,305.9471956473664
2025-09-16,459.2837475016278,470.1519228065873,265.48647657358043,276.9182283775917,172.67834535692427,192.1128741014677,287.0815589930804,303.7718040573182
2025-09-17,456.03307961568936,466.82433334736277,265.560146810358,276.9950708281598,172.63352199720865,192.06300598138552,286.4039881953482,303.0548408907338
2025-09-18,470.7009225882162,481.8392660865931,273.3372136538467,285.1597349165505,173.93231242151424,193.507972116271,293.26754812268035,310.33906706952604
2025-09-19,473.12638326333865,484.3221211980654,273.43748575515684,285.2643440381805,177.81922853137704,197.8502135758508,295.68312099408655,312.9033982139324
2025-09-22,483.85361539582163,495.30319518754203,274.35447042238013,286.2688067615778,180.62221890858382,200.96895528540423,299.8019641212099,317.2796014907984
2025-09-23,473.8680998610283,485.0813892681382,273.6963066845837,285.58206107967715,179.3475349110356,199.55068065200524,296.77803134509657,314.0793816758532
2025-09-24,470.27118355122406,481.3993580000432,269.0029818018412,280.684920122365,177.54094329197616,197.5405800536204,293.3356576627183,310.43632699030815
2025-09-25,462.7383837443932,473.68830718981167,267.04580334291626,278.642747668629,175.37647858936597,195.13229267533356,289.8612544051955,306.7593754926873
2025-09-26,468.4975409284074,479.5837451157967,266.53397603554913,278.1086933398535,177.37143552638346,197.35197757287483,291.98226303883365,309.0040331486564
2025-09-29,471.01176170580084,482.15746068766686,270.37890503956726,282.1205953014607,177.01696736585643,196.9575792738532,293.69546032632775,310.81710516852974
2025-09-30,480.1480170367847,491.5099100928111,275.8224406887406,287.8676634253171,177.8959106140654,197.9355337437688,298.04802256728885,315.44795451627533
2025-10-01,486.83438925584187,498.36637628983084,285.4181984956037,297.8824699499759,179.62264835262278,199.85678507966003,303.8568172224232,321.59842151630517
2025-10-02,486.63697074706835,498.164281390618,285.8676838096312,298.35158438015065,180.89403397050236,201.27138977743238,304.6824083885229,322.47221733323795
2025-10-03,481.04248915548936,492.4372793966192,283.8269595566291,296.24220289707586,182.22058444493757,202.74737354394523,303.51666677407064,321.2458897853995
2025-10-06,488.0894665363748,499.65118346464646,288.2931123730307,300.9037154992351,183.5828203399283,204.26306262318926,307.3495718819852,325.30268516649653
2025-10-07,482.6884482813397,494.12222750869705,284.4913873244395,296.9356942620596,183.02943762301945,203.64734243570524,304.5473733286268,322.3368026757697
2025-10-08,498.5533558700871,510.3629382712682,298.1388457457097,311.18012387149105,185.09070933081495,205.94081233203448,313.9140951351988,332.2506598392195
2025-10-09,492.89099432358677,504.5664484023299,296.111292024337,309.06388029177646,186.01324487101988,206.96726967957972,312.51502417288015,330.76986538750157
2025-10-10,477.4380219930919,488.74743069688884,280.37973821743253,292.6588322333356,183.18969063933577,203.82564763793914,302.0603847952087,319.7098936751761
2025-10-13,496.9498996537956,508.7214998649262,290.71748263346524,303.44931312884387,188.72666268620793,209.98634865483658,312.92034538912407,331.2044061023892
2025-10-14,497.2714193944419,509.0506356687803,279.8071553252512,292.061173352391,190.31894300356177,211.7579962064707,309.9372403156711,328.04699700850176
2025-10-15,502.6981823683357,514.6252092196108,288.41899273100023,301.0501619810749,193.49640180229957,215.29338946596744,315.93307975555734,334.39732478259214
2025-10-16,497.8163099922377,509.6275094445755,292.18445042008267,304.9805260548737,190.9672910046256,212.47937932988987,314.87153390114514,333.2737384391673
2025-10-17,492.76418056648924,504.5289334257662,289.43180425396,302.1073290911748,188.43947933652927,209.66681466777214,311.425777988583,329.6424138948647
2025-10-20,499.487819644754,511.43231064015964,291.06270381421916,303.8096531029946,187.5639285744114,208.6926348408084,312.92900068134384,331.237703917503
2025-10-21,496.273406118542,508.1410293067474,288.59245465119204,301.3292468126198,183.5710443646566,204.24996010755123,309.15581029211296,327.27958526185085
2025-10-22,475.7157800379813,487.09179888680393,285.7547301401805,298.3662816491739,181.67202051110695,202.13701496594,302.79782628514687,320.5488744046452
2025-10-23,496.1644447840154,508.0443950853452,296.04005023614116,309.1055359428749,183.91499014843217,204.63265070485357,312.0082521300529,330.3024632577313
2025-10-24,520.0095990457452,532.4604875723647,303.6301483601458,317.03061684530024,188.3996408590907,209.622488464499,322.19724374640697,341.08887357226143
2025-10-27,522.6882459677656,535.2032708762703,309.2828126738299,322.93275687936904,188.33508005536905,209.5506550136936,324.7569844206514,343.7987014189029
2025-10-28,522.3272527822061,534.8336342235121,311.07010297832477,324.7989277809606,187.06874335880053,208.14166798825048,324.62411404429065,343.6580403552729
2025-10-29,537.6805778976279,550.5545728212156,322.5492551384637,336.7847029414472,189.706598939648,211.07667279264274,333.42228070321045,352.97207644167077
2025-10-30,517.619628899357,530.0132929979484,317.863969570447,331.892636123488,188.55609732658084,209.7965694441765,326.9166954088733,346.0850443424135
2025-10-31,521.8611712936932,534.3563930781999,320.1574283949943,334.28731487914666,187.75124574864736,208.9010529249217,328.1808587185896,347.42333027654735
2025-11-03,522.4222746173681,534.9309312210546,321.6571494692397,335.85322491750014,188.1829954878618,209.4050079247756,329.0776329751233,348.3851155858805
2025-11-04,505.89918084926455,518.0122155278962,308.2585715168286,321.8633116758667,184.05447978078845,204.81090598630888,318.51768313439453,337.20559751112427
2025-11-05,523.0854250433217,535.6099598385746,317.2461967855613,331.24759844155716,184.4380424106854,205.2377242296097,325.5501037055856,344.6506208370582
2025-11-06,509.0766337164098,521.3644185623532,314.28838159860555,328.15924249831687,181.80452110916747,202.30721210982574,320.10596232410757,338.9083155038203
2025-11-07,510.61831118870936,522.943308115952,312.64605159319285,326.4444296001525,184.3472076061464,205.13664568680608,321.24449328734016,340.11372138909843
2025-11-10,518.6977434057045,531.217756796451,324.47603695996355,338.7965217041607,183.95225621177005,204.9313538047151,326.9728170179165,346.3020226078325
2025-11-11,507.31049779350593,519.5556527154024,315.9468645775537,329.89092126830417,181.15832775480666,201.81878778943405,319.9776766547744,338.8933600826873
2025-11-12,507.9767428641379,520.2379792078488,316.8443734385348,330.82804094946135,181.05171420907394,201.70001534972135,320.38088322570746,339.3204024659544
2025-11-13,478.64382293393885,490.2308043426775,298.6228991662172,311.80237679989347,174.33845701579776,194.29480592622284,303.98132440073675,321.99746807598467
2025-11-14,485.3998764087904,497.15040796120314,301.1307174484633,314.4906651919213,174.96157798742146,194.98925493261285,306.63806526629884,324.8371871056566
2025-11-17,478.8178887825004,490.409083967025,296.094587082377,309.231102161475,174.55854766566642,194.72485264286965,303.2282419599011,321.3223337395231
2025-11-18,478.33415357766614,489.91363852890953,288.1498845167567,300.9339253879314,174.85523640922247,195.0558170822645,300.42823601101145,318.35524716418774
2025-11-19,487.1975245040754,498.9976799754181,292.4330638137451,305.4071319663227,175.47515045108793,195.86695009325018,304.16212495144384,322.37623228084436
2025-11-20,465.92172962124533,477.20657523412905,274.4208140040778,286.59575173834975,171.15605278777028,191.0459342155364,290.84345736668234,308.26000437882703
2025-11-21,469.19402723031664,480.5581294456941,277.3724578820932,289.67834807548894,170.3096352979303,190.10115535759348,292.11991391953205,309.61289884010677
2025-11-24,489.06256780057,500.90789550648395,297.271226770274,310.45994457673356,173.85740337755956,194.0612061773753,305.3978935027294,323.6860022254033
2025-11-25,492.81182389501174,504.7684331472507,299.082362074929,312.35143260405846,172.86441324212385,192.95282160667972,306.2813692092164,324.62679637184
2025-11-26,501.2138221822506,513.374280866641,307.3041625887447,320.93800103711015,175.96050392631557,196.40870603228555,312.7113156436108,331.44187923903905
2025-11-28,508.1274702641616,520.6127163519016,314.17800966818425,328.11681281279846,177.68766928343223,198.33658362598197,317.58657542938306,336.6430082533684
2025-12-01,497.9931199833944,510.2293540326217,310.5331263127184,324.31022077622356,172.74795114818463,192.83699048377704,311.4236263495095,330.11771414218714
2025-12-02,499.46875786504074,511.7412499462913,310.2473580075861,324.0117740912313,172.53635967733982,192.60079282019524,311.5107433013003,330.21006053647113
2025-12-03,500.74235241267183,513.0461381008886,309.7258422549031,323.4671208012613,172.65812244073797,192.73671550229145,311.65556572209954,330.36357633445726
2025-12-04,514.0665039132188,526.6976785345868,312.90179600437887,326.79634502687526,175.07834491354436,195.43838816963813,316.91748576194055,335.945882372863
2025-12-05,513.9566607987927,526.5851364550487,318.9542218050661,333.11753159553035,172.90986612046103,193.16275965803553,317.8742742224191,337.0364518953374
2025-12-08,512.8262871898947,525.4269883338401,324.16472920415134,338.55941398642824,171.53260571774055,191.62418105563302,318.75354999691655,337.968732395227
2025-12-09,509.38557064409247,521.9017296302006,324.6563142591967,339.07282810328553,171.8515685353819,191.98050391601265,318.390770998103,337.5840842607363
2025-12-10,528.1820812594157,541.1600910100595,332.7104100216169,347.4845697144412,170.5578940129893,190.61422533878778,324.4924943187768,344.0951527169153
2025-12-11,530.5266943761007,543.5623138279622,333.56955287131746,348.3818631998841,173.85869675388835,194.30317776807084,327.12015829444323,346.8815544144148
2025-12-12,499.35237476671597,511.6220071883177,307.1248921374756,320.76291507095004,169.0097551239343,188.8840369076877,308.406285577729,327.0371727935051
2025-12-15,500.03987704353887,512.3264021458444,304.21212994814897,317.7208103289526,169.5746942412521,189.69191993190583,307.81272721079614,326.5005876843262
2025-12-16,498.36561286191437,510.6109994673924,302.73911973186756,316.24041980028255,169.38991735269764,189.4852223293787,306.83058006201276,325.4800560008997
2025-12-17,465.62637343715494,477.067321225871,293.35576215435145,306.43859127518795,165.13446495466349,184.72493106555663,294.26944042809424,312.1554374747521
2025-12-18,478.746601669154,490.50992777392264,302.388140187045,315.873787570215,167.73157796953996,187.63014847595142,301.697884554593,320.0353900199114
2025-12-19,488.00214116335866,499.9928859672184,315.86632465897236,330.0107219917287,167.90308137194592,187.82199791329114,308.57928236371475,327.35615238495427
2025-12-22,495.7709352957189,507.95256784374465,318.3546447498718,332.67443348237316,168.58185734504414,188.60067956040487,311.4429000352773,330.42642901532207
2025-12-23,498.99635317477623,511.2572377576012,320.7060931000701,335.1316514330643,169.27586586195827,189.3771004634135,313.31363754660026,332.411194490539
2025-12-24,498.6688200188698,510.9216567548597,322.9655973705125,337.5396888516817,170.09723225739722,190.2960027865194,314.4835739559179,333.66794846837723
2025-12-26,498.69144833186084,510.9448410701785,322.6303451306628,337.1893080753792,169.64057465420456,189.7851178333878,314.0994160420145,333.2603558510343
2025-12-29,494.56319541959687,506.7151524817538,321.7576694144153,336.29210255402626,169.50277556686714,189.63095532786122,312.8606754895669,331.95095807513553
2025-12-30,491.2144270833022,503.28410125540455,320.20713470121126,334.67152710749417,169.4412234485867,189.56209399533768,311.61220226467447,330.6263049128751
2025-12-31,485.6332910716265,497.5658306453598,315.468520050064,329.740903109565,168.28031779482865,188.2633326775278,308.181540458372,326.9935964253021
2026-01-02,509.9392157484129,522.482567223279,329.55915613552764,344.4690257998152,172.37852561127585,192.84819602720444,320.40381765991947,339.9649135648532
2026-01-05,514.3326696529106,527.022428160545,326.2175979107301,340.97628926095837,172.3899679992937,192.86099718024636,320.248711524121,339.8087062667036
2026-01-06,517.7610152359559,530.535358838212,339.5507364461009,354.91264380194525,174.18124961936624,194.8649905882575,326.41054045989324,346.3468843875039
2026-01-07,507.863708057659,520.3938625477336,332.17448470701993,347.2026767040488,170.6959616420972,190.96583031485235,319.78725003638806,339.31905985909697
2026-01-08,486.71706452822997,498.7254831545949,318.7764558889,333.19849612313465,170.7970205548944,191.0788898096839,311.0289495863826,330.0258242021995
2026-01-09,496.40506653918584,508.65251024249847,328.66247550229116,343.54603573712063,176.41803293791446,197.3673882990867,319.7337868459405,339.26704465898075
2026-01-12,507.5419996591616,520.0642168702577,335.49258232664295,350.68544561219403,176.36854585545922,197.31202470582994,324.2750614787288,344.0857559964637
2026-01-13,517.1519810568687,529.9112983986684,340.1399719477336,355.54329340394906,177.46330473551257,198.5367844278103,328.48468307593936,348.55255286678135
2026-01-14,510.9733464878548,523.6120007159345,332.91121441082464,347.98717982172604,177.2683828208882,198.3187158518773,324.7089588009086,344.5530972072479
2026-01-15,523.3150853669001,536.2590059485727,340.93656124517145,356.3759564416967,180.7335854417363,202.19540566535358,332.0465487914024,352.33911384995986
2026-01-16,542.2795362149792,555.6925324119295,346.0080131462179,361.6770702770175,179.77561032286584,201.12367255441075,337.1084396342145,357.710355142644
2026-01-20,537.2489974193359,550.5375659120701,342.82977289746725,358.44799841018494,176.414441341805,197.36337020676274,332.9540448307585,353.33284533229653
2026-01-21,546.8019357821737,560.3267911295158,351.6739250396647,367.69506177406015,177.99152779726546,199.12773312166746,338.81377133679183,359.5512225269578
2026-01-22,543.8185514005104,557.2841380536267,354.99950396651485,371.1721434166777,176.22387193535795,197.1501709922958,338.18500375233754,358.88714079238264
2026-01-23,539.5988696763108,553.0361566981254,349.84920740659174,365.78721585475495,175.61863087735676,196.47305854001544,335.24765195515386,355.78660700132184
2026-01-26,543.367514282986,556.8986494614758,353.59091363712025,369.6993822271108,175.49653282146784,196.33646153796366,337.1856592893848,357.8433463991027
2026-01-27,555.631541850539,569.4680802975113,370.0384145632907,386.89617857303,179.1001734402853,200.36802863720007,347.33429682010984,368.6137404397027
2026-01-28,560.5902752986482,574.5502979268363,379.1758085912217,396.44984298296623,181.55560107075394,203.11503431747292,352.85924561245923,374.47717534587474
2026-01-29,568.9910946702357,583.1603175533876,377.23103897537936,394.4164758973832,180.53943416272222,201.97819923676005,353.3741281991267,375.0236022259622
2026-01-30,554.810355370032,568.6264443330318,364.37174879824533,380.9713576802206,177.60071458742388,198.690511476835,344.3973081516977,365.496817093509
2026-02-02,568.0679259919775,582.2141597934311,378.229537592903,395.4604629112349,174.88403297460445,195.67611258367677,350.04012227985385,371.49979951163465
2026-02-03,580.9466564558146,595.4136010805191,379.2931346988723,396.5725140919927,177.6847102477863,198.8097642504202,354.8167530884967,376.5692680519673
2026-02-04,559.6145632839267,573.5502883771694,356.84109088330126,373.097627130188,171.85214151567064,192.2837575220459,339.43596175626993,360.2455367635744
2026-02-05,561.777660359432,575.767251681633,355.31822520801427,371.5053845762793,170.41133793660748,190.67165584213632,338.5133261218498,359.2663377192565
2026-02-06,595.745538881904,610.5810106513757,379.23004677399905,396.5065520834905,175.89517095386788,196.80746543334897,356.8191803772741,378.6944568202501
2026-02-09,608.9267703266025,624.0904859086114,387.3271559170096,404.9725395637814,178.9102196048861,200.25581301440667,364.08131466168646,386.4452930865472
2026-02-10,605.6156113826424,620.6968712820968,378.5626763553792,395.80877840785354,179.60830230388842,201.1654239499503,360.9569584868971,383.2035202367197
2026-02-11,639.3217736816173,655.242396675896,385.1813601608479,402.7289882313151,181.02954722487647,202.75725090560815,371.0874560785585,393.9583824096155
2026-02-12,627.863708130687,643.4989982153267,379.8602475978792,397.1654628367985,184.28068897320523,206.39860433824273,368.9312660766524,391.66930173225927
2026-02-13,633.5951790806153,649.3731963363804,383.12504483122603,400.5789937667924,188.2401202684408,210.83325833190457,373.6280919599032,396.6556032014024
2026-02-17,635.2026148368009,651.020661041548,381.2055228229006,398.57202448879355,188.5897611819327,211.38359063349307,373.55601823541576,396.6712560786321
2026-02-18,628.9774628180506,644.6473288107868,386.3085141422226,403.90749173499034,186.41385813204965,208.94469789259327,372.57266429135586,395.62854717028466
2026-02-19,642.298199546639,658.2999282400295,387.0333440009704,404.6653425186613,188.6757512764885,211.47997388798262,377.00207603788687,400.332063831745
2026-02-20,651.4477480170934,667.6774216002478,393.58854799612806,411.51918059513855,188.56996896794485,211.3614062411214,381.00044764319387,404.57786633114
2026-02-23,642.6328108502528,658.6428757950946,390.7131240616234,408.5127615633464,189.1704360381899,212.03444853445737,378.5739510760524,402.0012110808205
2026-02-24,664.3127060429281,680.8628874028855,391.08434134049054,408.9008903115021,192.33902150165397,215.58600386969098,385.2055841894852,409.043228988989
2026-02-25,663.3490455154607,679.8752189701742,403.88072440517533,422.28023556982095,194.27436348094156,217.88044689560977,390.35514059271276,414.58411044749437
2026-02-26,656.8898923574244,673.2551473843781,390.925006191,408.7342963633495,192.93177231900773,216.37471882568389,383.9522647182555,407.78381419755397
2026-02-27,650.4336542053514,666.7949423801144,395.56585646644737,413.6569617188814,192.77782390233872,216.34723712405165,384.0083874269695,407.9851919709584
2026-03-02,659.0044676451234,675.5813497512177,395.2996582482346,413.3785889919112,193.08203732934004,216.794351964266,385.9145998149673,410.07173084780015
2026-03-03,632.7272119410043,648.6431046437408,372.09112970635726,389.10862421699835,189.28860960799753,212.53505515992904,370.4943425227113,393.6862103181657
2026-03-04,639.8716206797648,655.9672269158608,382.7109519377181,400.21414135505796,191.31224249381467,214.8072094533188,376.69820138486114,400.27841269339854
2026-03-05,618.6622768072272,634.2243740761094,377.4612621916386,394.73585643197373,189.54078891839671,212.81820449340913,369.4330102005998,392.5622463255908
2026-03-06,601.0817150013482,616.2372741647292,363.4247676577213,380.0569787665472,184.8017059318252,207.4971169433218,358.2533084487404,380.69041031166046
2026-03-09,631.790448064575,647.7202913380145,382.00461935004597,399.48714128856324,188.03903461998766,211.15497832940852,372.7596487332912,396.1185809203613
2026-03-10,635.3437810081465,651.4963086082728,388.6950478987487,406.4837587102691,188.38119746137085,211.61927625493118,375.8969176846553,399.5279446143609
2026-03-11,637.6599273330875,653.8713389871037,390.17649129512296,408.0330006759953,186.55886331520057,209.57818942058483,375.7511436275313,399.37650985602005
2026-03-12,625.4634652567623,641.3648027490403,380.1485851044805,397.5461652444615,187.28082875285625,210.38923750781763,370.3571719309958,393.643392001401
2026-03-13,620.1888804906076,635.9561206979806,385.6260838176453,403.27434284099695,186.70261825788535,209.85372931752596,370.67490045466036,394.0472010480659
2026-03-16,637.395353594846,653.6000389146525,397.70708473898475,415.9082333164102,188.7259063633158,212.19430129560845,379.4752256821875,403.4408861729712
2026-03-17,641.9318121950398,658.3118262600346,401.71863802251625,420.10337618167557,189.28941458972042,212.82788275074827,382.0829565841613,406.2264189888285
2026-03-18,643.3931904808827,659.8104941713823,399.9106111371154,418.2126045646973,188.28790493961617,211.70183363253358,381.188671296538,405.2756246555943
2026-03-19,655.2164765168056,671.9354720504009,409.79215385867565,428.54637817213006,187.54620836127543,210.86790579375887,386.444236106776,410.8632836595792
2026-03-20,630.0908227863806,646.1686932757297,388.8749316878494,406.671874918901,177.66798627993154,199.77883938160926,368.2852293903943,391.5669812046766
2026-03-23,648.5448102326668,665.0935665204495,397.0574105892601,415.3989826556099,180.30593314538345,202.7450798066006,376.28645399423334,400.12862824994545
2026-03-24,672.1362429690654,689.286975966359,404.418048559969,423.1554811499065,181.3374801790569,203.90500328786368,383.91921359650166,408.26293168190443
2026-03-25,676.295857645769,693.5527304940796,407.75745472942026,426.69065349454564,183.08809245890237,205.8734799774327,386.9934430162122,411.54526203375315
2026-03-26,635.1393074135399,651.3459988269011,380.1496481853382,397.80094742243386,180.64258201945438,203.12362476987292,368.569730319627,391.9527035390783
2026-03-27,641.460012612461,657.8279878850922,378.8295764637543,396.41958146821463,181.89361569969284,204.53035010007144,370.24889494530464,393.73839851232196
2026-03-30,610.5195575397194,626.0980329314584,355.9882496249514,372.5307002783812,180.1729972158749,202.59559994663582,355.8211783446894,378.3995307862696
2026-03-31,645.1750773613716,661.637849015306,379.5028287357972,397.1666521966984,182.40838914104756,205.10918730542082,371.5409316515137,395.12596675818736
2026-04-01,663.3579375536626,680.2846767194627,396.96519586145837,415.4417989560309,183.67790202395327,206.53669158256898,381.47331259849335,405.6888450026952
2026-04-02,660.200360255828,677.0599303668433,404.3775330306977,423.1991407083092,184.53311908433523,207.49834075369913,383.7889972367917,408.15423471921474
2026-04-06,659.2236713197887,676.0587128637378,406.6067881426955,425.53215570235795,184.2851227813736,207.2194812100414,384.1310922735195,408.51813149069517
2026-04-07,662.1153328386956,679.0242207020653,416.06907642791305,435.43486281228627,184.32861725377447,207.2683885872099,387.71162960871186,412.3259836831543
2026-04-08,698.8589338768829,716.7061679751713,446.49839406498444,467.28050215786095,188.54784998329137,212.01270654472702,407.3918402254267,433.2556169000328
2026-04-09,716.2491029345542,734.5404415625784,454.14496492888674,475.28297992836303,190.14611112973404,213.8098719404216,414.29823852345646,440.600476466966
2026-04-10,723.7472879589236,742.2301128182245,464.64037882058653,486.2830592980611,191.00237453519102,214.77269767469662,419.6640069105928,446.31208142482933
2026-04-13,733.485850403588,752.2173755302898,478.9827669152827,501.2935075463009,192.59610524762311,216.56476882202674,427.19026332974505,454.3162445468873
2026-04-14,738.2016944447228,757.0536512758692,487.38523200038446,510.0873546019529,197.4678578791364,222.04281304854567,434.12778046719757,461.6942842704524
2026-04-15,726.8154319433046,745.3766100743204,483.27333969824946,505.78393273134003,196.34764374260106,220.78318780743277,429.8372891388341,457.13135277391103
2026-04-16,714.9046934406151,733.1976515290906,492.5380565060795,515.4801946969437,197.76099466106336,222.37243082212225,431.41799577738277,458.819696047526
2026-04-17,738.4556159842193,757.3511943142289,501.65060330836764,525.0171986660381,197.96576018780712,222.6026795018916,439.02463875202744,466.90947823493724
2026-04-20,748.108615194132,767.2511941545686,506.26968098916507,529.8514303173102,197.04525557137296,221.5676177118239,441.72748759259963,469.7839996865961
2026-04-21,749.048095136827,768.2147134795398,512.6070018711554,536.5889433221431,192.71775326192102,216.7015559811451,440.92098381380237,468.9599548062729
2026-04-22,769.1562677563045,788.8536235244035,526.8103612624043,551.4567964329177,195.5073501739862,219.83831936268547,451.2499786234456,479.94906455427605
2026-04-23,786.9474314439294,807.1004018840715,525.8901720589096,550.4935568545325,198.605156291654,223.32164871073036,456.5662389474648,485.6034341726937
2026-04-24,782.5232144457764,802.6384543640556,536.3734549309569,561.4672924030626,199.79544469007004,224.6600689840951,459.83611286980965,489.09653779120544
2026-04-27,787.8908208070402,808.1440383440666,532.8886509631105,557.8194544453956,199.84574476713107,224.71662892618968,459.81655062311813,489.07573075395794
2026-04-28,765.0124699595235,784.6775854342254,506.54671496016766,530.2451303466557,196.79882532094453,221.29051911657365,444.9380778942889,473.25050673256504
2026-04-29,757.1753806925876,776.6390389734898,522.1406455550901,546.5686115118067,198.4901213952734,223.19229767474184,449.5025443990724,478.1054206940216
2026-04-30,804.0043921956124,824.67181898348,540.4192244591717,565.7023402821305,204.29675871246363,229.72157336603297,468.4087509441129,498.21467245816643
2026-05-01,818.6282520940275,839.671594183777,548.6304072731808,574.2976772430205,203.55864393773726,228.98964898963004,473.3400774889147,503.5238744557211
2026-05-04,823.7209840680086,844.8952379615295,555.6179110644596,581.612086258378,203.91443366258875,229.38988826530914,476.78398657847896,507.1873936262298
2026-05-05,861.3706095069358,883.5126701499007,574.4352364101435,601.3097663262118,203.91934121781242,229.39540893162095,490.0630583921149,521.3132409963678
2026-05-06,882.5105646140192,905.1960407889334,585.0404882606815,612.4111770821573,203.41115184192495,228.82373039931394,497.178567452744,528.882489537374
2026-05-07,844.3150579856028,866.0186951997713,562.5583803578126,588.8772603014281,197.20957721750685,221.84738014978652,478.3545674479421,508.85812678859673
2026-05-08,847.8094268931548,869.7544568179392,592.265987831762,619.974716334778,195.68857178988426,220.26463105602812,487.36265323177304,518.5550797047935
2026-05-11,876.2363298298852,898.9171727992374,609.3378724902269,637.8452965569844,199.04411816752116,224.0415924702858,500.60899936521463,532.6492250593359
2026-05-12,864.9784375530156,887.3678768471206,593.2962105716703,621.0531372876247,197.3531895887736,222.13830421929976,492.18313495049085,523.6840842874988
2026-05-13,869.4834881228064,891.9895379032196,605.5060033127459,633.8341561991903,194.36742511858458,218.77756473701396,494.8522546798862,526.5240343428429
2026-05-14,881.9898131472921,904.8195815231886,609.2107040563777,637.712178641517,195.5653824983652,220.1259707162939,499.28614340445597,531.2417030146729
2026-05-15,858.9985788926164,881.2703514269133,587.4899070595795,614.9751901374929,189.26394609296588,213.06277288251732,483.595752806318,514.5739358406657
2026-05-18,807.7294812874834,828.6719691082104,562.1868631208703,588.4883619038854,188.7996863025014,212.7062293361677,465.29833961507967,495.21290277653446
2026-05-19,790.2213184390328,810.7098615967118,565.162463145727,591.603173186718,188.34367250299894,212.19799913655515,462.5114548131758,492.2504528439909
2026-05-20,796.7954324294689,817.4622621565826,581.4854855521824,608.6898561874021,193.67242027680936,218.31154077175157,472.62718438857377,503.0899249470662
2026-05-21,799.5780086167707,820.3170112328409,608.1744857694392,636.6274816443831,197.70858825881658,222.8611924449543,484.383456154277,515.6039361500324
2026-05-22,806.094782668568,827.002813687936,621.0511580315793,650.1065795447743,198.89435396037467,224.1978119643028,490.5374139440646,522.154541499991
2026-05-26,829.9966706629355,851.5246553482401,655.0382069941987,685.6836875884014,200.76254783826275,226.30367857845042,507.21429303414715,539.9063131435007
2026-05-27,822.78750652567,844.1285039848489,654.1824199052454,684.787863130105,197.9989121369055,223.1884514994848,503.62999388454404,536.0909913640427
2026-05-28,815.9272499698394,837.0903099706027,661.6696596928055,692.6253879226676,197.1234847143979,222.2016516796224,504.05211560813507,536.5403205462281
2026-05-29,809.3249510439543,830.4919363358562,691.3025964020353,723.7118465003272,196.47761173178273,221.62033828321353,511.67415965657244,544.8063461276489
2026-06-01,802.3394395574152,823.3237266405181,717.7670730689515,751.4170155174276,190.44189315312593,214.81224457017387,514.4971324036586,547.8121134475977
2026-06-02,826.6137047863999,848.2328580186447,758.5150127953963,794.0752766811961,196.62125249335972,221.7823603776973,536.3597195344212,571.0903579843209
2026-06-03,835.4201295795542,857.2696049634027,763.7178801616631,799.5220618782062,193.3713468336067,218.11657278309735,537.4723955235302,572.2750825372616
2026-06-04,840.5972696807997,862.582147350511,739.082500472502,773.7317405097172,194.85137899553712,219.89431742152,531.7267077925457,566.227995304793
2026-06-05,800.1894219553357,821.1174777423421,663.429952268571,694.5440755535801,190.51392993084414,214.99940517430866,496.9746347088659,529.2247401573741
2026-06-08,802.8740854025156,823.8723555473357,695.2635868819634,727.8706720517715,187.4527915103791,211.5448392021768,505.43194502480816,538.2308695285578
2026-06-09,791.9448084191283,812.6572355970906,675.5768651102785,707.2606650316782,188.64632461097978,212.97614876678165,497.91246890041106,530.2784488504669
2026-06-10,747.2530108342653,766.7965742314592,652.0707775322501,682.6521682176029,183.90743827843005,207.62608555918268,478.51019163457846,509.6149585076489
2026-06-11,788.9171939775209,809.5504372995149,699.8823024937145,732.7060002636488,186.83857707549993,210.9352549998711,503.74635628403144,536.4915584747076
2026-06-12,803.7538133187179,824.7750917593272,712.7416224195806,746.1684079219373,189.90847808482872,214.4010828945326,512.8176718397273,546.1525399571168
2026-06-15,825.9393212977119,847.5564659967739,760.9138448938124,796.599853790969,193.32911648253886,218.4387909623002,534.7108626772683,569.5866808571573
2026-06-16,817.7234805848383,839.1640459874153,730.8975638619949,765.2254385635707,196.3069345138509,221.80336936776914,525.6920419779129,560.0033268519371
2026-06-17,829.0819266386078,850.820308492919,742.5554615711358,777.4308697050693,194.83319271912634,220.13821731158976,530.566946091401,565.1964100710895
2026-06-18,850.6511504678427,872.9550735658306,778.8754149762381,815.456652861566,199.67727029998233,225.61144591440777,549.5820306208601,585.4525862095051
2026-06-22,890.9155260846383,914.2751740080749,798.9472760250313,836.5944709903661,202.90932977730495,229.2815428201714,565.9394824316228,602.9229552843218
2026-06-23,832.3764529221866,854.2012166744506,742.5071535543009,777.5734482977142,202.04063980972657,228.29994884311097,539.2607815987247,574.5196453774728
2026-06-24,837.0381217774043,858.9851136646657,742.0894848164967,777.1755921392786,201.74176369791104,227.96222767423043,539.8922653581551,575.2018785241709
2026-06-25,860.5270134152497,883.0898798974721,776.9299277325293,813.6632966650448,201.50579225808136,227.69558692466495,552.9288641708023,589.0910868120986
2026-06-26,812.3570311086362,833.6568891526672,726.8157822011077,761.1797464668265,198.92617922331198,224.7807004719815,528.4014266354865,562.9595249229155
2026-06-29,834.856055173141,856.7458336589871,757.3150284885334,793.1210019059776,198.55946868080682,224.3663284022187,540.0838400469016,575.4059824314041
2026-06-30,859.6201357921984,882.1592241031309,783.247321670245,820.3090223779383,195.6696952932501,221.1009699220204,548.8651027666181,584.7686435540753
2026-07-01,814.9745353682237,836.3561392977083,735.1241203336203,769.9087271583358,190.98162966671353,215.80359438549766,523.630542535414,557.8863185407406
2026-07-02,779.1409230877631,799.5823993544891,679.0846360079194,711.2175662313492,191.18848784217352,216.03733800717578,502.9226240194707,535.8236932982112
2026-07-06,800.0528345334685,821.042953964534,700.2763133051477,733.4225048675198,192.5390676882619,217.56345329794547,513.6495996648072,547.2549404793541
2026-07-07,763.5454469765739,783.5777616329307,670.175431980033,701.8968579753829,191.1535539628502,215.99786375650072,497.43649938052266,529.9811039245277
2026-07-08,773.3097534794424,793.5982436667268,692.6422749273215,725.4271244113481,190.0101725360888,214.7058765529182,503.77459301200525,536.7338650584079
2026-07-09,790.0771066074834,810.8055036728,722.5610438030512,756.7620389221983,191.25095358055808,216.10792244450028,515.5609125295455,549.2913003026898
2026-07-10,783.103629104227,803.6490705954551,719.3852126364562,753.4358860808334,191.88710581033243,216.82675565375308,513.8957950681765,547.5172431286801
2026-07-13,761.3315355487962,781.3057662096054,683.0790217287732,715.4112135740138,190.93416441228527,215.74996005149438,499.7934040809099,532.4922082695282
2026-07-14,775.2249373591701,795.5636741509695,703.6520650166744,736.9580410966312,190.8091441707716,215.6086908753088,507.5095970772321,540.7132304248752
2026-07-15,768.8794361262155,789.051692876972,664.0887771749218,695.5221034269119,189.83041770803578,214.5027589123908,495.9397004980788,528.3863775120944
2026-07-16,744.8016243305469,764.3421776194632,620.2966356996958,649.6571477172398,186.22691969193232,210.43091270606598,477.14828185181824,508.3655370412894
2026-07-17,743.8641172463218,763.3800741775777,618.9249011598228,648.2204848412694,186.1465693726417,210.34011922114706,476.550028945542,507.72814365321034
2026-07-20,751.6757410211942,771.3966430622075,624.9473945943608,654.528041067839,184.8754396666604,208.90378023943634,478.4826311486438,509.7871856622354
2026-07-21,771.3630525548207,791.6004692590293,671.39972277715,703.1790981512214,188.19624397633046,212.6561909164647,496.6948501393877,529.1909325478175
2026-07-22,768.4989551280946,788.661229611122,680.9457298979054,713.1769466018468,191.2532366948195,216.11050229610632,501.1279367457288,533.9140522552526
2026-07-23,779.5302628311267,799.9819537828834,683.9806597824024,716.3555288781477,192.3517050604496,217.3517390686453,505.2252260069622,538.2794051967252
2026-07-24,747.916810776554,767.5390938372173,648.1491603561152,678.8280164333062,192.61354425056194,217.64760961114635,490.22957577301116,522.3026699250821
