date,AGX,EME,ETN,FIX,GEV,HUBB,IESC,MOD,MTZ,NVT,POWL,PWR,STRL,VRT
2022-01-03,0.03304612102247582,0.10000000000000005,0.10000000000000005,0.10000000000081052,,0.10000000000081052,0.06245981785043476,0.03333272933211433,0.10000000000081052,0.10000000000081052,0.021726222257958765,0.10000000000000005,0.049435109532963754,0.10000000000081052
2022-01-04,0.0331004689480169,0.10084554655287388,0.10001378641973074,0.09940432255966582,,0.10010353509894647,0.06283038207740874,0.03485237782412235,0.10060289743684467,0.09906138707933101,0.0220096529582833,0.1017410252462952,0.049036274893318944,0.09639834290516203
2022-01-05,0.03361001473752865,0.10149253326649842,0.10155789385925519,0.0989500616021795,,0.10065572156534729,0.06217910608125408,0.03517305418771463,0.10149480983149772,0.10040238065812848,0.022073098812585255,0.09866870161936202,0.04894650388086495,0.09479611989778382
2022-01-06,0.033291756934429644,0.10080716814431008,0.10052783695322848,0.09999170102988182,,0.09951704820929602,0.06166029784578591,0.03512703211697466,0.10058209972850247,0.10120562918146,0.02173120313947246,0.09800398260898646,0.05164918281417303,0.09590506129349881
2022-01-07,0.03376774578579094,0.10117226965180497,0.10188149178207143,0.10016158100601462,,0.09961851163866527,0.061478389389251965,0.03451301444836225,0.10225778751579623,0.10105941957698182,0.021909588173115918,0.09727772391383581,0.050170272682210915,0.09473220443609784
2022-01-10,0.03362559571150614,0.09990380315173723,0.1011242078274271,0.10038528793559216,,0.0979041987030211,0.06102927336625432,0.03407621143653579,0.10341309719738545,0.09929343490384146,0.021966517296573892,0.09837308331964605,0.05011042733683828,0.0987948618136409
2022-01-11,0.033432380357121615,0.09926838545770182,0.10060879813571284,0.10016588466392293,,0.09866659539853587,0.06097713526735329,0.03373591860675572,0.10395531719863638,0.09892091438840649,0.021391516374019433,0.09910817189120251,0.05040449987181152,0.09936448238881956
2022-01-12,0.033426736287280746,0.09796224863647893,0.1027171216703138,0.10100494597023664,,0.09957808413005456,0.0608933582762941,0.03372512229561901,0.10102694261132927,0.0998467231299124,0.02079797606423177,0.09902712243950465,0.050963680171298174,0.09902993831744586
2022-01-13,0.03367394490425736,0.0992802391879505,0.10258242282029655,0.10085069526095955,,0.09841274640631381,0.0618858447000562,0.03462458591211195,0.1015359152165394,0.10006708413385708,0.020656724039044973,0.09646557660156549,0.05156485899932509,0.0983993618177222
2022-01-14,0.03358974342256822,0.09948735147730718,0.10267072401271925,0.1000617883886103,,0.0986549400029723,0.06178820756865046,0.03449300635113827,0.10401252713929027,0.09908593709467284,0.02117159704399962,0.09623835040492768,0.05207878180899749,0.09666704528414619
2022-01-18,0.03400886166083866,0.09813726488841236,0.10197692636432044,0.09816188947185644,,0.09995820294215038,0.061589881747810375,0.03487350112391791,0.10354277508688088,0.10116733020997402,0.02108511846140083,0.09708125472756428,0.052366370397737116,0.09605062291713622
2022-01-19,0.03450940519753062,0.09899370696663054,0.10226983272367128,0.09719869384377425,,0.10135970162260528,0.061769687743600164,0.03397223344543767,0.1021547027320358,0.10043317246301961,0.020634189876561737,0.09599039965922437,0.05394651232620785,0.09676776139970075
2022-01-20,0.03464941783621124,0.09947977655467147,0.10223362926693728,0.09983232262192246,,0.10098840970153176,0.06263956978762358,0.033133916885459254,0.102559140570551,0.09931434874360896,0.02009749934244164,0.09529940971766893,0.05340768314243699,0.09636487582893535
2022-01-21,0.03419017336739347,0.10012945587069264,0.10337427051644739,0.09799837931152008,,0.10288874855738188,0.06295974462092323,0.03340828391716753,0.10263899158356095,0.0992878493899789,0.020511260352266466,0.09501989901871585,0.05265005700437341,0.09494288648957812
2022-01-24,,0.10722368914118215,0.10719799136661178,0.10343159848292889,,0.10628884187369804,0.06720381754461258,0.03426045091125629,0.10242200032173837,0.10109100227052385,0.022952097110132047,0.09638662010912763,0.055841530579242744,0.0957003602889457
2022-01-25,,0.10421780035117276,0.10568143960276895,0.10190014717894556,,0.10301996206160732,0.06626422934952984,0.0347124673168411,0.10538413818044427,0.10246175157006283,0.024668323743096583,0.09781024032123066,0.055383564940865944,0.09849593538343407
2022-01-26,,0.10476787726320042,0.1072119365614832,0.10072260600500452,,0.10349648013866274,0.0651602465198034,0.0337796102898478,0.10506437079570229,0.10287141985919226,0.024809476507846557,0.09871001078191596,0.05591987356221907,0.09748609171512185
2022-01-27,,0.10640810512207034,0.10759545185597837,0.10152798612486331,,0.10380036033493031,0.06590820063916417,0.033052424102412076,0.10400740824147772,0.10346508278898568,0.02543122022134144,0.10068013375331301,0.054161116695963726,0.09396251011949977
2022-01-28,,0.10704338973728414,0.10720308816987825,0.1030397049698487,,0.10241860989743576,0.06530320085432371,0.03286823468652478,0.10453436413618981,0.10325676421354726,0.025033857180160927,0.10118857627981405,0.05344298190447383,0.09466722797051877
2022-01-31,,0.10600197363985896,0.10607432681755243,0.10341024477046118,,0.10284907645211135,0.06493466623977519,0.03281409786541409,0.1035395970850012,0.10316984910056719,0.02465549672717934,0.1031871134092291,0.05286316672636384,0.09650039116648607
2022-02-01,,0.10396891444406178,0.1058677221647484,0.10176930522803251,,0.10273376306793072,0.06643208686318705,0.03355528229978771,0.10409491783465386,0.10311025637915842,0.023996636153975584,0.10282654137288112,0.054798135570307674,0.09684643862127527
2022-02-02,,0.10404823808081223,0.1079501827564001,0.10008330857621797,,0.10314761795673331,0.06236362217576958,0.03325673531960334,0.10227924270044841,0.10492392394592781,0.023518240089925205,0.10431256587713474,0.055461336053238,0.09865498646778927
2022-02-03,,0.10422653040691932,0.10599062564226877,0.09916483601791698,,0.10298717646433454,0.05973022331934901,0.039115570100574995,0.10267994874752147,0.10379119286909327,0.023900737661743873,0.10313426257945829,0.05745423105566946,0.09782466513515001
2022-02-04,,0.1053092815405104,0.10296413592411006,0.09923610537013887,,0.10445479578019311,0.0583811680444398,0.03773547936620441,0.1037395808399206,0.10482561517756622,0.023323749310723077,0.10229674821372749,0.05729834621031853,0.10043499422214731
2022-02-07,,0.10427231612222126,0.10246006795823213,0.09992064883710226,,0.10390113571910004,0.056464317887200084,0.0373918531105306,0.10471307001768015,0.10476667974614412,0.024389206635560486,0.10132421465137054,0.058428293610958,0.10196819570390012
2022-02-08,,0.10309578513277244,0.10098125562495434,0.09865484603709362,,0.10324884085806149,0.0561021816298698,0.0382314425251568,0.10559877948468728,0.10278908254222958,0.023683807462000647,0.10244333067800897,0.0613459736935612,0.10382467433160358
2022-02-09,,0.1019212369511345,0.10270630915979681,0.10086002273383035,,0.1032158995349111,0.054608577373747934,0.0385406315313247,0.1079003531365896,0.10460289877740636,0.019269541120570183,0.10443464162801161,0.058727711999176806,0.10321217605350022
2022-02-10,,0.10257680838211655,0.10326490951474736,0.10011269943769253,,0.10209794630134719,0.057444533720931355,0.037709553384182984,0.1081009367898436,0.10388979526354039,0.018302641968381043,0.1031102843912083,0.06007423356608547,0.10331565727992321
2022-02-11,,0.1044361671685983,0.10264259682271099,0.10190336768776258,,0.10250431630031318,0.058354937961934694,0.036473447657351096,0.1089619731781792,0.10265528128351468,0.01939136129735997,0.10220959036172138,0.06097511665190432,0.09949184362864967
2022-02-14,,0.10413818022054985,0.10338662309788114,0.10205951660486302,,0.10223589033023302,0.06017894892088673,0.037776878968224264,0.10865959176226798,0.10171026591240129,0.019042559883221465,0.10150932384731495,0.06155087630720159,0.09775134414495477
2022-02-15,,0.10290393663263392,0.10232023198846599,0.10137885406241721,,0.10001753938645241,0.06026340471547695,0.03787256969200239,0.10966327606651599,0.10058869216973415,0.018839588870515327,0.10364112345870279,0.0639266653372985,0.09858411761978439
2022-02-16,,0.10173175674869644,0.1023274282944513,0.10107156821276413,,0.099123075094348,0.05938492463822251,0.03776391436574523,0.11003612448192815,0.10183381757401873,0.018638078830828533,0.10470232783741425,0.06450323431854428,0.09888374960303839
2022-02-17,,0.10263282848084272,0.10232054194546616,0.10173066405014286,,0.09969954363056521,0.06094738430107782,0.03877673280712077,0.11209428094977925,0.10102140026701162,0.018623705557942148,0.10381860455056618,0.062245353308287246,0.09608896015119797
2022-02-18,,0.10362852060876462,0.10364010439521093,0.10273594696180015,,0.09946394152093373,0.059455527477734,0.03803453228782949,0.11090437592907938,0.10212178359084036,0.018754166991850212,0.10369123914136877,0.062061734307349965,0.09550812678723848
2022-02-22,,0.105289547246934,0.1049470100942915,0.10201112470278835,,0.10063756349843775,0.05952871408494241,0.03742419537120687,0.10935272791620224,0.10258082709548862,0.019037571726202913,0.1046167210244945,0.061086670765474325,0.09348732647353657
2022-02-23,,0.11088251744062082,0.10853698013091706,0.1057795802992593,,0.10434437989170428,0.06108833844616915,0.03901161804395406,0.11351841721815138,0.10566421550175488,0.019137126764626346,0.10735519950317653,0.0625243426991125,0.06215728406055359
2022-02-24,,0.10647493827279265,0.10746163281200734,0.10162125940816573,,0.10341520094968812,0.061381462037151696,0.03854400859486822,0.11633249218394952,0.10532890155178623,0.01876318184381697,0.11667182915380249,0.06289899491894606,0.06110609827302482
2022-02-25,,0.11020821480193216,0.10931912534107088,0.10509482511637862,,0.10516549520683725,0.06087402244774157,0.03882438532725314,0.10048586499808361,0.10794918337759227,0.018324423556107826,0.11526330294678157,0.06381114727341966,0.06468000960680151
2022-02-28,,0.10923382666440742,0.10985131330602309,0.1052204541649338,,0.1042038816451001,0.06009353852494697,0.03869972204847113,0.10054364267997487,0.10757415537389323,0.01850340152608185,0.11649613065929071,0.06555050990257226,0.06402942350430453
2022-03-01,,0.1084013635089471,0.10748314036892856,0.1055504339823588,,0.10605903911520374,0.05944170485303823,0.03660530253869337,0.10079177457106148,0.10952587281872433,0.018561033194606613,0.11937899284028457,0.06432419402505854,0.06387714818309458
2022-03-02,,0.11013817997945066,0.10857031653730276,0.10701410339494555,,0.10600819746823621,0.0606564159653888,0.03766274812932182,0.09910031910570888,0.10970386508541159,0.0184585033673762,0.11808182310358481,0.06550072885911402,0.05910479900415865
2022-03-03,,0.10922915215907063,0.11104297005902761,0.10578159549521739,,0.10620496982301818,0.060073980402032295,0.037310441147141375,0.09893730256410885,0.11042943428371366,0.018100880623894665,0.12090477414393712,0.0651025221801934,0.05688197711864481
2022-03-04,,0.1118337707589424,0.10955374733071892,0.10723480902310183,,0.10877596416057476,0.060428923200523496,0.036977979552420895,0.09838902733459509,0.10979171114059534,0.018978417474474433,0.12005285744117389,0.06456954749578839,0.05341324508709059
2022-03-07,,0.1115788214173116,0.10911855353442272,0.10825032195265563,,0.1090996733504576,0.061528291218069145,0.03608701502688558,0.09662571230236304,0.10899583463783936,0.020567572961458502,0.12155463026935209,0.06461665885336805,0.0519769144758167
2022-03-08,,,,,,,0.4220228603930114,,,,0.13852568566367504,,0.43945145394331353,
2022-03-09,,,,,,,0.4260681864215468,,,,0.13614769249471875,,0.4377841210837345,
2022-03-10,,,,,,,0.42620126531466196,,,,0.13328377223825646,,0.4405149624470816,
2022-03-11,,,,,,,0.4318726637568467,,,,0.12762191911173598,,0.4405054171314174,
2022-03-14,,,,,,,0.43391086014520386,,,,0.1270767059941289,,0.43901243386066724,
2022-03-15,,,,,,,0.4391290167580743,,,,0.12836436794960898,,0.4325066152923167,
2022-03-16,,,,,,,0.43459375849174336,,,,0.1264153084544667,,0.43899093305379,
2022-03-17,,,,,,,0.43524259023737455,,,,0.1270318776533961,,0.4377255321092293,
2022-03-18,0.0372103787959025,0.10000000000071885,0.09999999999999998,0.10000000000071885,,0.10000000000071885,0.05704805433028457,0.030696148028329828,0.10000000000071885,0.10000000000071885,0.016857024256566235,0.09999999999999998,0.05818839458532255,0.09999999999999998
2022-03-21,0.03716264569190352,0.099790896436813,0.09983803810242879,0.10122240835905151,,0.10070622387492902,0.056022106803674955,0.030227716309190092,0.09990150420188153,0.10063388041202095,0.01656663110648888,0.10163141907430398,0.05834595866923531,0.0979505709580785
2022-03-22,0.03687201227051145,0.0983077807316191,0.10008103523071064,0.10261130551981233,,0.09899469905768932,0.055637554960910426,0.030769757494987077,0.10033567899739121,0.09915346709703313,0.01613206394963814,0.10264120082930729,0.057965877027444296,0.10049756683294554
2022-03-23,0.03748271931794471,0.0975630511609735,0.1006763521662599,0.10124185054902544,,0.09788185228356604,0.05496380674282293,0.031070797617893813,0.10052992804313719,0.09942695304900386,0.016522182964129415,0.10469076056740859,0.05735071127235638,0.10059903426547838
2022-03-24,0.037710488688282535,0.09860470147112833,0.10143513457379112,0.09787373966519361,,0.09894348925792039,0.053882530176175704,0.031090413947347587,0.101137841410594,0.09906254531908446,0.0166625902179537,0.10769223230719678,0.057573937945390785,0.0983303550199411
2022-03-25,0.03748742284006338,0.09858843944739538,0.10118673713846504,0.09744445813608274,,0.10051022672391377,0.05290615616375109,0.03057151126750761,0.10111273519170191,0.09963137406150621,0.01654635045894545,0.10835732634574606,0.057583139272415686,0.09807412295250581
2022-03-28,0.03976812895275749,0.1030217396605842,0.10701843594338364,0.10304665491076433,,0.10670692773037749,,0.032672272242362466,0.1048087305247154,0.10599755179910933,0.017231351354773716,0.11551652533406158,0.05891385960591036,0.10529782194119998
2022-03-29,0.039292395675720466,0.10189457092189981,0.1069653359710173,0.10420240635153567,,0.1070030080307834,,0.03282083551209057,0.10363937902121322,0.10681098474517459,0.017897499542731496,0.11206395136010372,0.0597479305881423,0.10766170227958742
2022-03-30,0.0394692429995578,0.10229668506531388,0.10660065401957108,0.10397990247573818,,0.10738241781345867,,0.032173898357673154,0.10386030427061353,0.1064990661184203,0.01724579928362381,0.11123601266396453,0.059860205935251015,0.10939581099681414
2022-03-31,0.04020270928398181,0.10165576275723467,0.10530882293036563,0.1041330394540791,,0.10470253434788046,,0.031968444380141986,0.10623408799462669,0.10556390344580985,0.016699795731620656,0.11217981430112427,0.058335182594637804,0.11301590277849709
2022-04-01,0.03963253652856908,0.10159433896252945,0.10430692477526872,0.10414268792259872,,0.1048069963164268,,0.03127399264783708,0.10577343555008911,0.10547753163016793,0.017108246511125847,0.11090533551620864,0.058525984683799596,0.11645198895537885
2022-04-04,0.03986616582807182,0.10068325400489353,0.10484784055788503,0.10485129882581788,,0.10557470468158042,,0.03179621690268629,0.10219913460546269,0.10538760268156527,0.01740108607513673,0.11202578301716655,0.05827901200517446,0.11708790081455936
2022-04-05,0.040258270482009126,0.10318012470725485,0.10413817211545136,0.10633664315469891,,0.10599059180800466,,0.03125082135520603,0.10144792977343882,0.10430120921092957,0.01711048047582912,0.11335499675957299,0.05826915157739828,0.11436160858020632
2022-04-06,0.04061622191324445,0.1050971933931599,0.10370261982517186,0.10543223966528213,,0.10736303647073837,,0.029969985289571923,0.09978383679633722,0.10627785057034192,0.017380320878365316,0.11365042884486352,0.057092167677179256,0.11363409867574414
2022-04-07,0.04073941055428712,0.1059332091935427,0.10389126587452704,0.10523817053648403,,0.10785675334676358,,0.02929079494547515,0.09855128371173291,0.1066935245525868,0.017196524255542824,0.11561534073305055,0.0575163525133487,0.11147736978265868
2022-04-08,0.04064635243539933,0.10503922786731365,0.1034960979715142,0.10427178009540862,,0.10773145687383866,,0.028752289728550116,0.09965099759852526,0.1065561426735706,0.017177239831034818,0.11724528317338122,0.05728946314193559,0.11214366860952792
2022-04-11,0.04070522712896049,0.10553060312381488,0.10240786907038346,0.10496923677149625,,0.10818549258963174,,0.028956137475869802,0.1020164613406708,0.10668438079286377,0.016919722937571154,0.11754051303566848,0.05765024017913458,0.10843411555393459
2022-04-12,0.04104564812021547,0.10703450916424904,0.10174158059367766,0.1063982069647683,,0.10760217768748585,,0.029371501986579517,0.10187994533499907,0.10749394365804946,0.017105354566630412,0.11875401936237034,0.05771501547594965,0.10385809708502527
2022-04-13,0.04026686679694276,0.10758736614969598,0.10083861691173539,0.10631228108776986,,0.10767193950617641,,0.028887817401250467,0.09822906847141244,0.10799542058580565,0.017243130311605882,0.11759487524954902,0.058953302723976996,0.10841931480407911
2022-04-14,0.03785136258663916,0.10888763629950181,0.10030556351617353,0.10693076476412468,,0.10891655297961023,,0.02946880555553916,0.10057778760229265,0.10827188812711717,0.017299889208576034,0.11894646230652893,0.05937667246142483,0.10316661459247184
2022-04-18,0.03803223844765184,0.10942669606824747,0.10157122701228868,0.10606017506231485,,0.10805226945230491,,0.030158317678605336,0.09995619001259295,0.10844255824911968,0.01765983082039925,0.12086539272383665,0.058486955588070544,0.10128814888456796
2022-04-19,0.03725075208253739,0.1058564785113033,0.10233396100202882,0.10547048897145873,,0.10873102698038213,,0.02991584589276481,0.0998597868910736,0.10843419136382478,0.01765689583350559,0.1196890595633625,0.05817776917846509,0.10662374372929324
2022-04-20,0.03668329706748117,0.10662160874908912,0.1036207779354833,0.10728098279030537,,0.1088854933799799,,0.029916060535904045,0.09959085218303444,0.1109089078506245,0.017647325889732394,0.11746928931409915,0.057327918124494975,0.10404748617977175
2022-04-21,0.03739268532576817,0.107492878414654,0.10651153479034807,0.10678205047837667,,0.1131716847917148,,0.03069164130823277,0.09846550894082776,0.11239393352239264,0.01809621216269167,0.1091302493841008,0.057171766259902335,0.10269985462099028
2022-04-22,0.03862695900217663,0.1085889167422924,0.10711838434167453,0.1069146366054517,,0.11524095346826432,,0.03088122474436088,0.09752748263943718,0.1119488680279512,0.01874851212711379,0.10835828800128701,0.05680598757464623,0.09923978672534414
2022-04-25,0.038531771729643914,0.10841762702876213,0.10754310008393293,0.10651331305232839,,0.11385093691926707,,0.030954483237738722,0.09667010532324029,0.111470811683889,0.018783123176978476,0.10828097691875542,0.056230286337847435,0.10275346450761627
2022-04-26,0.03881519015391196,0.10878749589866507,0.10764782484053305,0.10620761163342389,,0.12033079331861116,,0.029913188435646876,0.09511843271900737,0.11080859598677492,0.018948909372429462,0.10755076941434157,0.05537245122484443,0.10049873700181006
2022-04-27,0.03849127244370691,0.1072844578548799,0.10764584786653704,0.10558499710319207,,0.11904914569101734,,0.029033785058820982,0.09391972043784595,0.10943483998813042,0.018326380523175125,0.10677168823027323,0.05379512779483203,0.11066273700758888
2022-04-28,0.03873512138852862,0.10049829257963042,0.10859783488515956,0.10651153633261669,,0.12283665130702931,,0.03012683634914189,0.09383742890891769,0.11047735017733885,0.017893554409693545,0.10708528139733683,0.054541443415665705,0.10885866884894098
2022-04-29,0.039221918920359596,0.10342026075268543,0.10851731431446726,0.10626232063185101,,0.1200281588078936,,0.030128835595793903,0.09464176729295763,0.1104830099320791,0.018291026342080467,0.10640292715011802,0.05358859248500431,0.10901386777470966
2022-05-02,0.038130770519958175,0.10227535331840647,0.10916005509582172,0.10547962811474228,,0.11899803849769638,,0.031027647883860254,0.09518273147242204,0.11131820019239606,0.018286893553236913,0.10630103906134407,0.05450550261006513,0.10933413968005072
2022-05-03,0.0379778649027682,0.10270270301898198,0.10812782486037444,0.10637701801368997,,0.11812535765242353,,0.030569320608891132,0.09542417426466127,0.1117760810003001,0.018164173089247327,0.10756686638765497,0.05405878347885431,0.10912983272215282
2022-05-04,0.03842134228177282,0.10157653348706654,0.10707340257016164,0.10828681175492293,,0.11725762745873185,,0.030763340598170274,0.09634717594827745,0.1099661783281413,0.0203144496610811,0.10612963084672383,0.053684603082657156,0.11017890398229306
2022-05-05,0.038513539910389714,0.10113686517419984,0.1085743734337196,0.10669492879717477,,0.1181655491089909,,0.030333860988327806,0.09570993769734536,0.11034184030752348,0.021064402551733363,0.10855934403574612,0.05456037461592824,0.10634498337892084
2022-05-06,0.03886373955059544,0.1015790229252661,0.10853027647560286,0.10577288673701041,,0.11894047162055463,,0.030536505145542427,0.09992482579091198,0.11074063533048074,0.02115856724461546,0.10627105918697581,0.053075504128396477,0.10460650586404771
2022-05-09,0.03870668053403867,0.10173889578500939,0.11187911092706307,0.10578444187788055,,0.1222457069797729,,0.03171836927074133,0.09928815725359237,0.11247815675687373,0.02309700202117641,0.10189006685499231,0.0531082133783616,0.09806519836049761
2022-05-10,0.039501787992853414,0.10240490784070896,0.10845046549753536,0.10876246594912194,,0.12111494728849463,,0.03161606891774591,0.10232621978663833,0.11260547003172279,0.024704609545696646,0.1055220991235203,0.05293652907078565,0.09005442895517592
2022-05-11,0.03958825894653569,0.10208170997533055,0.10934032992514911,0.10680560341694029,,0.1207270144369572,,0.032111364277640005,0.10271722451242253,0.1128039595516619,0.024563072020798278,0.1035584887753514,0.053929733050976814,0.0917732411102363
2022-05-12,0.03932855958647608,0.10108867134097098,0.10869298298996763,0.10664769839977399,,0.12243248408435901,,0.03228760695410572,0.1019690460061994,0.11199658651975732,0.024775192961389993,0.10253665069190776,0.05513864944568248,0.09310587101940972
2022-05-13,0.03929474863153128,0.09994705931755143,0.10634757898578276,0.10644213331791887,,0.11980006839673349,,0.03161554685475745,0.10263225668611586,0.11332983952598127,0.0237636087721921,0.10389196188062576,0.05413645081160088,0.0987987468192089
2022-05-16,0.03991511490971953,0.10048839095319702,0.10529762459257339,0.10733247201265228,,0.11986556783129648,,0.03187239099129119,0.10416895995570631,0.11327361711374254,0.024037799929259234,0.10428873522230712,0.05451938198741307,0.09493994450084194
2022-05-17,0.03961923804278111,0.09964839127495585,0.10591216775227023,0.1064358750726486,,0.11842659520716442,,0.03304608388555049,0.10383402432341661,0.11387769076971378,0.023576480758520875,0.1030156682734392,0.054492158824526314,0.0981156258150125
2022-05-18,0.041336234760808534,0.10078170068024034,0.10372750926034681,0.10693239108463524,,0.11787110824604796,,0.032492479364563974,0.10390367074729379,0.11362254048659581,0.0242660516155541,0.10307703556552214,0.05569238986112327,0.0962968883272679
2022-05-19,0.04187446028129348,0.10051856978911136,0.10302349028680138,0.10618246082274127,,0.11750067234549634,,0.03210499638500634,0.10403865683757128,0.1131391567897773,0.02345664459275142,0.10542680920618001,0.05613931942897244,0.0965947632342974
2022-05-20,0.04191412370693128,0.10143419697189593,0.10207923833311602,0.10563360259577775,,0.11610141033084262,,0.03226948994239578,0.10729228628658509,0.11249228656461807,0.02370756211813196,0.10548782682939023,0.05583072820090314,0.09575724811941215
2022-05-23,0.04164148012185223,0.10005265224952106,0.10277342976889253,0.1066335322304207,,0.11564254914778659,,0.03303410249035294,0.10505494226975975,0.1136761192562884,0.02366240899961307,0.10734627731435682,0.05618992740339818,0.0942925787477577
2022-05-24,0.04300672503419067,0.10153169611856387,0.10142239607712304,0.11173220236004675,,0.11456064784480449,,0.03307336287737303,0.10530022606035845,0.11160445023056083,0.023900232577217476,0.10781360914924847,0.05571035037173125,0.09034410129878159
2022-05-25,0.04315907449941672,0.10176620001503316,0.10061820527374842,0.10946985404930419,,0.11275002678864687,,0.03337006321967832,0.10701032275375132,0.11236960917479905,0.02399705625959366,0.10900716892227677,0.05717760361577862,0.0893048154279728
2022-05-26,0.0422854750978747,0.1004108775147564,0.09936264152489105,0.1085131240785821,,0.11172178933411188,,0.040372407653125296,0.10645382211492739,0.11165371976329987,0.023585351703546618,0.10793113303038473,0.05578320882285055,0.09192644936164952
2022-05-27,0.04145397631397579,0.09945574662670131,0.0994124991509593,0.10926854412768336,,0.11225304193081692,,0.040920043961741634,0.10519597330538995,0.11121136564964813,0.023188295056318354,0.10769125027204944,0.05543169638180493,0.09451756722291059
2022-05-31,0.041233879132764696,0.09905929139973192,0.10011872206286038,0.10877776064523524,,0.11233104792121561,,0.043617379834826456,0.10602773204481136,0.11157231852497854,0.023970576404665652,0.10535883324886056,0.05565751083804118,0.09227494794200827
2022-06-01,0.04169676349921687,0.09905217913151843,0.10012598295616632,0.10947104260459961,,0.11274516510658474,,0.043781849883595694,0.10669889092351403,0.11116723886503392,0.024557014274345965,0.10697638156293207,0.05630742243085203,0.08742006876164032
2022-06-02,0.041192462584864906,0.09951921486078535,0.10008145930488965,0.11019681170168541,,0.11206001084040598,,0.0433619260876384,0.1039242998697138,0.11163343690446555,0.02412169527206018,0.10866758168164956,0.05551306273566209,0.08972803815617923
2022-06-03,0.04165310423680049,0.09882460145293355,0.0997449108783986,0.10940246764936679,,0.11298888529102903,,0.04260305600394391,0.10140830544956804,0.11128142175202232,0.024387253564852218,0.11270548745858974,0.05518284638443131,0.08981765987806405
2022-06-06,0.040745038754241646,0.09853994103549413,0.09869632319578929,0.10792852351367538,,0.11352161332862826,,0.04369158970684972,0.10428734851679385,0.11121388201171441,0.024693983027009633,0.11256234108294236,0.05477246218809537,0.0893469536387659
2022-06-07,0.03986086165626855,0.09716175624459802,0.09957695835209425,0.1068084249387238,,0.11448079604059824,,0.043089360283179216,0.10487677867908213,0.11173899404050858,0.025022884176224714,0.11233370481572748,0.05423666954008834,0.09081281123290663
2022-06-08,0.04095119789677969,0.09728796273400953,0.10054984509355103,0.10815379379845524,,0.1140825861291341,,0.0429428899155897,0.10512771310445773,0.11135799834291854,0.02525893235937879,0.11138990878024191,0.054252724611120774,0.08864444723436316
2022-06-09,0.04160180881481544,0.09739499795683296,0.10006099343741795,0.10838461671207682,,0.11478083121686194,,0.044180507404627124,0.10510237770144898,0.11049413757939011,0.02488064366562848,0.11260358147228154,0.05486188214165513,0.08565362189696354
2022-06-10,0.03945860274438352,0.09871429361677474,0.09943765528933222,0.10904629015870727,,0.11675264362514544,,0.043461839851233315,0.10533926824354321,0.11044480779199378,0.02433305078561656,0.11276259885004049,0.055068882382053846,0.08518006666117552
2022-06-13,0.04115258265502637,0.09934949326631787,0.10041491141232763,0.11068149142322453,,0.1140466399263674,,0.042083399204286054,0.10479595740555732,0.11029935403128018,0.023833731084037215,0.11664862723801997,0.0541070776088264,0.08258673474472902
2022-06-14,0.04146872495547885,0.09986073903698836,0.09986676979442967,0.11013997517863748,,0.11378110845298335,,0.043359449488415726,0.10343152569652982,0.10953596145319969,0.023781996284933157,0.11587611112599197,0.05583586094063655,0.08306177759177552
2022-06-15,0.04165522063893986,0.10155500097479837,0.09953787981527933,0.10736772317774707,,0.11332957872344238,,0.04506985990201356,0.10078996515554699,0.10941974257138826,0.02376574863944566,0.11571435586257012,0.05619385447959898,0.08560107005922961
2022-06-16,0.042873826256024594,0.10236757954914318,0.10301071102935919,0.10431147949040129,,0.11584407718436089,,0.04330994965066961,0.0984023116913757,0.11037861009251797,0.023745129405481822,0.1147892719243606,0.05527005643079875,0.08569699729550657
2022-06-17,0.03742101086495022,0.10000000000080776,0.10000000000080776,0.10000000000000003,,0.10000000000000003,0.043792032832511305,0.04369366761554836,0.10000000000000003,0.10000000000000003,0.023012561527617,0.10000000000080776,0.052080727156141836,0.10000000000080776
2022-06-21,0.03741207966953066,0.10115784088399579,0.0984650062222042,0.0993496799691041,,0.09936656571349804,0.04410491466703083,0.04400158668246292,0.10382873864225177,0.09883553005665191,0.022642076066660455,0.10248117057674519,0.05049773362144517,0.09785707722841876
2022-06-22,0.0376970104331152,0.10109477832515733,0.09854040449682354,0.10129680006756038,,0.09906303430035623,0.04338853228796567,0.04354122670957876,0.10223138900631278,0.09967521398457288,0.02309725015605677,0.1022323201654364,0.050209048309329624,0.09793299175773441
2022-06-23,0.03768833723739842,0.1016241739024808,0.09896765460705075,0.10292752466523206,,0.09924047458177561,0.04457337210751054,0.042967554413832806,0.09915125840492635,0.0971250927573262,0.02311529415112682,0.10377312812721015,0.048623294160285525,0.10022284088384387
2022-06-24,0.03604135818386744,0.10252613137332253,0.0982299446623152,0.10286159183589752,,0.09999021232725111,0.04253141040842137,0.04305474194651984,0.09903130154579352,0.09608631363780924,0.022721823513463642,0.10352278683562255,0.04914325463989996,0.10425912908981609
2022-06-27,0.03624152700774682,0.10185328673153685,0.09802492136500006,0.10319448301392613,,0.10090387704943331,0.04259367229221379,0.04360994857486226,0.10034072368264312,0.0958061489139079,0.02245705835882264,0.10435793352335297,0.04934963503656864,0.10126678444998545
2022-06-28,0.03630640390502115,0.10234335948581316,0.09808852600735357,0.10397144756620427,,0.10043897386775753,0.04266892612728323,0.04373555703534528,0.09973774904068178,0.09761892318547777,0.022497804751500466,0.10373525370032861,0.04943630319057027,0.0994207721366629
2022-06-29,0.03686004387736661,0.1034341197956017,0.09906513921721662,0.10527339691356719,,0.10230458694053898,0.041404200556381304,0.043510363381426026,0.10023986067312475,0.098617212739929,0.022546208493134705,0.10267731433361446,0.049151024596669445,0.09491652848142922
2022-06-30,0.03669218779526005,0.1042927916996594,0.09794422306972393,0.10759209060188334,,0.10156947315439258,0.04269845101922354,0.04254419838790264,0.10055015387240729,0.09927017389421428,0.022585527660404815,0.10735569002649101,0.049608461699876046,0.08729657711856108
2022-07-01,0.03694123080531732,0.10347445934913643,0.09813731715287562,0.10792811384797756,,0.10234110134079484,0.04322229386289136,0.04243776903540169,0.10035106279112714,0.09897651063733613,0.02239673253768799,0.10716411598470567,0.04929272138891351,0.08733657126583469
2022-07-05,0.036117229379068756,0.10298209155092453,0.09736141378901228,0.1104595243953059,,0.1026442745982497,0.04355331223826623,0.04185929418282557,0.09969547237863685,0.09688411871441739,0.02210781959162884,0.10773318425662635,0.048304260433707814,0.09029800449132987
2022-07-06,0.03581082968839281,0.10282000189389301,0.09907921699640437,0.10880761105017894,,0.10360253695899353,0.04263643507868971,0.04160241762661947,0.09896000870213699,0.09789881490345194,0.021361861411438376,0.10767246761973216,0.048408678099899,0.09133911997016983
2022-07-07,0.03506603493514581,0.10175395388487747,0.09769306095413989,0.10936709251278028,,0.10277559032099635,0.0419886836760127,0.04182374974119023,0.09942599884993392,0.09665736349490833,0.021392861205618258,0.1097898833622639,0.04791769401790424,0.09434803304422865
2022-07-08,0.03515862821864738,0.10128173708216417,0.09686259524442511,0.10834424945202006,,0.10286088935667012,0.043573864389363524,0.04297020986006313,0.0993355590970686,0.09668005781420731,0.021535565761988437,0.11009281569056528,0.048005382071330094,0.09329844596148672
2022-07-11,0.03461716424288853,0.10162954120923826,0.0977370729632447,0.10912465193544635,,0.10336006578005281,0.04307235616168497,0.043083497941409865,0.09890167358523509,0.09752809635726226,0.02162980598832238,0.11029144485364548,0.04822023947293213,0.09080438950863708
2022-07-12,0.03464382619687934,0.10140824327999638,0.09783796029932842,0.10905669376523071,,0.10437634662992387,0.04300651333853213,0.04414376452516006,0.09915498372472785,0.09668616726568469,0.02156505316936372,0.10844391828462113,0.04827418971077259,0.09140233980977905
2022-07-13,0.03439160547318767,0.10173075434227608,0.09754005127556323,0.10879217714792994,,0.10544367333879774,0.0428534888760051,0.04474275309908083,0.10018506191359333,0.09600291099883716,0.021295807280943487,0.10926660805753768,0.04865479350067413,0.08910031469557375
2022-07-14,0.034246455634473004,0.1017909374354185,0.09715508871328567,0.10887412599490116,,0.10643864462839105,0.04360938224880899,0.04482763992244485,0.09954133776031149,0.0947646226769832,0.021393174810721536,0.10954736759866851,0.04840924849489421,0.08940197408069779
2022-07-15,0.03408115210047537,0.10129917411030044,0.09817599229285232,0.10804893926707862,,0.10564165438968594,0.0435382282999033,0.04469277660077949,0.09824999652119874,0.09497196007527847,0.02154282574799805,0.10734065980836488,0.04946848406521984,0.09294815672086477
2022-07-18,0.03401909690685012,0.10201101740184257,0.09787569000601533,0.10806586464818813,,0.10329854355230088,0.04336318788939655,0.045298363035062225,0.09840433045401781,0.09516610718960329,0.02200420332024842,0.10789796804122972,0.05022859546942426,0.0923670320858208
2022-07-19,0.03357248943080656,0.10062713536915925,0.09748335492046682,0.10880763075058247,,0.10341136663439678,0.043228114373531495,0.045072650248815765,0.0982486859441513,0.09610585204815851,0.021772114799454872,0.1064876120730653,0.049611502560783505,0.09557149084662753
2022-07-20,0.03309460989869152,0.09999640685971327,0.09736150585884742,0.10854069096444094,,0.10231726774161898,0.04271513836331561,0.045035347647386946,0.09640570923270274,0.09606573778194766,0.02217918878766284,0.10597783193167117,0.049179005855245525,0.10113155907675522
2022-07-21,0.032748686476400876,0.10001106916449255,0.09876029916666637,0.10899582738389102,,0.102619029339015,0.04274557176174548,0.04560398795698392,0.09512071915394753,0.09597174200663725,0.021827126603970834,0.10547720665151859,0.04842676159957873,0.10169197273515175
2022-07-22,0.032859749382741915,0.09981577322694231,0.09837243478577441,0.10897381044690349,,0.10191972104757625,0.04234169642588586,0.04568483825062691,0.09427604520000814,0.09595375702923557,0.021451841755388678,0.10539557896660143,0.04868445973870778,0.10427029374360706
2022-07-25,0.033078199778100524,0.10027037165869017,0.09932228370119885,0.10797996629625142,,0.10345761891115214,0.04223668374139444,0.04602096151152502,0.0896009314975251,0.09671296588572001,0.021754289766323324,0.10673736894246665,0.04942320065117256,0.10340515765847984
2022-07-26,0.03266280118441609,0.09890654977479606,0.09951995453949182,0.10807895873170642,,0.10674550702962235,0.04257379958026496,0.04591290353945974,0.09257478846344455,0.09644723138875747,0.021648685581871288,0.10504109599280034,0.04987046205247739,0.10001726214089149
2022-07-27,0.032524714508059153,0.09932804076382842,0.09910335806217666,0.10845659014947595,,0.10735833474155694,0.04211844502628872,0.046359807042642136,0.09361707403066252,0.09660823193089786,0.021181929192172187,0.10321809010473222,0.050057878035370186,0.10006750641213705
2022-07-28,0.03147824579928449,0.10017237702910615,0.0980665882453874,0.11036058997157558,,0.10644654190896233,0.040440431138463274,0.04450896821032278,0.09561574540554825,0.09525170354295937,0.020937899027277378,0.10721523892717484,0.04915593215230697,0.10034973864163124
2022-07-29,0.031000731075020622,0.1003329709174115,0.09821304655296943,0.11636015867602154,,0.10600034263898213,0.0400893359320508,0.0450738266151388,0.09428327279967813,0.09512509151129636,0.019769329557002887,0.10105489235953968,0.04949907053991332,0.10319793082497476
2022-08-01,0.03133524101245545,0.10085299102641278,0.09758731488024246,0.11608632984344451,,0.10393661301548826,0.04002224798606603,0.045269460955872816,0.09326984722709976,0.09657904447785523,0.02059732331323525,0.10109146595856544,0.04997789096852361,0.10339422933473837
2022-08-02,0.030814026200691833,0.1000597601454513,0.09747983813618387,0.11615202509463247,,0.10343965889181397,0.03969854841964729,0.04582671466037535,0.09518138229875844,0.09425786508185076,0.02054992880061581,0.10146120810108519,0.048174879848418235,0.10690416432047538
2022-08-03,0.03062791844502802,0.10000459619634525,0.09832221885274524,0.11505914533552183,,0.10361068012298273,0.04028638440579753,0.04593981837277349,0.09514465680720495,0.0945383018083785,0.021380646956806446,0.09984493083030155,0.04689911173789671,0.10834159012821792
2022-08-04,0.029299297806123566,0.0980594436858117,0.0978090083445742,0.11127623071054368,,0.10305678480794762,0.03882269507843918,0.04958453111294005,0.09520103914145055,0.09281582106435333,0.021466664293007393,0.09665701027057558,0.04761488844609461,0.11833658523813838
2022-08-05,0.029425361834347272,0.09764652598979236,0.0975126240942206,0.11169113823473828,,0.10249428517964422,0.03855236206399529,0.05041226824127938,0.09620642927296735,0.09265490108323049,0.0211861655826094,0.09888534246741446,0.04816662230834495,0.11516597364741596
2022-08-08,0.029776252524462657,0.09726371553882733,0.09620830331201402,0.11212248079361495,,0.10197681461612784,0.03932902328923695,0.05284681382498251,0.09492747018595783,0.09229818992632252,0.021480064037859854,0.09831307144885866,0.04814823259136212,0.11530956791037285
2022-08-09,0.029928901662418933,0.09922771317954192,0.09690944458744538,0.11085429328467813,,0.1033068936591762,0.040013875987834645,0.054042256722939386,0.09511098663862926,0.09294489211215824,0.021446563543699133,0.098962345258617,0.04746515364758596,0.10978667971527577
2022-08-10,0.029540190683850196,0.0985410898813259,0.09620630381059798,0.11022073546276057,,0.10276035104531775,0.03908407685176272,0.05449435296997505,0.09369906647456938,0.09338477239403287,0.021652494959864686,0.09946676321130343,0.04689930604155225,0.114050496213087
2022-08-11,0.02997542236755222,0.09899225135055448,0.09599305947173292,0.11170771796534743,,0.10307795233231672,0.039061166631992106,0.0518018251911539,0.09472572761938602,0.09328244696164315,0.02152883756022722,0.09987889788142221,0.047340355344915167,0.11263433932175652
2022-08-12,0.029578289262290215,0.09871190536351432,0.09530935556176526,0.11287187283462627,,0.10174365531809305,0.03884819258677823,0.05415244056273199,0.09387223907871745,0.09217474698150752,0.0214642616082796,0.09876564162156504,0.04702451488735293,0.11548288433277806
2022-08-15,0.02992221216151052,0.09891008210387198,0.09537052332767133,0.11269623431435748,,0.101078220292531,0.03921815840591046,0.05580580318963628,0.09290308979383705,0.09283552246790162,0.021445641945052232,0.09850368169403821,0.047485218866252794,0.11382561143742904
2022-08-16,0.02983326069950431,0.0994514438300599,0.09561884113688003,0.11134841613697122,,0.10074649446467396,0.03849214226380624,0.056254556321404144,0.0929231382601496,0.09442348739291405,0.02085356527853583,0.09798285942267174,0.047942724396713404,0.11412907039571567
2022-08-17,0.029691382675630658,0.10000560688966746,0.09553326436919529,0.11210458851395047,,0.10160227152908767,0.03822776705053938,0.056152845895383295,0.09273342499416334,0.09316933954172735,0.020899925924981973,0.09973665786432677,0.04753253229431324,0.11261039245703315
2022-08-18,0.02976623413269651,0.1002997669464233,0.09561159564271766,0.11168635310812194,,0.10194315441476264,0.038635007027623174,0.05624184625301808,0.09332918029336669,0.0935731728721347,0.02071612878474138,0.09912859222174182,0.04787589755400625,0.11119307074864589
2022-08-19,0.029974738140112922,0.10067996004979217,0.09592091174097046,0.11109414707586669,,0.10420946469504377,0.03824890767997095,0.05569464616597552,0.09429181908632561,0.0935136715604825,0.02102165240093812,0.09941894301347816,0.04887319402751939,0.10705794436352373
2022-08-22,0.030186248040854683,0.10134382502477393,0.0952668622665754,0.1104780237662505,,0.10464644469914827,0.03961577233188837,0.054220234164937986,0.09482157352664523,0.0927413819286734,0.021158337089914974,0.10001840652520125,0.048623121039472764,0.10687976959566317
2022-08-23,0.029978675621825133,0.10130695039983449,0.09480371353240692,0.11000888533940673,,0.10358933120169232,0.039025718688704705,0.05417936834606391,0.09636454349027469,0.09269686329785798,0.0212602133662714,0.10089302957434072,0.04915991030575472,0.10673279683556618
2022-08-24,0.02962888708856433,0.10194587368362724,0.09354198310829057,0.10945471416672102,,0.10221254519358584,0.03886557309570729,0.05413708201990569,0.0981571506752224,0.09204721889623098,0.02067019572338611,0.1027555255475069,0.049434682456754545,0.1071485683444971
2022-08-25,0.029342021335738034,0.10207515265943365,0.09357097864392572,0.11079665642021935,,0.10195110763646942,0.03870222452866535,0.05442131920809675,0.09723063514611895,0.09122161809094327,0.020726339479374366,0.10281004010794109,0.0492360970644684,0.10791580967860562
2022-08-26,0.029636256951886826,0.10294874183534145,0.09239711300403194,0.11163653261707523,,0.10104472312150505,0.03706267020159653,0.05496346543665346,0.099025651475596,0.09058430362245444,0.02086892688145926,0.10432404784114269,0.04967425804083733,0.10583330897041957
2022-08-29,0.029096896265778403,0.10324721124201033,0.09246339898815077,0.1122399113267102,,0.10155812361462283,0.03670324090802982,0.053302031922557024,0.09944331585095688,0.0899315669272278,0.020585956898422117,0.10480130545653771,0.04999209449667934,0.10663494610231682
2022-08-30,0.029535134590549694,0.10363939608431658,0.09332142843516598,0.11154848533735601,,0.10157140609303138,0.0375228616900949,0.05245125570686862,0.09805365658815182,0.090787259581762,0.020359832358063303,0.10395128102484671,0.049707550224702864,0.10755045228509023
2022-08-31,0.029527993310434993,0.10442265891020595,0.09208167297295922,0.1125142067214385,,0.10165243076899415,0.03769764298425719,0.05250271666315865,0.0979892461871963,0.09040591842429747,0.020605383447122424,0.10488017732166421,0.04957308996359709,0.10614686232467387
2022-09-01,0.029115064775538824,0.10343552038101785,0.09397746217483614,0.11376266810519665,,0.10324030844449439,0.0372832368845664,0.052369235724179675,0.09699385630111725,0.09052779522588654,0.019663170825786638,0.10379204391019906,0.049293999165900056,0.1065456380812806
2022-09-02,0.028300124512061577,0.10353219188941849,0.09377865822668088,0.11438090615652549,,0.10310533654168784,0.037220384285456105,0.052507764673600923,0.09712913919175786,0.09087920034329858,0.020222560946107176,0.10559009837780885,0.0487575283304258,0.10459610652517036
2022-09-06,0.028107899833625886,0.10370718003728653,0.09512211660607123,0.11260624734887599,,0.10467394597446308,0.03662906401141876,0.0517857646334861,0.0963388522205877,0.09174480328215817,0.019734683902498402,0.10612204536052014,0.04848896467048139,0.10493843211852666
2022-09-07,0.027946454870950703,0.10328315777017687,0.09460509044064895,0.11238831607869668,,0.1050935943361525,0.036450418240500895,0.05212640628592801,0.09689083457959471,0.09196537857376126,0.01989155995608171,0.10509102837165998,0.04736326851020814,0.10690449198563967
2022-09-08,0.027184170477996566,0.10347009109959573,0.09451747701063785,0.11116381101597453,,0.10624130116258658,0.03549076922158509,0.05128326100124636,0.09496269289238601,0.09265538237301463,0.019349826129196116,0.10648936047862487,0.04689957181011276,0.11029228532704281
2022-09-09,0.028199698307889504,0.10201180391049658,0.09351484904746209,0.10986342755826958,,0.10507115816116035,0.035796374354051655,0.051019847138794185,0.09563404406982899,0.09210001891307344,0.01874390383401917,0.10370905435402261,0.04723101497578426,0.11710480537514764
2022-09-12,0.028015154353428925,0.10173663090035122,0.09411178483662579,0.11069536861705101,,0.1050590719913469,0.035889184375641085,0.05227610277504679,0.09580871006804381,0.09144371304555389,0.018869797643602516,0.10232043248432401,0.04678785473449743,0.1169861941744865
2022-09-13,0.028715101818023208,0.10120193222431205,0.0938765554375011,0.11154947306419914,,0.10600240709511195,0.035025048601228424,0.05269459599559237,0.09770775817950376,0.09065697478825815,0.019164002052239316,0.10265576843310029,0.04629079311286881,0.11445958919806141
2022-09-14,0.028475470107462243,0.10159693705878285,0.09416641028815688,0.10959009857526109,,0.10540486840937421,0.03390627049306757,0.051859694852856984,0.09877488840047725,0.0903200296517866,0.01935252800262474,0.10319922339582244,0.04569724019866066,0.11765634056566646
2022-09-15,0.028252235010906068,0.10215990860095599,0.0932868451510876,0.10896531587097341,,0.10648931882556772,0.03470850410063054,0.0524119097869013,0.09828263138001263,0.09094064198785717,0.01929673036967821,0.10105390885230604,0.04648853372292373,0.11766351634019954
2022-09-16,0.03283978388765805,0.10000000000089625,0.10000000000000003,0.10000000000089625,,0.10000000000089625,0.040825607799704615,0.05479220093469786,0.10000000000089625,0.10000000000089625,0.019199326816768513,0.10000000000000003,0.052343080556689625,0.10000000000000003
2022-09-19,0.032900075439991835,0.09925853813485858,0.09937009195349905,0.10120763352134449,,0.10151221897608205,0.04020168638214489,0.05580141620902997,0.09896777150543203,0.10020669613226968,0.01881511093279104,0.10069529653648517,0.051628194262082906,0.09943527001398843
2022-09-20,0.03226176182790053,0.09992404615162666,0.09984672314703809,0.10309525011769168,,0.1013467971483222,0.04062523479751086,0.05497941698129708,0.09812249450814033,0.10047857203800821,0.019377243087032304,0.1000290234286877,0.05176217750609147,0.09815125926065302
2022-09-21,0.032797176982174166,0.10111892351831163,0.1000876405846836,0.10386319096336459,,0.10437926455650788,0.03998030368023807,0.05409326419239591,0.09728172631927492,0.09929060773791692,0.01935628751459908,0.09983394147904949,0.052157098807868056,0.09576057366361568
2022-09-22,0.03351291566756421,0.1025072846124406,0.10042480365528988,0.10347013291415497,,0.10416338147864967,0.03919079757882599,0.05551599297807445,0.09667016768428392,0.10033239364052393,0.019955665808963317,0.10147912475010358,0.05079396390716284,0.09198337532396277
2022-09-23,0.033754026969280315,0.10364721238421874,0.10327341559719243,0.10467576049400268,,0.10684331434405375,0.03870985171956787,0.05447051758836811,0.0959452764930657,0.10290079166366708,0.019259274468889653,0.0997387457208872,0.05091925171746578,0.08586256083934073
2022-09-26,0.03402635349756707,0.10450557708360358,0.10366696977459568,0.10410830078285031,,0.10772063080889378,0.04056518032274523,0.05574098979285704,0.09523699271777573,0.10241801805026655,0.01911759135846912,0.09824740500009095,0.049359293892556166,0.0852866969177288
2022-09-27,0.03453012409349044,0.10477954537028775,0.10309091265679911,0.1048975054446975,,0.10759397564308659,0.04060207637337881,0.054266808460261044,0.09413157372729533,0.10264420901228968,0.01965800388469913,0.09918506934304133,0.04957335924149488,0.08504683674917839
2022-09-28,0.034422306175334025,0.10485796460903449,0.1020483330083389,0.10549217940501303,,0.1067915469840263,0.04173273239528239,0.0535153861920525,0.09210688481766302,0.10237938042310563,0.018898820156498176,0.09978893707347639,0.049590514863148714,0.08837501389702633
2022-09-29,0.034767722384731706,0.106148274918254,0.10478899463982175,0.10486938401974949,,0.10858063287915588,0.04182677571123338,0.052293437026519674,0.0876434984505968,0.10455808159888179,0.0188419340401223,0.10055436292424277,0.050275317100145135,0.08485158430654537
2022-09-30,0.03468217521377292,0.1056515664456177,0.10435539657561456,0.10557474505893844,,0.1102509095187872,0.042050672230234204,0.05187389802602403,0.08481933063407536,0.10499354527303736,0.019267306941505375,0.10030214008971157,0.0508312885203095,0.0853470254723718
2022-10-03,0.03409722477698875,0.10389494973038152,0.10295309168855514,0.10716337783140276,,0.10708237389085488,0.041719057167403366,0.05152460110118209,0.08552579192433106,0.10336149049752222,0.018652338481327028,0.09874641184084555,0.05129098710298973,0.09398830396621603
2022-10-04,0.03341749233355134,0.10319651125437271,0.10335476533837482,0.10677391385972512,,0.10729052806481086,0.04101395083660675,0.051936338628406936,0.08499060797333871,0.10328960990786784,0.01853849690900654,0.09863217404371108,0.051044802816990247,0.09652080803323704
2022-10-05,0.03286213553675818,0.10315800540375729,0.10485049483881478,0.10352498881383598,,0.10867545672202282,0.040989186978360154,0.05224305264023829,0.08413444391542461,0.10407027516461255,0.01890447269557809,0.09822186927696137,0.05104247502931773,0.09732314298431818
2022-10-06,0.033310548439733224,0.10442228676497396,0.10429717813651604,0.10476541234130836,,0.10855859244293797,0.040847401096992,0.05117803133083861,0.08440598169277261,0.10364760581552675,0.018012911318906276,0.0973683596104968,0.05185453458424531,0.09733115642475211
2022-10-07,0.0333536647531095,0.10660576880479888,0.1035227204078003,0.10562786223475137,,0.10926693251018192,0.04182304120800462,0.051270772596047766,0.08476102297284392,0.10305795541043004,0.018495632914877682,0.097879447440906,0.05139878216618979,0.09293639658005833
2022-10-10,0.03325758637664555,0.10773751274632822,0.10275901440822004,0.10553642855082354,,0.10950453982119629,0.04280478144874048,0.05168974712904365,0.08147047438202973,0.10232322344618927,0.018192914174507052,0.09781263461484573,0.052043809031266014,0.09486733387016458
2022-10-11,0.0335043226892553,0.10832016093231203,0.1026453030617888,0.10676663566569997,,0.1079399736503248,0.04161957119749833,0.05232506545885624,0.08302117989272528,0.10276768198315034,0.018324354367662287,0.09795662138332001,0.051559226297056296,0.09324990342035028
2022-10-12,0.033478028962275364,0.10771512496246217,0.10260552321589285,0.10608422415945891,,0.10775816050305526,0.04304602542596111,0.05266179954761257,0.08480166414987125,0.10212293695763504,0.018368427197130537,0.09630752388744802,0.05241094751095935,0.0926396135202375
2022-10-13,0.03364648026758632,0.10668399166667755,0.10157534101578898,0.10552524689586895,,0.10519387901525305,0.04347960373488669,0.054042908487970824,0.08827958441610827,0.10327302712867545,0.01830186752429986,0.09646561873932344,0.05391980968345091,0.08961264142410956
2022-10-14,0.0344027932913297,0.10838019841048631,0.10193942520121019,0.10679069759831507,,0.10431576389123848,0.04388520757194279,0.05379594355176011,0.08811388507164016,0.10394936845522151,0.018753627788973153,0.09439717383210657,0.05423445106059169,0.08704146427518425
2022-10-17,0.03342926432118423,0.10932538911378926,0.10120065386069475,0.10606719640761017,,0.1034186337282259,0.043667969964001206,0.054664669792199944,0.08841359008103476,0.1029984849076953,0.01820916584131664,0.09553539302349429,0.05386719954693285,0.08920238941182054
2022-10-18,0.03308882683612423,0.10736417827377463,0.10077374478481027,0.1067506907178525,,0.1036616711877669,0.04295261741357283,0.054427157236965826,0.08899027832142548,0.10212168199806534,0.0179974025298581,0.09615153299692145,0.05341243936128211,0.09230777834158033
2022-10-19,0.03325175115483598,0.10847940186398855,0.10065991850747626,0.10712692539757264,,0.09953520797997631,0.04312993533318865,0.05467371725233397,0.09047011238717734,0.10131455265972349,0.018232926116318635,0.09653937046312601,0.054128023332799535,0.09245815755148255
2022-10-20,0.03200300397593529,0.10710629069063549,0.09886584914913368,0.10548035064463711,,0.09797675247401538,0.04304928425218006,0.05454728535372192,0.09246987790873647,0.0993161995213541,0.018427786183331032,0.09612768925456402,0.05345640478572037,0.101173225806035
2022-10-21,0.03161281546343804,0.10526667853864483,0.09878100170139317,0.10485068311751879,,0.09697206337403946,0.04416789871720695,0.055384560954788144,0.09125914843937209,0.09979448572621,0.018243560187700594,0.09517651057463641,0.05351322329803483,0.10497736990701667
2022-10-24,0.03170208824561505,0.104281825506442,0.09836299468809362,0.10447374202457492,,0.09798809030997997,0.04374183549122853,0.0551721689734323,0.08968634394031252,0.09962305564274683,0.018349168190824886,0.09608625450604998,0.053184537615161766,0.10734789486553768
2022-10-25,0.03100785502018098,0.10302584277809808,0.09883803935744558,0.10350088579316453,,0.10136001489185577,0.04317294163672706,0.05559557542717639,0.08823980632613791,0.09871510675986454,0.018587475805875952,0.0969170557625572,0.05391898514879936,0.10712041529211669
2022-10-26,0.031531508573962246,0.10183227204724063,0.0980526428195614,0.1025337328282072,,0.10108874090461141,0.043799645433936295,0.05663284010497624,0.0873067945936678,0.09817030450888255,0.018964204795172215,0.09523198073292616,0.0541761065055835,0.11067922615127233
2022-10-27,0.031042647931499506,0.10459652817735629,0.097404664480946,0.10886425450104757,,0.10023174873072987,0.04286331121071108,0.05726840952346149,0.08592732649727111,0.09647344915763371,0.01777931996132173,0.09367965367359582,0.053791349091781494,0.11007733706264448
2022-10-28,0.031045110233216745,0.10613850268546653,0.09731161736470234,0.10915332924999467,,0.09677595056835397,0.042920903097001785,0.05903130193092283,0.08486037571897168,0.10035500846948832,0.0184455703450897,0.09196532603583145,0.05345243032256222,0.10854457397839767
2022-10-31,0.03099892573476496,0.10756811544549301,0.09738906014094324,0.11095599348910944,,0.09726511231424535,0.041776643400004074,0.059642538896383844,0.08551361945044468,0.10057414409821334,0.01848176455231538,0.09271755638830251,0.05305391126645081,0.10406261482332924
2022-11-01,0.03039058737477549,0.10768994167211832,0.09669568573910307,0.1070567105538753,,0.09637380425058449,0.04228515404221082,0.05941370992765982,0.08551307503029737,0.10089986135105086,0.01856490541436042,0.09127298525578219,0.057799719030526255,0.1060438603576558
2022-11-02,0.030909188105880926,0.10801801687392534,0.09896829616789245,0.10634033146105587,,0.09749870038736563,0.04213378112405018,0.056652517867500425,0.08549984444078651,0.10107467900852765,0.01931784645486401,0.09041491226379957,0.059422421859047385,0.10374946398530414
2022-11-03,0.030061710307801606,0.10787169441293683,0.10004657071765348,0.10515033084410765,,0.09618574493210212,0.04226104159025663,0.06258725092654585,0.08171782137076121,0.09988410541500023,0.0187857902511708,0.09389096528751913,0.060562368298614895,0.1009946056455295
2022-11-04,0.029185585226628605,0.10507376864843927,0.09858742141561054,0.10287712670408884,,0.09322801104475278,0.04054733765520679,0.06705473685415754,0.0921099757611073,0.10100582170955359,0.018518800392306203,0.09177725151891597,0.061188379132833044,0.09884578393639976
2022-11-07,0.029201693192404222,0.10503572413559482,0.09746281652360382,0.10395938482807801,,0.09230222429171982,0.040721666933967504,0.06537223137151682,0.09558630356996317,0.09913944688024992,0.018589976506394164,0.09116565848122186,0.060723319019198016,0.10073955426608776
2022-11-08,0.02890800719301451,0.10494589475080901,0.09718379888621924,0.10202608023464738,,0.09401121578951982,0.04015932847989766,0.0646776014892781,0.09446850169739014,0.10040707671814593,0.018425094129265025,0.09134779085890832,0.06250306520775979,0.100936544565145
2022-11-09,0.030305896443258193,0.10651944887217037,0.097075556951206,0.1015011365850771,,0.09390211094291402,0.0405815257301958,0.06503951904725504,0.09353056381762057,0.10088554490855467,0.018450839318934504,0.08928163901869582,0.06099843161985493,0.10192778674426294
2022-11-10,0.03058053550465512,0.10647093875068427,0.09691181862878717,0.10259363321210964,,0.09594006518166366,0.040398660178400256,0.06413693249741122,0.09355687055538581,0.10015076128410037,0.018545322201740305,0.08839825483087344,0.05987055442102772,0.10244565275316099
2022-11-11,0.03059174774664599,0.10612994288413298,0.09709713991894278,0.10109050026077447,,0.09505309556986521,0.04059837799221729,0.06443861810599508,0.09834152557695909,0.09944929163227206,0.017997785973196265,0.08733463022537905,0.058384092244358116,0.1034932518692618
2022-11-14,0.030494962888329185,0.10674247873896074,0.09843501809578027,0.10298392993541815,,0.09586887478575211,0.04012158942668281,0.06622268897519482,0.09471982244840503,0.10056401798019263,0.018080889584977618,0.08709785307118863,0.05671045177779134,0.10195742229132661
2022-11-15,0.030872072718862956,0.10878618826311709,0.09851883318083855,0.10201778922049543,,0.09567012508904703,0.03807563029479515,0.066303985996721,0.09555110559348738,0.10077301583040876,0.018054755944212682,0.08794797434902289,0.05734915062314021,0.10007937289585088
2022-11-16,0.030706579077366174,0.11066629479444244,0.09889432813773189,0.10270208310053992,,0.0956326572088459,0.03834367978837116,0.06601912009604265,0.09584763856755002,0.10104945828393228,0.01775836611187156,0.09029839704724758,0.05687363356874138,0.09520776421731729
2022-11-17,0.030367163975490153,0.10909192709739686,0.09922232520673531,0.10440871418371865,,0.09606718088157573,0.03818416539258822,0.0650675236393368,0.09536761459145918,0.10009830825314321,0.017963022776647557,0.09124163179989528,0.057363886392193024,0.09555653580982015
2022-11-18,0.030323225233808905,0.1091214677581881,0.09901590849101329,0.10404119449298041,,0.09579389748226458,0.03898543582277389,0.06620698844234549,0.09589456627070343,0.10021530807059005,0.018613266672701204,0.08972674386950695,0.05873320133734103,0.09332879605578265
2022-11-21,0.030405067878674225,0.10917284627435507,0.09904611861614386,0.10495672656370328,,0.09639569925881056,0.03875607061557757,0.06435879151946346,0.09633220370392526,0.09958487952426617,0.018235978857875687,0.09014856502359088,0.058023882068886236,0.0945831700947277
2022-11-22,0.03047240072094419,0.10847777045987762,0.09968202454908816,0.10517531125438066,,0.09781567669364885,0.03958415023501577,0.06584248285312794,0.09400028383134042,0.10152460123796213,0.018453602637926086,0.08894862863742133,0.05737727841421486,0.09264578847505209
2022-11-23,0.030990096192948062,0.10828909655120905,0.09959985651553076,0.10517420221698219,,0.09731150873952729,0.03892702818004581,0.06514951346907454,0.09243523307391278,0.10240830411742963,0.01882218891380855,0.08850781672810656,0.058880638465964495,0.09350451683546025
2022-11-25,0.030788573488711966,0.10899737858099727,0.09962260386742942,0.10457138152311755,,0.09785849403711698,0.03875064878698642,0.06534563990319997,0.09295890374146128,0.10213002859107141,0.018736905078594837,0.08944660516469038,0.05838697983859569,0.09240585739802668
2022-11-28,0.03146678559419622,0.11023029167706594,0.10022145696972076,0.10574963500083556,,0.09685139146186024,0.03931532609915392,0.06424383437114001,0.09136305128545565,0.10298197481758448,0.018219652652248085,0.08897168186002183,0.059940382679505876,0.09044453553121151
2022-11-29,0.031626758134921336,0.10960700429667941,0.09985619846799647,0.10619060380506436,,0.09689266654109721,0.039136349078792605,0.06497434267292111,0.09190162066202012,0.10308027804679207,0.017812169737363118,0.08948315064723436,0.05848913212593461,0.09094972578318321
2022-11-30,0.0313335244984652,0.10878909789203597,0.09803836808817598,0.10529486516654193,,0.0961673796672145,0.039400672816115714,0.06494703723542908,0.09312977884314307,0.10166988375970626,0.01809494414974896,0.09044233794840675,0.05949645779894041,0.09319565213607624
2022-12-01,0.03120187137642441,0.10830610965896675,0.09807022964535697,0.10458067098125469,,0.09562076016146207,0.03919490539497688,0.06502549720559185,0.09135400865326808,0.10238717751674956,0.01818967768701621,0.09159497345256551,0.05909405684814936,0.09538006141821767
2022-12-02,0.03141381333799148,0.10791231413492167,0.09774664475894862,0.10457132362181001,,0.09432220279716771,0.040056137997804914,0.0650768117425343,0.08919480962342385,0.1011283097299301,0.018135434589166055,0.09212672067312132,0.05931641669564341,0.09899906029753665
2022-12-05,0.03155940503933071,0.1066796523524104,0.09785560004602024,0.10409589300054649,,0.0948009256901842,0.040765065468409106,0.06416610584341935,0.09026749247775344,0.10160055399005244,0.01904904491069244,0.09258334782167411,0.058448472745491836,0.09812844061401531
2022-12-06,0.031793810810219675,0.10638435870433481,0.09617759175244225,0.10282665167131509,,0.09441889068604711,0.043190930512293245,0.06431986264290222,0.09022840791563537,0.10085042570887463,0.022938489785401087,0.09172546256511734,0.059994966642014896,0.0951501506034022
2022-12-07,0.0314995403894123,0.1072786786811045,0.09643604135498733,0.10311747829568206,,0.09521891307037388,0.04042261936057849,0.06431797371380792,0.09095099303618692,0.10136173696332036,0.024176809933335427,0.09144052286088851,0.05998132550523903,0.09379736683508315
2022-12-08,0.028700793995699806,0.10718715706920719,0.09645064563208255,0.10265937180544445,,0.09611423674920673,0.03895486069480738,0.06298800818582746,0.09233834692012596,0.10135425720646479,0.025134477005698982,0.09186193789444332,0.05946109713053886,0.09679480971045248
2022-12-09,0.029254312325926776,0.10728914152362597,0.09744815393389901,0.10273054235824727,,0.09711790979916655,0.03917561426513257,0.06214556530742099,0.09289502319923319,0.10183975653865594,0.025543838198164852,0.09172854511790259,0.05866112740706744,0.09417047002555667
2022-12-12,0.029236826985362337,0.10706761210680495,0.09848739854458667,0.1020919542357172,,0.09844856637998949,0.03793752256527356,0.06261062350518984,0.09103705333923243,0.10292265132100002,0.02592683994130678,0.09244840711898028,0.05849040510065815,0.0932941388558984
2022-12-13,0.029589049301044664,0.106345234746939,0.09884060400784812,0.10178727396131627,,0.09741770761197474,0.0381638829529755,0.06284139706674902,0.0922518094027955,0.10039368610802385,0.02603091901599373,0.09268649458259276,0.0584104804796936,0.09524146076205331
2022-12-14,0.029752751519258422,0.10544407676514447,0.09847816815776365,0.10167402979739822,,0.09580875698920073,0.03659902893118884,0.06492905264236318,0.09302299252681373,0.10075624003665425,0.02632181466236087,0.09314476636228938,0.058940418010049275,0.09512790359951522
2022-12-15,0.03168759412011168,0.10723330276560802,0.09756799796727371,0.10213979638690666,,0.09554970654661323,0.03726893478691453,0.06534219160646347,0.09286681837141095,0.10021263273699366,0.026429519781201213,0.09154827399822803,0.05893849353394612,0.0932147373983286
2022-12-16,0.027004111443687057,0.10000000000094675,0.10000000000000003,0.10000000000000003,,0.10000000000000003,0.03636487235022358,0.0584164456690115,0.10000000000094675,0.10000000000094675,0.024313595988486047,0.10000000000000003,0.05390097454480481,0.10000000000094675
2022-12-19,0.02710360219718204,0.09893932414850125,0.09975734717587893,0.10034367952252779,,0.10150307448843751,0.04082761761147938,0.05886499733089763,0.0997599830289585,0.1002827068015451,0.023337237314394552,0.0990218790838003,0.05376370403552231,0.09649484726087475
2022-12-20,0.026601223176454403,0.09876498325100071,0.1005281446967364,0.09962043688995206,,0.10093036153565477,0.04160127887760289,0.05831533222427707,0.09981574942323401,0.1012545885582652,0.02304228298610862,0.09914709167379843,0.05273130323843338,0.097647223468482
2022-12-21,0.026824354011962585,0.09837700723699337,0.09972921630689659,0.09849643567437218,,0.10026318492665577,0.0431689781596184,0.06040701203438477,0.09882758602299634,0.10159805291879202,0.02255983296154739,0.098237533193935,0.05390320662861786,0.09760759992322753
2022-12-22,0.027143245581218396,0.10004703468434369,0.10022878966134599,0.09993814576285817,,0.10002883508659273,0.04423602008652085,0.05639240439841699,0.09697546180990398,0.1015372484629681,0.022463151256603177,0.09866481368044074,0.05565591371922447,0.09668893580956263
2022-12-23,0.027105310430664182,0.0997126558631429,0.09987352788959665,0.1002607520876918,,0.09968091725950365,0.04389201495467594,0.0561250641134478,0.09791507737012055,0.10143977370174193,0.022822438536230345,0.09892585944510687,0.05593306324142605,0.09631354510665127
2022-12-27,0.027376271435066837,0.10001961289235602,0.10035021348367243,0.09993823907751674,,0.1002451435282952,0.04340030662023073,0.05738001712513938,0.09720433157263514,0.10198325563638896,0.022350046231862725,0.09893364799749674,0.05621942407068655,0.09459949032865264
2022-12-28,0.02728440929259654,0.09988543711822517,0.1007827001026971,0.09935552718594343,,0.1007131377465052,0.04514600423603276,0.056706864071667695,0.09705136896351738,0.10194250149110863,0.022485399823370857,0.09862013214352097,0.055839907448293334,0.09418661037652096
2022-12-29,0.027185458251260675,0.09868270870580995,0.09967945513461654,0.09933857883280818,,0.09891839346333356,0.04539601942283891,0.057138331931371224,0.09671499054997906,0.10075102967371938,0.022456286604425207,0.09731166202853726,0.05557148453205725,0.10085560086924288
2022-12-30,0.02723992384929655,0.09816466479011765,0.09947408735138129,0.09714018960296712,,0.09876438310475666,0.04568457827574733,0.056391909827199035,0.0978407242976977,0.10166330907404397,0.022455718243870423,0.09727490535112011,0.05584009846173677,0.10206550777006536
2023-01-03,0.02722177675487356,0.09806875952382933,0.10001239564383381,0.09867024731827947,,0.09861423327306978,0.04644292659325498,0.057124961989133895,0.0989439166904987,0.10060719322495909,0.021902659879447794,0.09611978921051427,0.05713725498607788,0.09913388491222745
2023-01-04,0.027262019202307506,0.09659867046687978,0.10094873253019367,0.0972887340243737,,0.09671835838142251,0.0457049080234981,0.057365298563248804,0.10031970094304421,0.1019527075412154,0.022782393458359997,0.09494100544924333,0.056936420498081584,0.10118105091813148
2023-01-05,0.0275083991966059,0.09562028068358032,0.10099236488979316,0.09586187272720856,,0.09568779129712941,0.046595111256577226,0.060062798220112776,0.10260025534882564,0.10104343928103089,0.02276187848391202,0.09390333266408521,0.054803001741548625,0.10255947420959036
2023-01-06,0.02710252253430982,0.0965627727178536,0.1008786835248355,0.09471880366870575,,0.09517698211160196,0.046193260457872885,0.059802318918294003,0.10357886387139714,0.1010273841965932,0.023057873938147348,0.09390325337876883,0.05376606259841343,0.10423121808320657
2023-01-09,0.026689716920867364,0.09381633211913949,0.0997170233671183,0.09453339719968269,,0.09518910586187795,0.044659092479673326,0.0621764397575427,0.10539611989068423,0.10035083702830551,0.02312522926380847,0.09254146078455404,0.05367964699845292,0.10812559832829303
2023-01-10,0.026968351275850833,0.09422456442077903,0.0984531510041375,0.09413511248603955,,0.09554829351215403,0.04722087223956826,0.062148741841174956,0.1064685411380231,0.09998792036393793,0.02331937700087108,0.09225244012717186,0.0543027683438217,0.10496986624647019
2023-01-11,0.027530838034005987,0.09409957907649398,0.09987232833699933,0.09495175320768898,,0.0955912274493768,0.04827527760549515,0.06045383839919024,0.10561678241718013,0.09946401562324096,0.023274308892058473,0.09228672213674442,0.05363344435841071,0.10494988446311469
2023-01-12,0.027341419490298908,0.09482163205029974,0.09853541659954208,0.09638932887447864,,0.09315550812790593,0.047221657347304644,0.06170176867164319,0.10449020612067389,0.09885767753260664,0.023235874982114053,0.09540585349637659,0.05325382054006479,0.10558983616669079
2023-01-13,0.026814660408228157,0.09464549249102129,0.09758635062926915,0.09828359767164452,,0.09313273440018226,0.04727573095320281,0.06180612922809807,0.10523739664929868,0.09829871795239283,0.023252609082316047,0.09500868391611864,0.053983191647181086,0.10467470497104663
2023-01-17,0.027300798072328648,0.09383312575863116,0.09819132437394659,0.09645261900366191,,0.09233215263414817,0.04764048454620465,0.06081131468399136,0.10397913773286432,0.10047838864158062,0.02316791515379608,0.09665340638977674,0.05257091298484933,0.1065884200242205
2023-01-18,0.026987906770983658,0.09453253010016781,0.09683162274507334,0.09735273705539678,,0.09301723163347707,0.048482942022734975,0.06102460784718118,0.10421923370452679,0.10057387247888976,0.023877909289840387,0.09563874382916855,0.05258712772954229,0.10487353479301759
2023-01-19,0.02745089563535002,0.09448105166646724,0.09543492919147062,0.09605489871332551,,0.09329430696022445,0.04969323222294893,0.05987718755769173,0.1053261893093918,0.10060718404067354,0.024323155848270422,0.09721387856329597,0.05307344600310388,0.10316964428778591
2023-01-20,0.027402208241434994,0.09350482839810756,0.09582551318921778,0.09602455635015725,,0.0917753527272556,0.049835192652099077,0.06008985236560195,0.10618892582727672,0.09977240584894673,0.024009890582139384,0.09718874113628567,0.05297404728304827,0.10540848539842887
2023-01-23,0.027347257749091976,0.09135918960708564,0.09627789329184226,0.09511933700095218,,0.09033054371070287,0.04923762337362062,0.05990291640883968,0.10646922363247864,0.09774296089590251,0.024324723124640332,0.0977609726206815,0.05331191702507655,0.11081544155908524
2023-01-24,0.02705534488829866,0.09243410193361488,0.09761990261660697,0.09644555576168916,,0.09199410392335193,0.04352289253213236,0.06056751885720181,0.10583336081466108,0.09770237216389656,0.02428058830001895,0.09861654681252494,0.05541175271224365,0.10851595868375878
2023-01-25,0.026988642854743845,0.0932347394865507,0.09697981177039304,0.09598153630718445,,0.09230558466252983,0.048752311814990894,0.061302294321065515,0.1060646498914486,0.09843872322095858,0.024282354047908964,0.09783644207450069,0.05477988206179333,0.10305302748593156
2023-01-26,0.02730085378267254,0.09322759938029132,0.09807125750390712,0.09609111997400673,,0.09331254962848587,0.04733817877995393,0.06038591085082919,0.10649384078320535,0.09903873868965572,0.024041100669128908,0.09863502661889725,0.05522473111661464,0.10083909222235145
2023-01-27,0.027162972641832654,0.09310156553753823,0.09865251460038656,0.0965313117890326,,0.09324863387518811,0.043828113885698766,0.06140088514933049,0.10615205058414648,0.09883488410501007,0.023393530726233482,0.0983400772803341,0.05633115906478352,0.10302230076048492
2023-01-30,0.02630784061716217,0.09299481992096124,0.09845040281206682,0.0962830066397252,,0.09337762954080724,0.04410893796657132,0.0629731670070509,0.10663293629285592,0.09960057069581106,0.02350541843089196,0.09837369570853163,0.05667565785135983,0.10071591651620469
2023-01-31,0.027208643137227137,0.09236183081819568,0.09685141014600195,0.09613091665640663,,0.090749373470395,0.047542838553642844,0.06386954595902194,0.1060287308828203,0.09901876727586599,0.02379423865973999,0.09798497049498434,0.058395255934596206,0.10006347801110217
2023-02-01,0.026800874033292524,0.09172159122538945,0.09613411435137292,0.09557896128233191,,0.09326081809109067,0.047994374881025655,0.0636398510577548,0.10399836660238498,0.0974106603233697,0.0264986643228632,0.09697783221833536,0.058040926389613556,0.10194296522117528
2023-02-02,0.027858314326043247,0.09235700345139695,0.09567246799050377,0.09597174492849328,,0.09281426955789854,0.04717985291278725,0.06013735651445593,0.10521749698237025,0.09692900276675229,0.02689513472285348,0.09654514563001751,0.05763902412510059,0.10478318609132696
2023-02-03,0.02811700639625092,0.09108758585954049,0.09583944444060448,0.09583252116411871,,0.09399243721866961,0.04877333876359977,0.060551363667768476,0.10474177327990111,0.09848414771833847,0.027073774651722487,0.09647073274954626,0.05809958138282881,0.1009362927071105
2023-02-06,0.02793629248688464,0.09074858953818604,0.09575023360708318,0.09498722589417456,,0.09477417744843629,0.049069965454309736,0.06243878106629049,0.10394741783238953,0.09937527865909797,0.026874274364238403,0.09712420348956766,0.058339316709232536,0.09863424345010904
2023-02-07,0.027251651500694207,0.08943061786234827,0.09509933429267166,0.0936176847586307,,0.09393085289664277,0.04887656668276319,0.060112144562296396,0.10323538650039034,0.10474999142993889,0.026406053663360077,0.09574456513574298,0.05771841753300986,0.10382673318151069
2023-02-08,0.026671953707039668,0.08907645512508552,0.0975025997167103,0.09258078281372928,,0.09160355699215822,0.04905954609613242,0.059659318505660246,0.1006620001777608,0.10758940824141869,0.02616901019857244,0.09484977117640764,0.057561476922094186,0.10701412032723073
2023-02-09,0.026623045451148193,0.08834537148353339,0.09740560619503262,0.09247657328414934,,0.09306214155763584,0.04915406368359275,0.06003301560113524,0.09997107035723372,0.10831881633300713,0.025280430159067075,0.09571169348860988,0.05620378073543477,0.10741439167042013
2023-02-10,0.02687791076467908,0.08927209026011769,0.10029459161759643,0.09383446256304184,,0.09444984265881509,0.04856916451122801,0.0593344759869472,0.10049948199448687,0.10901979119297975,0.025121604008564724,0.09574094806183378,0.057029912874049876,0.0999557235056596
2023-02-13,0.026607962315126722,0.08855992477219299,0.10031612215536084,0.09392623370117839,,0.09370740340109186,0.04820707582192005,0.05850741353114058,0.10044068641016757,0.10879758648680474,0.024990965465751823,0.09576925113066576,0.05684370687934889,0.10332566792924988
2023-02-14,0.026227593604511677,0.08828769791468834,0.09910333917145712,0.09337685753056636,,0.09331537803748671,0.047466908591833924,0.058933661681507266,0.10145322502037742,0.10882309572944998,0.025116496303987372,0.09528052086282801,0.05714145094595636,0.10547377460534942
2023-02-15,0.026115848623261613,0.08775273859455184,0.09803658243444992,0.09357409846423675,,0.09402018923627589,0.047948802162763635,0.058828077419093024,0.10183135691397573,0.10742520410544137,0.024772340354255316,0.09489396316050505,0.05791620310105284,0.10688459543013681
2023-02-16,0.02609885477023831,0.08768321990759767,0.0981924916747581,0.09457293461255947,,0.09361098661475792,0.04841509328528058,0.06077652620808833,0.10101143357382203,0.1077011275734772,0.023979156548113067,0.09448471526221369,0.057030237521557975,0.10644322244753578
2023-02-17,0.026050948990123952,0.08874818687719302,0.0982890259685987,0.09531885225800255,,0.0938337626968193,0.048094965222604126,0.061818899536217144,0.09786457455062246,0.10819368630396162,0.024394283312430803,0.09366410712390812,0.05776942453735266,0.10595928262216556
2023-02-21,0.02664449162897185,0.08822379341772206,0.09866201488206,0.09516146230091885,,0.09546851402973418,0.04779297714087108,0.06490253624335711,0.09717109192555186,0.10945808217314262,0.024172735472960328,0.09261324840405244,0.05580863497713005,0.10392041740352759
2023-02-22,0.02673168417897936,0.0882794501507402,0.0986660108885491,0.09505914975105495,,0.09460651244348808,0.04857566511204898,0.06450377507715106,0.09706327888311983,0.10901540083681759,0.024358181420298976,0.09212730755644902,0.05587629970625763,0.10513728399504517
2023-02-23,0.025840243627308242,0.09380125586499288,0.09565551336611901,0.10029196296600287,,0.09189821106808646,0.046584466805487126,0.06131382887642788,0.09706416415360085,0.10609173132101507,0.02387731819745132,0.09521891512527188,0.05500840785824336,0.10735398076999297
2023-02-24,0.025217492449975416,0.09499281692845733,0.09503359934479921,0.10714920347168262,,0.09225099507102746,0.047462573830945425,0.05960419625167772,0.09644946780286995,0.10473094309110591,0.02399521121759824,0.09495630086861082,0.05607626942858504,0.1020809302426648
2023-02-27,0.024795116465002785,0.09517917978072228,0.09563434866528236,0.10729777738016817,,0.09168607971033925,0.0470002052153458,0.05937515794774945,0.09594555164073228,0.10428767966130648,0.02420021624174554,0.09630606156382969,0.056463542369875636,0.10182908335790022
2023-02-28,0.024767360145641012,0.0954235593672432,0.09545719832679142,0.10583155469757642,,0.09106050213663502,0.04686418199491345,0.05962257024862508,0.09659657606275387,0.10428228354744369,0.02438195915236875,0.09492913078634989,0.056375538554881414,0.10440758497877674
2023-03-01,0.02475665455279694,0.09442408472189316,0.0941919331383619,0.106088914740944,,0.08981079765149605,0.04709302219062645,0.061672489950226894,0.09920482510513771,0.10418381922897912,0.024377911041405357,0.09329987425673161,0.05798328888008808,0.10291238454131284
2023-03-02,0.02478827416552144,0.09419444515649181,0.09461972115638896,0.10590892870365685,,0.08949407676792807,0.047681527932816506,0.06184553613869353,0.10005250193201437,0.10384246318488628,0.024331390857205423,0.09313459195173104,0.059447447247427544,0.10065909480523819
2023-03-03,0.02476587189934568,0.09384154946155747,0.09440986428600864,0.10690556293707285,,0.0893792924448165,0.048300871298734914,0.06324792771907208,0.09827499128583271,0.10247039820964622,0.024295322063780735,0.09349105848950967,0.058138564859204024,0.10247872504541845
2023-03-06,0.024604999290509143,0.09334678413474468,0.09511155602398912,0.10795405332490268,,0.09001550520858309,0.046824427109349545,0.06142556144930357,0.09867411527275342,0.10297169759501737,0.023905824740557746,0.09456023506690772,0.058262526330225814,0.10234271445315604
2023-03-07,0.025008859562399444,0.09332129963870613,0.09455922933419113,0.10716263493094236,,0.08930468925370318,0.04904052887296579,0.06155351672476917,0.09676338807418218,0.10338852329322588,0.024135665170127885,0.09473877020357144,0.060495593880117375,0.10052730106109804
2023-03-08,0.02512393820192094,0.09430852239958934,0.095355944233573,0.10656412810462386,,0.08969265308789934,0.04901869687817983,0.061599209675681776,0.09626855503400113,0.10336819193306435,0.024602077692455804,0.0941942973528031,0.06008589236775161,0.09981789303845598
2023-03-09,0.026418581855115232,0.09416084032263156,0.09519814221689919,0.10547047748170622,,0.08952872249209577,0.049804243687165864,0.061044346521200485,0.09706012406111064,0.10232934763941862,0.025468602603962942,0.09453221012060153,0.060021532600604194,0.09896282839748777
2023-03-10,0.027603571792760767,0.09364603371757599,0.09635395707426046,0.10629543861024113,,0.08985470147818694,0.04970340678511745,0.06076184220683684,0.09828900861389385,0.10289230587142616,0.024717156549170925,0.0960027736631152,0.059015360146835526,0.09486444349057865
2023-03-13,0.02740074616927676,0.09416697085367587,0.09805121946861063,0.10567846640647158,,0.09118430463727974,0.04927209552309252,0.059266257306951814,0.09713466373148537,0.1024371778446279,0.024704407314909593,0.09723618298994277,0.058989616587807964,0.09447789116586748
2023-03-14,0.02711997475901449,0.09367300127700777,0.09731256409012182,0.10617610924231148,,0.09228652677057068,0.0497082198390078,0.0591705768628308,0.09548326978387729,0.1042736467217795,0.024737019693882686,0.09748908462283257,0.059636669451779124,0.09293333688498377
2023-03-15,0.0279311363424596,0.09656537946918302,0.09444525030735022,0.10745013082163024,,0.09219800123813979,0.050052578800824116,0.05887385130456257,0.09382960168330402,0.10146811805591355,0.02445170523089547,0.09937139814620088,0.060206785776714476,0.09315606282282218
2023-03-16,0.027609750682537307,0.0971542655808541,0.09538075148672602,0.10737686330624406,,0.09315644103288642,0.04980874458182345,0.058631534256843684,0.09344534447382907,0.10242743098108753,0.024463693828922602,0.09829478813833846,0.059243273672289654,0.09300711797761761
2023-03-17,0.026349533823051646,0.1000000000009441,0.09999999999999998,0.09999999999999998,,0.1000000000009441,0.03896329308226213,0.057313673812755574,0.1000000000009441,0.1000000000009441,0.0237322617124077,0.09999999999999998,0.053641237565746604,0.09999999999999998
2023-03-20,0.02659040398489119,0.0987199967291002,0.10012847801475952,0.10137155086617704,,0.10072448904437588,0.03820466392337159,0.058456204283450025,0.09943640107572309,0.09998601336508214,0.02416549771892536,0.09956040274198316,0.0539514796524861,0.09870441859967462
2023-03-21,0.02619924374174028,0.09719002055779945,0.10028012421022588,0.10092250777756212,,0.09906172453218622,0.038155969927337795,0.060207957495891855,0.09918750798173645,0.09959461167644616,0.023701047305142598,0.1002872359398926,0.05421139337003323,0.10100065548400537
2023-03-22,0.026026728087606123,0.09762363477948291,0.10169498775402137,0.10203513054946504,,0.09845296452155722,0.03854768267821103,0.059366686968084996,0.09833761543306337,0.0990823032392911,0.02405619992470595,0.1002734258276664,0.05416062846607646,0.10034201177076826
2023-03-23,0.026049382547564108,0.09717479807390027,0.1017664110014921,0.100009543924833,,0.09765944460940212,0.03823751415188531,0.06015290258885048,0.10004166084794094,0.09886828754230148,0.023981066238379173,0.10164288230664738,0.05448859429615366,0.09992751187064997
2023-03-24,0.026033978371220214,0.09633040653427566,0.10077579151782913,0.10120235134607458,,0.09652569030228916,0.03933563847430113,0.058834931131819736,0.103624550715791,0.09819582896714403,0.023955522179396782,0.10226866590279139,0.054448145089303054,0.0984684994677643
2023-03-27,0.02598832156783928,0.09660886110271606,0.09981285366034566,0.10124132478990155,,0.09684240473987134,0.039671590394153494,0.0579230444063678,0.10518246183486514,0.09828012941435747,0.023751916589941087,0.10223036243393772,0.05437807415238024,0.09808865491332308
2023-03-28,0.025576047673253877,0.09635565053503603,0.10023934652197947,0.10279631803601391,,0.09759474152646656,0.039098940676234796,0.05792103490101847,0.1053673489244079,0.09801217514752998,0.02347052746990419,0.10203503937441338,0.05395514005768905,0.09757768915605254
2023-03-29,0.025456063248263577,0.09578701005752394,0.10051943033693822,0.10282596303744494,,0.09804921800374702,0.03886142330826598,0.05766387436343106,0.10336164465788601,0.09839952532980732,0.023405339022940102,0.10248077776429669,0.05293131243155045,0.10025841843790463
2023-03-30,0.025350590774288775,0.0961196716739547,0.10130563612074332,0.1015718287979126,,0.0979650659378866,0.03740231900296485,0.05876825449383839,0.1034637223135134,0.09847040154220399,0.02339337955047267,0.10298652744999148,0.05233584499382321,0.10086675734840592
2023-03-31,0.0253484630967163,0.09565432659293653,0.1009948271312734,0.10235434433792626,,0.0976056333952877,0.0380957593705059,0.059307966473763955,0.10224260312088494,0.09856731687159026,0.023609337154369938,0.10137937256108345,0.05192660109167699,0.10291344880198446
2023-04-03,0.025635471842909395,0.09650694835201577,0.10027686658327536,0.10256482924726086,,0.09788339837770635,0.038621838518504356,0.058871591682028046,0.10135116988840183,0.1018733295460424,0.02347341474999715,0.10072070056781472,0.0519782668559006,0.10024217378814304
2023-04-04,0.026279523978756398,0.09806540377841187,0.10053594793061296,0.10326525834734694,,0.0973848185703852,0.03894203051788513,0.05668265885757757,0.1006740114939574,0.10038493789427298,0.02343092561183947,0.10406699185049169,0.051257138962031205,0.09903035220643107
2023-04-05,0.026438067626513125,0.09767225691514182,0.10064308378239033,0.09944936433691948,,0.09690778107884833,0.03854101603206104,0.056307730643213906,0.10243445728078568,0.1017319727286898,0.02342300889420293,0.10477080864022578,0.05160634026132611,0.10007411177968162
2023-04-06,0.026241778073959394,0.09767779268539423,0.10010649210865798,0.09861047614554168,,0.09666504258330574,0.03888231697613758,0.05760336364939417,0.10274888553442627,0.10413513970831438,0.023673232936915485,0.1053079473434093,0.051599402875278456,0.09674812937926518
2023-04-10,0.02587984921868168,0.0987562860628029,0.09944260497653302,0.09815959432340048,,0.09642530166940834,0.03856088286687031,0.05720327770438155,0.10441087309006712,0.10345742763565484,0.024092464475238485,0.10528907239026307,0.051594912809234575,0.09672745277746368
2023-04-11,0.026044761309368204,0.09725441871266155,0.09995100359246607,0.09713819730011726,,0.0962249589996524,0.039048489914805,0.057737542139140584,0.10452206377920419,0.1033356768037486,0.024198227083531504,0.10639992499343827,0.05179856206072265,0.0963461733111437
2023-04-12,0.02590955412805755,0.09667389339612302,0.10152618262004483,0.09712417950905641,,0.09676252964673458,0.03865795643382562,0.05847616887047803,0.10406000503457623,0.10469822677547307,0.024036487948776195,0.10670436945747444,0.05174806587925053,0.09362238030012954
2023-04-13,0.026315627467322692,0.09705009939489301,0.10023885627645612,0.09795120274051411,,0.09624839630652096,0.0390338278632798,0.058803741489073254,0.10302053390000784,0.10378012036269783,0.024397128637864172,0.10627623519392983,0.05231045427659948,0.09457377609084099
2023-04-14,0.025860259518980758,0.09690939819640043,0.10089354747506984,0.09721490073483936,,0.09666767092944369,0.03921546000077461,0.05917557881061886,0.10124982511224721,0.10404384568942757,0.024274195189093097,0.10685697032546382,0.0530465597158849,0.0945917883017558
2023-04-17,0.025964615481736193,0.09671109534568241,0.10060119319838266,0.09733654374672943,,0.09729249854144353,0.039382548650645666,0.05912741608234976,0.10135651635812948,0.1031396637108488,0.024396180471967118,0.1062926225509686,0.053730384356779834,0.09466872150433651
2023-04-18,0.025955006043486994,0.09676232133740859,0.1013303892866965,0.09774580154749378,,0.09847770815678884,0.039176061799713884,0.05924514712012271,0.10074161054436309,0.10308587628879852,0.02390686040347273,0.10722110712217861,0.05303289468193976,0.09331921566753579
2023-04-19,0.025203187362990848,0.0962783405935078,0.10093836575814379,0.09866703082107157,,0.09773547440464092,0.03929931016145606,0.05857815784072233,0.10038917950194744,0.1059840245331907,0.023265597257953165,0.10590380726910084,0.05351560913251111,0.09424191536276334
2023-04-20,0.025588696260089465,0.09761697186846068,0.10030145437455626,0.10081884506774386,,0.0968131963378509,0.04016353154231162,0.057848346954797535,0.10025056266616938,0.10489071763231733,0.02313764520081782,0.10633190402401958,0.05410474767884181,0.0921333803920238
2023-04-21,0.026418684557268358,0.09777378965367109,0.10120700939046129,0.1007466663740243,,0.09758117244119822,0.040094115941284036,0.057593202695673265,0.09836145824365645,0.10532692270070816,0.022783855878533887,0.10631142670296163,0.053550506336150897,0.0922511890844084
2023-04-24,0.026271555582982838,0.09785393494641297,0.10060954200441735,0.09792261584604094,,0.09720704267670723,0.04024292192817129,0.05746935366295684,0.09908622473750495,0.10476513605796069,0.023082548965961774,0.10669632757556156,0.05341886972008221,0.09537392629523954
2023-04-25,0.0260950823795747,0.09797918237720689,0.1005605914930844,0.09641073050102292,,0.10856771510719673,0.04012666249949644,0.055432015483516305,0.0975261568632657,0.104019048327427,0.02310673100983448,0.10598890597666667,0.05254344716133573,0.09164373082037207
2023-04-26,0.02569662117774573,0.09669954702390787,0.09950994412749281,0.09713537988539608,,0.10885606158133182,0.03887341311842263,0.055469979416355585,0.09618731342672189,0.10200351396905072,0.022661876922886123,0.1040999878241661,0.050943691706958116,0.10186266981956454
2023-04-27,0.024609028166732248,0.10069761782267068,0.09883098218583788,0.10446791710284839,,0.10706098638047445,0.037708187152141304,0.05334448095265132,0.09440801471160393,0.10041234242096464,0.022110621329127826,0.10273389041114415,0.04949735668389121,0.10411857467991174
2023-04-28,0.025112116347439553,0.10003198145840446,0.09798243041479153,0.10424250035834479,,0.10760066111879409,0.03813228348864375,0.05346831733601089,0.09577905754809976,0.09576801254506517,0.022040950067213714,0.10270245374346804,0.05034005466179848,0.10679918091192579
2023-05-01,0.025268838073052045,0.09798175603689169,0.0988971045145626,0.10296320782118802,,0.10889375362922565,0.0385779652207004,0.05399037393641521,0.09421460392761981,0.09734722908209564,0.022193236755756688,0.10240573871875547,0.051337567032845914,0.10592862525089079
2023-05-02,0.02555796627101544,0.09626556610859528,0.10027116124361662,0.10371247759625739,,0.11036053610100227,0.038470894703408635,0.054719655512441685,0.09256786441389954,0.09608695459386939,0.02193855836120618,0.10049942864371068,0.05413579713208211,0.1054131393188948
2023-05-03,0.02504215957794311,0.09553664778203459,0.0995292785493835,0.10301166285095945,,0.10738495717996951,0.03967644060784463,0.05302605440910723,0.09314566199846513,0.09541615540159522,0.02667027800505136,0.10026497149904322,0.05625568722089257,0.10504004491771052
2023-05-04,0.025170648890067062,0.09786359293816134,0.09980801381420083,0.10438076571468924,,0.10881242484593476,0.03824000463695107,0.05045897889738471,0.09343153823815514,0.09424156987453194,0.02691760355094119,0.10118164396262101,0.056022466987646874,0.10347074764871486
2023-05-05,0.02504898228579507,0.09664964687628998,0.09861728517192762,0.10438532908386146,,0.10701185332022775,0.03772716110134556,0.05035608972293466,0.09476948636299934,0.09378908341915415,0.02695658269810488,0.10187797781007148,0.05732795586569987,0.10548256628158832
2023-05-08,0.02480080876728958,0.09648176287799103,0.09863951642801576,0.10233934617142251,,0.10701183252942303,0.038129646676541916,0.05142082900898855,0.0939457647297335,0.09365563607518711,0.02805723492076723,0.10126720469860638,0.057418531673100126,0.1068318854429332
2023-05-09,0.02471360890822205,0.09574746747746056,0.09832851244285282,0.10174848567685416,,0.10640449275503139,0.03823808110786084,0.05120508732706149,0.09536236152613851,0.0935215988191704,0.028023393541749823,0.10178777507525788,0.05757868130610473,0.10734045403623542
2023-05-10,0.024827130949876517,0.09502261960162417,0.09673992784558048,0.10246358261258573,,0.10605474769487008,0.042041571037712805,0.05165992041501905,0.09504680633478611,0.09277706344894099,0.028115490485437402,0.10130462436032432,0.0571180370120922,0.10682847820115014
2023-05-11,0.025160299423463914,0.09454160558283323,0.09682469005562079,0.10254337386068976,,0.10669405905995297,0.0405287237934428,0.05107043429291049,0.09591524671870419,0.09223610326102656,0.028419109991175077,0.10169429834530112,0.05699702891033308,0.10737502670454593
2023-05-12,0.025288377329431126,0.09403248710503576,0.09627388747179587,0.10216011777898877,,0.10634036700304149,0.04026145436599152,0.0510757862564895,0.09967608655748064,0.09165981463646561,0.028914356368590532,0.10251818390922633,0.05664941159376558,0.10514966962369743
2023-05-15,0.02547995819996082,0.09328015754323976,0.09601106984274917,0.10180243242934908,,0.10529760835893194,0.04089771876763745,0.05074713198211543,0.10079925804946552,0.09117106205438874,0.03042553813358842,0.10196630466196105,0.056532549537390744,0.10558921043922184
2023-05-16,0.026244967334056693,0.09402952107462494,0.09544185786664669,0.10279954140911231,,0.1055378339734216,0.0418904776671536,0.05043311202082943,0.10080074750780203,0.09036954676017532,0.02963946170765173,0.10053701686990224,0.0562947156532031,0.10598120015542029
2023-05-17,0.025370758527577003,0.09296149788427156,0.09635768127221303,0.10165595409375401,,0.10560037342400244,0.04263548422491214,0.052092649089054525,0.09954632653641773,0.09064212683396057,0.030598427379556807,0.09879518191606966,0.05635474692266462,0.10738879189554587
2023-05-18,0.024634482636871687,0.09218259844592185,0.09677618647355649,0.10181197908001216,,0.10593193254773443,0.04100960868647976,0.05208330474799474,0.10056343253246681,0.0915654692210794,0.03087702569695195,0.09833851172897622,0.056343506557904446,0.1078819616440501
2023-05-19,0.02469489164900241,0.09192602255406636,0.09726888626768114,0.10060864393616402,,0.10680949632895585,0.04232808634719267,0.05180582482226183,0.09948316847404781,0.09191567053419951,0.0310354264654461,0.09903366130666677,0.05705497906786861,0.10603524224644705
2023-05-22,0.024481873975418754,0.0911225565545811,0.0964140910961027,0.099545958685132,,0.1068638210887629,0.04152486581530736,0.0510092346018416,0.09972896262987009,0.09277411308249123,0.030234692665867355,0.09779635530061738,0.05691197064427187,0.11159150385973579
2023-05-23,0.025234977491386652,0.0914777530042062,0.09631031145246362,0.0984308305755937,,0.10559652251823298,0.042670230030796175,0.05058070528858703,0.10012709464034329,0.09119478213452195,0.03116376098081742,0.09660401296515705,0.058947623963116216,0.11166139495477777
2023-05-24,0.025348215335386837,0.09174040790032731,0.09573731687230687,0.09815007211998113,,0.10660987097761256,0.04159487750911045,0.04900325056010072,0.09874655998660231,0.0907308218876191,0.03114424378392638,0.09785457502064131,0.060574561240483264,0.11276522680590173
2023-05-25,0.02396626409069942,0.08997562225090566,0.09539255131655557,0.0962211712490648,,0.1051041588515327,0.03917939066314935,0.05748330483188626,0.09555130039410561,0.09147054358415521,0.029396817503334623,0.09624830252948212,0.05825802583692165,0.12175254689820725
2023-05-26,0.02332255785615507,0.08934921733127188,0.09567569561847533,0.09377476011642351,,0.10386310770701841,0.03777610838209854,0.06280741677184207,0.09467853210369905,0.09126943403220018,0.029564269739107172,0.09419087156595245,0.057437198312231784,0.12629083046352452
2023-05-30,0.0227244443844987,0.08842084632735386,0.09425010048090549,0.09334891877396014,,0.10203204899916181,0.03690519726071997,0.06390592378894727,0.09738839291822152,0.09042377878570304,0.02872348053290402,0.09698788302769629,0.05742565777200643,0.12746332694792153
2023-05-31,0.022903164210524816,0.08759215883575723,0.09370623142833887,0.09391348557174106,,0.1024736095473609,0.0380199354356523,0.06337878742896602,0.09921433092926099,0.08987688003851613,0.028822206965476632,0.09759635265974158,0.057091476390290496,0.12541138055837295
2023-06-01,0.022470357633965123,0.08719146096241996,0.09474865187258329,0.09348656799107384,,0.10346288238019755,0.03848394027160941,0.06265013122077291,0.09902830962024947,0.09120295841194118,0.028769295269526655,0.09613708954363293,0.05713417106233012,0.12523418375969755
2023-06-02,0.022160490905425066,0.08763406036359228,0.09466727937547313,0.09343610021431083,,0.10192855129676276,0.0387240409546508,0.0674023829977373,0.09856691857487813,0.09117527066925177,0.029348766630366695,0.09442405179295073,0.05796352563794907,0.1225685605866516
2023-06-05,0.022263102995435977,0.08671134302441476,0.09369400033998003,0.09279252158697195,,0.1023775685583459,0.03862693116660799,0.06611826735386626,0.09964290461700011,0.09002353425637896,0.029170214088522016,0.09443648521123696,0.05922572655487545,0.1249174002463637
2023-06-06,0.0232683901697659,0.08733042280830705,0.09194483793363667,0.09479109644664992,,0.1012709125808641,0.03918817530582679,0.06730923673789735,0.0989919479997382,0.08989075529781004,0.029368082533669636,0.09399407689693681,0.06027655666516504,0.12237550862373237
2023-06-07,0.023185036477669806,0.08632823778683305,0.09246096448905562,0.09224795589172698,,0.10169225069289053,0.039135625541719385,0.06964228226870331,0.09854890211133456,0.09084501750404847,0.029001715005677296,0.09307478283645688,0.060798641999242835,0.1230385873946414
2023-06-08,0.02308338039466899,0.08625547464361863,0.092006626754606,0.09233950145550854,,0.10205097402554954,0.038269539490324016,0.0702086960232223,0.09983018943252658,0.09102800361276393,0.02872981648534852,0.09278576887569744,0.06045287686882966,0.12295915193733588
2023-06-09,0.01995462362880528,0.08555374558268573,0.09195230096003276,0.09251206144718244,,0.10252247558346124,0.03884672492771819,0.06893461795597941,0.0993076105644101,0.09071545026505012,0.02897044913347372,0.0926554460835649,0.06108169282122719,0.12699280104640906
2023-06-12,0.020419024637748324,0.08487448580187726,0.09239445497051789,0.09313462564971187,,0.10308699320557571,0.039481186103911936,0.0697466937453387,0.09851176941166573,0.09166935061461626,0.028245104791580964,0.09326468829472248,0.05974741409673213,0.12542420867600065
2023-06-13,0.020809997297963498,0.08503285611338356,0.09331045800841876,0.09074659404215873,,0.10344042817873031,0.03943324340303717,0.0688905272125749,0.09739537212407842,0.09058283564452367,0.027166035759122364,0.0918554042358015,0.05949523682124226,0.1318410111589649
2023-06-14,0.021020056043921917,0.08489652488546501,0.09349483849663541,0.09248782887281964,,0.10379792387076138,0.03917634279882133,0.06764537075403086,0.09585821187283512,0.09048654681496202,0.026382292063302722,0.09254043640317326,0.05886661578466159,0.1333470113386098
2023-06-15,0.020681083925122024,0.08474437913258172,0.09462963962051317,0.09305041174368392,,0.10500224723627642,0.0387280122925971,0.06632067178099517,0.09645703424799917,0.09029308710881809,0.025991529135521753,0.09219149677110697,0.05920848625356323,0.13270192075122117
2023-06-16,0.018789639415407674,0.10000000000068279,0.09999999999999998,0.09999999999999998,,0.09999999999999998,0.03688422255541409,0.059964415632164605,0.10000000000068279,0.10000000000068279,0.02675184891140375,0.09999999999999998,0.057609873482878694,0.10000000000068279
2023-06-20,0.018783010820159537,0.09895276040160665,0.10106900237912647,0.09840999426408674,,0.0996822663073868,0.03613234640037716,0.05974651921869016,0.0991771065282172,0.09972426049036863,0.02774658225758748,0.09940594495232408,0.05818460946102282,0.10298559651904635
2023-06-21,0.01903511251728473,0.09948871185665852,0.10015601269522735,0.09997734184085647,,0.09895033957966162,0.03630401246088187,0.06072187798447204,0.10102651607696951,0.09879745975003998,0.027990568019768885,0.10084723740376804,0.05658116000438748,0.10012364981002338
2023-06-22,0.018581500668147292,0.0991741433167475,0.10056943042798341,0.09856443457857904,,0.09862826463032665,0.03604981357548012,0.06077619281123438,0.10126369327456348,0.09868402447472646,0.027851375431103904,0.1001308705014778,0.05792513728952807,0.10180111902010185
2023-06-23,0.01798640353648249,0.09894355856522545,0.10075789751687513,0.09852845944012535,,0.09807792326465606,0.0362482321271648,0.060793634397507595,0.09952421142808451,0.10021459256878514,0.027558115415984685,0.09941667846772825,0.05797959850418358,0.10397069476719698
2023-06-26,0.01839466120130996,0.09919782656080735,0.10053808405347925,0.09781375952622401,,0.09775325548336573,0.03683642003712643,0.059363738304321345,0.10060746666976483,0.1025504092283059,0.02745011208979383,0.10047136805430365,0.056927658474505545,0.10209524031669205
2023-06-27,0.018190293475592523,0.09873116492626074,0.09980750467157642,0.09690064211333294,,0.09734934629741784,0.03669968254943902,0.059907990132979386,0.1021339966010357,0.10292550854088177,0.027641902310435902,0.10098304063371542,0.05673856177520406,0.1019903659721283
2023-06-28,0.018104596181382233,0.09877745882455911,0.09858647264540345,0.09655622465727305,,0.09713743758898435,0.037806406940069814,0.06186580370639106,0.10152341207654306,0.10320178281802862,0.027276415879356745,0.1008670146752893,0.05790857252598675,0.10038840148073239
2023-06-29,0.01798579002180873,0.09919870948792658,0.09886431150385416,0.09805034150841889,,0.09715296542461703,0.037374694962786614,0.06093124206207708,0.10094550300538196,0.10176331880850939,0.02740210242696878,0.09961191605041117,0.05895683384731679,0.10176227088992262
2023-06-30,0.017564147083877393,0.09932856587185099,0.0992552591028942,0.09597516445412553,,0.09765309854293798,0.03732880161730111,0.060414700591818776,0.1011815206054204,0.102360180653362,0.0269951467000581,0.0997602899590414,0.058571494818040054,0.10361162999927204
2023-07-03,0.01777163391748948,0.09843131974698457,0.09882271042310274,0.09581380789226496,,0.09671621576763179,0.03671514039577007,0.06313902627551993,0.10084478501653994,0.10149604466599836,0.026974814466909754,0.09894015219736255,0.06078713416350712,0.10354721507091845
2023-07-05,0.01769484701072298,0.09924354814571608,0.09925695362341472,0.09567611458593299,,0.09750380990544048,0.03634506933772114,0.061337949541385786,0.10044812199124205,0.10091750043151917,0.02669973661769171,0.10011667640200472,0.06198274443235954,0.10277692797484862
2023-07-06,0.017685318623744038,0.10055474014374242,0.09976749299527796,0.09546973232851526,,0.09835666380777654,0.03574413902325548,0.06103501584086507,0.10081884029606399,0.10055304066709328,0.026619616536960423,0.09987163745114044,0.06050563932657537,0.10301812295898977
2023-07-07,0.017747794757871766,0.10028138537045427,0.09926505102617796,0.09469903103193067,,0.09772420884568879,0.03587855010029363,0.060797706977656414,0.10050550332837656,0.10159328288492435,0.02632597039945518,0.09953880383655116,0.06111055131741109,0.10453216012320832
2023-07-10,0.017537589076678933,0.09942335147409231,0.09957232516414816,0.09501924744584865,,0.09815530990766297,0.03594451671928918,0.05987123446084662,0.09893627948658623,0.10209409900623678,0.02632124672823657,0.10077848063303436,0.060765135227175866,0.10558118467016338
2023-07-11,0.01793122554391436,0.09939536283993103,0.09951636733795532,0.09532110648546029,,0.09735230729815368,0.03635956225707573,0.05999218059697661,0.09821436212045215,0.10216365727764902,0.026733632153925806,0.10077225936006087,0.060992621652290815,0.10525535507615431
2023-07-12,0.01762284803013643,0.09946805813824017,0.09836230536125193,0.09512249013426191,,0.09638110304799226,0.03700692967297169,0.06406605582442211,0.09692864136241926,0.1021234268120956,0.026775767798702724,0.09943948566743217,0.0601642903243822,0.10653859782569139
2023-07-13,0.017616127092058287,0.09827984489338902,0.0983677556115253,0.0947619482648966,,0.09562819465027313,0.03672686030996364,0.0655164365084277,0.09768851667697791,0.10263526969927941,0.02642234197431814,0.09815566494521256,0.059971835517592845,0.10822920385608556
2023-07-14,0.017618928130439374,0.09866786154197942,0.09829728877525083,0.0937356010985237,,0.09520024438074412,0.03686522599009451,0.06759057118334297,0.09665092726666762,0.10312916179490948,0.026217121996245235,0.09747495306290814,0.06041976405328081,0.10813235072561372
2023-07-17,0.017208643405404917,0.0987473208234066,0.09878539137921272,0.09426675482657415,,0.09491317936086663,0.03708103820063604,0.06613150987768371,0.0960868014456746,0.10375420225071,0.02713003830966575,0.09824777225755993,0.060425675537206125,0.10722167232539896
2023-07-18,0.016966427774395495,0.09824483009143171,0.09943207798625242,0.09539435194545816,,0.09516265043630733,0.03624327748156752,0.06656935476005706,0.09506250137606798,0.10536838256523219,0.0271049852231589,0.09703952278277093,0.060197536290167726,0.10721410128713259
2023-07-19,0.01675551376114571,0.0990473120380833,0.09986279165040429,0.09532413729880616,,0.09584108537935208,0.0358119280984884,0.06593034071705232,0.09519295490996144,0.10431144346668393,0.026950501689302086,0.09789580824936407,0.059289752564070736,0.10778643017728551
2023-07-20,0.016805964901712767,0.09953176730355891,0.10115821826139655,0.09430421158827108,,0.09677549989488456,0.035385106993700774,0.06501044405352781,0.09543014159570534,0.10365409147092283,0.027150698919680038,0.09865110566110766,0.059585852501070305,0.10655689685446135
2023-07-21,0.016810135656638615,0.10001818334223689,0.100309493167775,0.09434983296632272,,0.09614872973345506,0.03631477056763165,0.06564339706684293,0.09614429216473468,0.10350112649220627,0.025998142649987024,0.10005767023897504,0.05947638252427486,0.1052278434289191
2023-07-24,0.01674680690125234,0.09999969594317984,0.10001176115687094,0.0953619723736623,,0.09605652199218602,0.03601399125299749,0.06376474114418745,0.0975811859412868,0.10288990722193155,0.026327906462032754,0.10111892647109716,0.05860215100389642,0.10552443213541904
2023-07-25,0.01677483878820797,0.09984444874475484,0.09970271413487951,0.09587708837781803,,0.09178270028323103,0.03608399470120466,0.06475834683409766,0.09804359068949359,0.10260985694365608,0.026246257058464284,0.10208347477794129,0.05968148160153779,0.10651120706471313
2023-07-26,0.016770547747253416,0.10059132120522078,0.09918835706798583,0.09595258226586798,,0.09040547293858875,0.03685883270438019,0.06511158158412216,0.09882935319718086,0.10243554557898847,0.026881796762424262,0.10178591922184857,0.06034316825336185,0.1048455214727769
2023-07-27,0.016600711698902784,0.10601851331834303,0.09827550132065065,0.09522191272593697,,0.08949167516886249,0.03668548262849323,0.06381306962360075,0.09930175805112872,0.10213490885727976,0.026474718765776936,0.10081547793269104,0.06073105888313222,0.10443521102520144
2023-07-28,0.01627791027364541,0.11032247432124398,0.09730329726016061,0.09873746419521434,,0.08854955853984728,0.035364002032001095,0.06393195865592523,0.09723877565859158,0.10229757188717566,0.026204576587298235,0.09865787675127097,0.059789604031249825,0.10532492980637574
2023-07-31,0.01613751342476106,0.11108734157256325,0.09743310240408344,0.0976984097149583,,0.088347982887879,0.035949733231258774,0.06614464204662199,0.09697272500354145,0.10072789478826999,0.025926396531254794,0.09834556484311652,0.06048904459067344,0.10473964896101788
2023-08-01,0.016019339244158978,0.10847412636956247,0.1018116924378932,0.09556163959331686,,0.08754234709951009,0.035538440868907624,0.0656160282047522,0.09846990726521454,0.1020438696607605,0.025574255834892593,0.09653310968043875,0.06222972658279299,0.1045855171577992
2023-08-02,0.015470149622602656,0.10485999691291116,0.09752558164179044,0.09199122782998084,,0.08321459222607291,0.033786889443933404,0.0632517063006092,0.09448267633313294,0.1004496060929716,0.0342769745468781,0.09269766979092656,0.05846211076955862,0.12953081848863135
2023-08-03,0.0158323726498499,0.1038926015464918,0.0962951989098059,0.09290991502626862,,0.08118491982723225,0.03387904558405611,0.0712244169285453,0.09317518632461984,0.09822643342521131,0.03296177145334092,0.09278296997337292,0.05781957925901257,0.12981558909219262
2023-08-04,0.015939391557952515,0.10559650884618954,0.09659179691433006,0.09410630175776577,,0.0809651383157589,0.039323575568764105,0.07392148602288572,0.07736004628093902,0.09766453513038868,0.03299958736124883,0.09209949865505372,0.05800357380731589,0.13542855978140728
2023-08-07,0.015938861026187003,0.10668579456858346,0.09823441707814567,0.09547785952977374,,0.08205717042715524,0.038099684693036186,0.07283805841877058,0.0741741009168562,0.0986472541301102,0.03264404075699717,0.0922321119927957,0.0583487330769114,0.13462191338467738
2023-08-08,0.015649957166168262,0.10533509874101915,0.09639204409854028,0.09388434185894627,,0.08204706263472028,0.03838860264166763,0.07440543730453103,0.07042120137554359,0.09696397586767058,0.030721526066717582,0.09119234710575179,0.07017613074023343,0.13442227439849014
2023-08-09,0.015852295212452495,0.10401666300285574,0.0958874715382954,0.09271636264045005,,0.08028498231633789,0.04047624545646806,0.07661459568354247,0.07128181825036208,0.09602332830693612,0.03139259730786016,0.09210635903154253,0.07327954838135198,0.13006773287154505
2023-08-10,0.016025722769451467,0.1060492957348713,0.09613900144136672,0.09277993315031682,,0.07986210067519155,0.04080181150232761,0.07585108145006893,0.07238786479381869,0.0949165703590102,0.031174281721057757,0.09130897468988798,0.0753324171853954,0.12737094452723544
2023-08-11,0.01606061996354731,0.10612465926794766,0.09633741421531994,0.09299732855295449,,0.08074788241007727,0.04092545081953532,0.07567529122929988,0.072064182215062,0.09515133007481445,0.032011530447201085,0.09077432922416517,0.07572876542250163,0.12540121615757374
2023-08-14,0.016057635886115775,0.10641607267360803,0.09589784947374533,0.09224263108323416,,0.08095431595257302,0.040445727107913935,0.0750175216434773,0.07173528599043125,0.09498569187576014,0.031784828085761815,0.091562868763327,0.07453088478705253,0.12836868667699983
2023-08-15,0.015922880159213375,0.10557509691837912,0.0956618931669147,0.09301605782466882,,0.08036071472847528,0.041626239064198364,0.07190933344076053,0.07149445402734554,0.09409445886158425,0.03256314871565992,0.09172044535796445,0.07672170455773882,0.12933357317709684
2023-08-16,0.01610684153545006,0.10485977711669549,0.09611144986486576,0.0943800918894375,,0.0812943409461792,0.04145008244871709,0.0722961382230258,0.07231928341170735,0.09337093257557456,0.03259302987952244,0.0918790953683451,0.0760285643005272,0.1273103724399524
2023-08-17,0.016395878181132216,0.10506480178868675,0.09772562143958272,0.09376370342653485,,0.08167501152092688,0.04228759302937693,0.06911263695644008,0.07363452580437405,0.09425123997485237,0.03180778051340273,0.09391686072589214,0.072859326658331,0.1275050199804674
2023-08-18,0.016347714991967487,0.10483350735356964,0.09652906991273379,0.09410929180223215,,0.08144923003732017,0.04238033389310259,0.06888762891484192,0.07355094663143974,0.09296766359912505,0.031831298226155595,0.09390974251061913,0.07364567585125763,0.12955789627563508
2023-08-21,0.016301507761627133,0.10422941433638702,0.09598232813764206,0.09335325310454508,,0.08153801026198215,0.04155355212636728,0.07077313284478896,0.07367485511491043,0.09318135824798256,0.03084823066302473,0.0931593503966859,0.0731023261456979,0.1323026808583587
2023-08-22,0.015979220254696665,0.10429990066802342,0.09593552780153689,0.0934317248292214,,0.08091307650384426,0.04182486463087464,0.07300086153298596,0.07436393293729515,0.09162624136778272,0.031065091216965254,0.09376127253652572,0.07283690183420778,0.13096138388604017
2023-08-23,0.015904044558456468,0.10330684444454738,0.09581893471665773,0.09321483691091871,,0.08208776839310533,0.041278638498196844,0.07439072958707652,0.07302187316997169,0.09212817476690909,0.031526123078051485,0.09268430251130508,0.07350411082986368,0.13113361853493988
2023-08-24,0.016103627108830135,0.10410557138035574,0.09693328561688684,0.09324908543232023,,0.0828369234645091,0.04216701298090799,0.07308007412278929,0.0728825919859715,0.0930901185568496,0.03159327656277254,0.09105899993847964,0.0726267971162862,0.13027263573304138
2023-08-25,0.016018668941206366,0.10301887952129264,0.09650778727816056,0.09291309175649695,,0.08303427822639592,0.041234740860900725,0.07221439517562946,0.07198596073313063,0.09186581543851481,0.031786029747971074,0.09078724261035105,0.07171167542771081,0.13692143428223896
2023-08-28,0.015820204089563392,0.10274777105052861,0.0960546287360487,0.091192449068242,,0.0825033614549434,0.041689346883205,0.07370048446004869,0.07276319117190264,0.09192609400323615,0.03213554766560175,0.09061361497410098,0.0714110996609538,0.13744220678162486
2023-08-29,0.015742690535875865,0.10273860209344579,0.09587626554696894,0.09174008031741568,,0.08207421210486317,0.04109566069260893,0.07258838837817146,0.07349745167392792,0.09273494200101988,0.03222589511573298,0.09010694058815807,0.07145650719889925,0.13812236375291212
2023-08-30,0.01587564040257327,0.102119498989,0.0962486774374858,0.09118093471939556,,0.08159066073182325,0.041680014860842524,0.07365253138600543,0.07222028046193936,0.09296036331823836,0.032378392164808124,0.09014131534798515,0.07201662574083019,0.13793506443907289
2023-08-31,0.015944133010531096,0.10154928735967013,0.09593832918633276,0.09113274978306996,,0.08086603312773798,0.041251421470332963,0.073500221340064,0.07186618527840179,0.094493313939453,0.03141840146954545,0.08981057959867986,0.0731421614341,0.13908718300208098
2023-09-01,0.015820091800834865,0.10127761384510729,0.096128821205824,0.09062743370852502,,0.08063009386995293,0.041541829475564,0.07478709976588195,0.0711392199250939,0.09478435570166667,0.03141724197919061,0.08984024688303878,0.07282442459898811,0.13918152724033184
2023-09-05,0.01572791087379432,0.1015546000662012,0.09718249777492964,0.09304243459346355,,0.07923191819483377,0.04120402376256486,0.07258359951234783,0.0702378704285347,0.09415942070571783,0.03141483012104035,0.09082541250465695,0.07243241176790621,0.14040306969400884
2023-09-06,0.01560505243667063,0.10279687591644583,0.09816206508341888,0.09432830764905346,,0.08010620023256068,0.04057144573025153,0.071663802166068,0.06903661734919343,0.09501955403382309,0.03148496574947727,0.09108633465498144,0.07193787744335198,0.13820090155470377
2023-09-07,0.016874213732364172,0.10155323355331118,0.09841673134051987,0.09335631585915,,0.08123997233029634,0.039663907681833456,0.07256659592205285,0.0672806323081019,0.09638686085003192,0.031437545988730504,0.08998030336299609,0.07047886173137248,0.14076482533923917
2023-09-08,0.016788072590272027,0.10176542371922136,0.0991123191982178,0.09299613021279353,,0.08205248524516998,0.04018039583611644,0.07308940552217415,0.06687257697223137,0.09706130573367308,0.03138988320616281,0.0891239228562285,0.07003408178607236,0.13953399712166664
2023-09-11,0.017121551577604668,0.10172879508860286,0.10004144151016825,0.093769770302238,,0.08183379472672124,0.039409321069243386,0.07307872041003356,0.06588305738229208,0.09818010898612752,0.031483027516508354,0.08853982266486686,0.06916684869287193,0.13976374007272133
2023-09-12,0.017214751798373458,0.10270485507244798,0.0978290482500532,0.09536479170948084,,0.08166313048180077,0.040728832796538335,0.07165573884222712,0.06569724379267526,0.09868118778059692,0.03185069436713373,0.09026963339288736,0.06936005306622625,0.1369800386495587
2023-09-13,0.017392131257835206,0.10299017669261087,0.09700556084020111,0.09790367543484381,,0.08258857887556756,0.04006704176482484,0.07193423416898237,0.06369568578589255,0.09854254942342414,0.03128369873014992,0.09028124401426624,0.06865725232964494,0.1376581706817564
2023-09-14,0.01748661756197868,0.10245354299230189,0.09581739386635738,0.09650797467789958,,0.08225635238081597,0.03938754229508547,0.07234292648393433,0.06531864033563778,0.09822947146206595,0.031135900838208493,0.08992521248947143,0.06849755787841282,0.14064086673783022
2023-09-15,0.015591916666417304,0.10000000000096237,0.1,0.10000000000096237,,0.10000000000096237,0.036178771083883635,0.06250722118801545,0.1,0.10000000000096237,0.02530694909238042,0.1,0.06041514196449122,0.10000000000096237
2023-09-18,0.015856256143032627,0.10081216756293895,0.1003683127112497,0.09769766339629583,,0.10112275311292804,0.037242023092468116,0.06160146077042056,0.0992196182375554,0.10110441031104467,0.02586946006550133,0.09893734161213925,0.061483626509815675,0.09868490647460985
2023-09-19,0.015799723565737417,0.10217463568366228,0.09983599177859476,0.0976810063538943,,0.10009747197384974,0.036820893831240556,0.062042243464218806,0.0992061111853758,0.10030572336440155,0.02584399255932352,0.09901499330205933,0.060964845487072546,0.10021236745056951
2023-09-20,0.01604864171218903,0.10260236415864926,0.10006965676047619,0.09704975230392716,,0.09973348797887152,0.03702455367485979,0.0628509803077368,0.09871860703104493,0.10010042147937039,0.026057163987036707,0.09947026395360241,0.06165391384802368,0.09862019280421211
2023-09-21,0.01691274503287288,0.10255153445453827,0.10126815917437831,0.09499796320497733,,0.10087636595811149,0.03728500792995259,0.06374026979486926,0.09692886857409838,0.10055909678317705,0.025927415852223606,0.09796584514627235,0.06141290873878422,0.0995738193557442
2023-09-22,0.01706513646417127,0.10295767061334239,0.10202189377904547,0.09474590525409825,,0.10114790008223924,0.03752624993157744,0.06386201106318218,0.09477465210785628,0.10054094287317651,0.025796356082756135,0.09876633499471187,0.0611481500045688,0.0996467967492742
2023-09-25,0.016868197392412243,0.10278887019874362,0.10284367414082378,0.09514256091284932,,0.10280644527551361,0.037333013906778616,0.06577141339357115,0.09038185248095294,0.1009888811088116,0.026405846131913543,0.09767669528301885,0.06108068618334752,0.09991186359126318
2023-09-26,0.0169678094204159,0.10352267822595683,0.10273936574567683,0.09575882050264845,,0.10362245287951223,0.03701947870050396,0.06492280717500054,0.09077643868987577,0.09997900328437115,0.02692740802925285,0.0983557406763778,0.06087408179924206,0.09853391487116567
2023-09-27,0.01698234372729438,0.10345699920720927,0.10229920695698581,0.09557186338467784,,0.10390903062299206,0.036609517821821154,0.0649806693893352,0.08980998435940672,0.09929861767663127,0.027483461598132662,0.09915479153752475,0.062012290724747315,0.09843122299324154
2023-09-28,0.01670948047145317,0.10248978295021095,0.10169853989038698,0.09667138266446958,,0.1035167978302541,0.037031705218412855,0.06602417656798233,0.08876735714932658,0.09962621970024377,0.028591133147932553,0.09744334241722886,0.061846349397830555,0.09958373259426784
2023-09-29,0.016792890258885557,0.10312845911816179,0.10196902290487579,0.09453621467042322,,0.10325302863127549,0.036972864628924455,0.06613546894947374,0.08885463712973163,0.09915587080743092,0.02770775634150148,0.09769714350712431,0.06239143117153625,0.10140521188065527
2023-10-02,0.01704686541796968,0.10266639350103265,0.10221950745548627,0.09303398681548072,,0.10374518031575748,0.03717176793005585,0.06688303674136818,0.08730032965764624,0.09905235889462115,0.028198690071029636,0.0938230250284937,0.06242216685731448,0.10643669131374393
2023-10-03,0.017144885752034045,0.10295409404184415,0.10343250423236065,0.09497465615196911,,0.10421404238718002,0.03826948864141697,0.06639817946938534,0.0855593622923577,0.10018436273276435,0.028256424247552998,0.0916117718154894,0.06298695937055784,0.10401326886508742
2023-10-04,0.017121032215790023,0.10226025986862704,0.10204853430037637,0.09399492518920367,,0.10306157540585738,0.039811669281518566,0.0671030833482577,0.08585313314214255,0.0993784291920341,0.02843983425860408,0.09147993230250634,0.06337966202086784,0.10606792947421421
2023-10-05,0.017506475799031442,0.10251042861336564,0.09969422826209894,0.09451392746829933,,0.10109072947585042,0.04008589447782738,0.06990655906274296,0.0860648031538451,0.09884029234080384,0.028234819399959574,0.09018764221372708,0.06460910147688,0.10675509825556834
2023-10-06,0.01747168913235434,0.10085558516168133,0.10038216060191796,0.09354295243532193,,0.10178544407760927,0.04001166921303292,0.06979677828096933,0.0849427837860916,0.09960976074200138,0.02798869398358062,0.09024504251285605,0.06505347187002912,0.1083139682025541
2023-10-09,0.017416876293759015,0.10162709211781566,0.10201821479838867,0.09433343067993848,,0.10175868779931743,0.0387427819882419,0.0701292844258057,0.08220725030771353,0.09979267734885525,0.02871138696809272,0.09090014039615407,0.0629333291133971,0.10942884776252046
2023-10-10,0.0171546700925093,0.10073853013960041,0.10119035091541483,0.09300326535638154,,0.10064175580055222,0.037505687546267326,0.07041106579768099,0.08554784080903134,0.09870468977017466,0.02856837617456728,0.0921543522750815,0.06456988631803627,0.10980952900470245
2023-10-11,0.016974331149655176,0.10057646643211443,0.10129696582134509,0.092063070193615,,0.1004604218875931,0.03672042567087002,0.07250087427248422,0.08115750817099648,0.09994363459402099,0.02928918360686212,0.09193415692587895,0.06545739866237166,0.11162556261219264
2023-10-12,0.01684285804616063,0.10015394584637084,0.103141798875045,0.09072734191636046,,0.10114412676339989,0.035992049343928266,0.071129549544022,0.08144230905201394,0.10063502931284156,0.028362531554844393,0.09217900979529488,0.0652340437822271,0.11301540616749095
2023-10-13,0.017609615835110858,0.10293640969468303,0.10397072691774062,0.09181821462104629,,0.10114678161127542,0.03678667735019069,0.06753588706654115,0.08195194789583295,0.09897920518166117,0.028040461773684223,0.09447788004040716,0.0637255766960536,0.11102061531577281
2023-10-16,0.01726525725624218,0.10104254901709832,0.10320826624424449,0.09078497036655925,,0.10204732537679405,0.03613986336637103,0.07075487968624769,0.0823634046446679,0.09838479518974302,0.0278473684088673,0.0939655351750488,0.06313372458918752,0.11306206067892845
2023-10-17,0.017208963573730418,0.10148135300712752,0.10190076811938105,0.0913793386848795,,0.09935917777584738,0.03632259494684098,0.06802638237844784,0.08532605722491766,0.09837900940733646,0.027645955906716493,0.09431225996643833,0.06568916844427283,0.11296897056406359
2023-10-18,0.017593228908419755,0.10161989439432091,0.10227952585502685,0.09261711740331323,,0.10096768783448844,0.038154512163149766,0.06351247953235457,0.08642699740779358,0.09768911489807211,0.027211808466497452,0.09512472359483178,0.06510486639566629,0.11169804314606531
2023-10-19,0.01779944574872121,0.10290314968374203,0.10287107622153974,0.09198324803945757,,0.10109849980667712,0.03885095124683432,0.06507627109628726,0.08501595163883004,0.09711441573016,0.027029486260204055,0.09484733907308361,0.06558915380566374,0.10982101164879933
2023-10-20,0.018052158623660018,0.10337868084713162,0.10208526043236393,0.09370579560242603,,0.10146810821602195,0.038189412394888156,0.0647896714707386,0.08307376335404469,0.09772270107669462,0.027203829261333825,0.09467299991341105,0.06543106570571501,0.11022655310157047
2023-10-23,0.0176847821246629,0.1030361209904812,0.1023627985855384,0.09306119617887658,,0.10123218776284498,0.037842942397955645,0.06396922270259599,0.08460129108798525,0.09728245910891886,0.026640688852227975,0.09472555037016464,0.06620639965272024,0.11135436018502717
2023-10-24,0.01736879257167254,0.101968033640531,0.10337338064594745,0.09292610640841108,,0.10067080472068812,0.03786609912534093,0.06532389902328053,0.08132111517962197,0.09619500748279039,0.026926425011176584,0.09463615963337904,0.06623825259550409,0.1151859239616563
2023-10-25,0.018033639404820213,0.1030163413298474,0.10269169381995676,0.09279724934521005,,0.10149155197006579,0.038074200223607135,0.06370929905153536,0.08070207054868755,0.09621009444160535,0.027458614070332545,0.09671081792894771,0.06696240220344599,0.11214202566193814
2023-10-26,0.017987254065569884,0.11036013999621076,0.10309231987799254,0.09346728108464762,,0.10191783151170097,0.03762580118934785,0.06335747205569066,0.08261022510142203,0.096087077939938,0.027152040232681085,0.09584822799652588,0.06625594889400574,0.10423838005426694
2023-10-27,0.017814197881545327,0.1089723994126258,0.10148070190582888,0.10608298457888714,,0.10062939283416379,0.037300436558677354,0.061240072394458105,0.07932113734584982,0.0933864180904731,0.026979265836178913,0.09361057673272745,0.06536924313514367,0.10781317329344083
2023-10-30,0.017668593869817874,0.10729388776269,0.10126043340609722,0.10652217981291755,,0.09999046239343751,0.036785414930399794,0.06108576359082198,0.07723753462439821,0.09563007355726733,0.02710354420303454,0.09212087530022821,0.06566310134196618,0.11163813520692359
2023-10-31,0.017789240074571666,0.10683287507157578,0.10531102070949037,0.10656040632389839,,0.09424265056552715,0.037024284824763484,0.06048841117648,0.0776758584159727,0.09544613240224505,0.02711649949461278,0.09243812211436161,0.06552578373540105,0.1135487150910999
2023-11-01,0.018028953192064448,0.10689252372876364,0.10864907249844945,0.10840665079427182,,0.09729994427420627,0.03685993192888997,0.06300340945137578,0.06394053613314093,0.09777469340781812,0.027444761360674294,0.08822997139433296,0.06747454176858081,0.11599501006743149
2023-11-02,0.01786266649673848,0.10605010178910075,0.10812116667622884,0.10863184989410221,,0.0966956450983321,0.03676440690008879,0.06096740590911764,0.06390195492280909,0.09688065003882496,0.02735019700060032,0.09565511178895324,0.06710971297569424,0.11400913050940929
2023-11-03,0.017264394704168583,0.1068982136262672,0.1067686639992639,0.10825468164549944,,0.09655473141743737,0.0362482768646605,0.0633405499913141,0.06619139018985781,0.0971653509180218,0.0277908714105386,0.09187822061111937,0.06711770494434387,0.11452694967750755
2023-11-06,0.01731807054599003,0.10818531418827958,0.10873859601649398,0.10906489265697045,,0.09628978587888881,0.03684418393518146,0.061819010138654575,0.06286482914125147,0.09789898750874165,0.02825748912102321,0.09246243766623415,0.06642277933364336,0.11383362386864712
2023-11-07,0.01731907830364905,0.10812531407690845,0.10946183853549384,0.109621856672238,,0.09730873147245964,0.03663065226026261,0.06464814072826462,0.06468324476753338,0.09918224471688003,0.029153630777434877,0.09144097222656665,0.056428384218159384,0.11599591124414953
2023-11-08,0.016962078441815596,0.10669049953553192,0.10942077005678737,0.10799011033247471,,0.09753965298807242,0.036339089826846804,0.06460491930368249,0.06497326071380113,0.09924241048637404,0.029274806203711104,0.09332621375045291,0.058736201090318726,0.11489998727013088
2023-11-09,0.017089762421477,0.10768317487653487,0.11003956650375286,0.10819473797351574,,0.09903044743916638,0.03594795284258751,0.06564042601961012,0.06191033082608833,0.09862100959587516,0.029272315200346604,0.09349582059074193,0.05822000849101167,0.1148544472192918
2023-11-10,0.016815978239579355,0.1058848317023151,0.10922451603712569,0.10720539432128849,,0.09819860043516894,0.035765773918149085,0.0672055761514573,0.06262820675620909,0.09887807963641135,0.028879163403341953,0.09371105252724965,0.0581614153860658,0.11744141148563826
2023-11-13,0.016665222340819047,0.10572225625366094,0.10890842069456619,0.1073289628870597,,0.09801776789812905,0.03590950396671973,0.06890310724602217,0.06202348693311048,0.09849809818996641,0.028152088876094647,0.09417557547342895,0.057665752804965574,0.11802975643545723
2023-11-14,0.016457610478926965,0.10488982401840885,0.10756507673640639,0.11029724022640452,,0.09606516115239137,0.03650676072881123,0.07084240611878635,0.06283390199152376,0.09823383990532203,0.028661776741079295,0.09424365121290591,0.05616812518207849,0.11723462550695492
2023-11-15,0.016699494969604073,0.10400465318567709,0.10679873910905602,0.10963577935780168,,0.09440220520164425,0.03632617354874575,0.07085041282777264,0.06567662334171663,0.0986918263315794,0.027971242210707153,0.09505694737381175,0.05642999256857697,0.11745590997330668
2023-11-16,0.01663836797964631,0.10281777862322224,0.10880236259574755,0.10765336750982926,,0.09575668963257701,0.03647573216024777,0.0707569698529478,0.06595881251911602,0.09880617495329191,0.027364239705866385,0.09608193633259787,0.055720280615939886,0.11716728751896993
2023-11-17,0.016640614785314423,0.10369913319736221,0.10770494663648329,0.10701742590968986,,0.0980697581624758,0.03638017256380026,0.07214854178627494,0.06511490337058354,0.09834667784835045,0.028137227021122393,0.0945600735402532,0.05563066391678512,0.11654986126150445
2023-11-20,0.01667635418531199,0.10259829528691114,0.1065733242120968,0.10575772068891494,,0.0973227963849763,0.03717334375856339,0.07360336862235306,0.06657557874282026,0.09854723379866726,0.027746746973879178,0.09447855613678385,0.053642000820730125,0.11930468038799158
2023-11-21,0.016614998249936383,0.10331408019002596,0.1072292198661561,0.1053882501855474,,0.09682638200049597,0.03770333583901477,0.07367639823995187,0.0690794806153169,0.09911343086751409,0.0274452365343055,0.09480910222933138,0.05402573462730678,0.11477435055509687
2023-11-22,0.016519005108375735,0.10314475569997714,0.10681242538491985,0.10686946421789517,,0.0963218432706777,0.038709026108670906,0.07285297628331915,0.06901748109042986,0.0992149656807092,0.027188785489766627,0.0937366068989536,0.0538127249280806,0.11579993983822455
2023-11-24,0.016548940851097402,0.10326127361448091,0.10669510214716754,0.10754474013614893,,0.09662204539238678,0.03960703306981047,0.07305427112967555,0.06886578172812029,0.09899530421674273,0.02796766404129477,0.09314065662529372,0.05429860082072881,0.11339858622705222
2023-11-27,0.016766189264114228,0.10459757872551709,0.10657320495807794,0.10744221291875458,,0.09648669082530947,0.039554349672046164,0.0724077258948084,0.06813966653109124,0.0990780424344862,0.027571058953030803,0.09458012398626596,0.05382348700826148,0.11297966882823622
2023-11-28,0.016921696112203465,0.10376449873536774,0.1077291541345405,0.10535535268463365,,0.09742170468774003,0.03954427715277419,0.07190990993774617,0.06758642179581173,0.09868046282079072,0.026801838323097522,0.0950522772033173,0.05361375250613421,0.1156186539058428
2023-11-29,0.016713669311865187,0.10259612489046345,0.10726234537951915,0.10529476222952841,,0.09647379153854582,0.03925533048061616,0.07220683791127044,0.07227796051765009,0.09776600652359331,0.026547980292329305,0.09631830966127683,0.05275244483549827,0.11453443642784356
2023-11-30,0.016797888074584606,0.10180328951363672,0.10670897534081729,0.10518343637159569,,0.09690863591613799,0.03854524359488545,0.06975339703365596,0.07339411626865992,0.09774064281444102,0.027152598831551567,0.09646176807241433,0.05293169698013139,0.11661831118748796
2023-12-01,0.01662405053845675,0.1005684153109042,0.1057566466775698,0.10461263826330888,,0.09608812964428005,0.038620014104120526,0.07186758477614338,0.07479665635963677,0.09737783125281496,0.02716012469683478,0.09555873406906654,0.052909772451381676,0.11805940185548182
2023-12-04,0.01659479533435499,0.1015003995948992,0.10451874413361151,0.10036311699246342,,0.09587850782797129,0.038853216036315356,0.07279884274373762,0.07613871493385636,0.0979038652306305,0.02910851979817674,0.0949830231391777,0.05295571325430469,0.11840254098050071
2023-12-05,0.01685314245506654,0.09979079527436875,0.1040666733573014,0.1010415628734741,,0.09532304774530406,0.03895323900320008,0.07286565704442309,0.07815944866802822,0.09748968267565843,0.028463803359376424,0.0954430918301131,0.05282194114358048,0.11872791457010548
2023-12-06,0.016947851644997562,0.10026667371496477,0.10493217067229106,0.0999939877277851,,0.09674243941640709,0.038662297261469226,0.07241728275366416,0.0769046004674024,0.097926840803803,0.02686944361313219,0.09692070208963526,0.054921869086914585,0.1164938407475335
2023-12-07,0.014727357286211966,0.09944696260139724,0.1043957478547837,0.10031011277200504,,0.09667682930635649,0.04014951093410264,0.07238436863885149,0.07657762254417332,0.09755467610247169,0.027349021135771576,0.0972723113670305,0.05532058627376225,0.11783489318308213
2023-12-08,0.014540945910211862,0.09815851228222554,0.10386520505567905,0.10053452920657138,,0.09492626056045257,0.04274146691594069,0.07204201253555781,0.07661202768576351,0.09703322709936525,0.026864446960634267,0.09730829941999697,0.05522627935928157,0.12014678700831956
2023-12-11,0.014772788746531781,0.09742065810302442,0.10338694253530167,0.10007491113164496,,0.09572385352620866,0.042989691338281365,0.07188403548539053,0.07647151545262398,0.09755925942961755,0.0276672602628638,0.09708519823936504,0.055250573190964616,0.11971331255818149
2023-12-12,0.014349340886994539,0.09646510425006626,0.1031317392607117,0.09993108034858841,,0.09566880533520199,0.042250131436818224,0.07077697129176737,0.07600480616003998,0.09762841683063139,0.026839694010229547,0.09756788013121827,0.056748061036914085,0.1226379690208183
2023-12-13,0.01451382945457861,0.09612963685341261,0.10238326314637214,0.10087632885982009,,0.09393553284190358,0.04295862003891315,0.07069454015312442,0.0795475935098786,0.09584556155998739,0.026587779067800642,0.0993511331668814,0.05897993511247492,0.1181962462348524
2023-12-14,0.014230450102292019,0.09475259448303135,0.10069551999114483,0.10075821075715254,,0.0954046373031289,0.04289430621852324,0.07236527805059655,0.08263135084420617,0.09823664810842465,0.026176055749723363,0.09986906927638851,0.057851437922200995,0.11413444119318675
2023-12-15,0.014424773644326492,0.10000000000000007,0.10000000000051357,0.10000000000051357,,0.10000000000000007,0.039425538129328794,0.06886518958083926,0.10000000000051357,0.10000000000051357,0.02539201237703829,0.10000000000051357,0.05189248626589928,0.10000000000000007
2023-12-18,0.014728856012114011,0.10040245886053072,0.10027882632773345,0.10042959396686356,,0.10019811700778182,0.03867844824687022,0.06843914088731982,0.09831782904309046,0.09923206538323437,0.025845846246827144,0.10030898846402035,0.05264341271296858,0.1004964168406455
2023-12-19,0.014823390894543478,0.09940253997797395,0.0990538207050087,0.10079978365090486,,0.09815436367632886,0.03868769354305414,0.06949412404792207,0.09956901276252295,0.09841535508915439,0.02669140192869628,0.09994919388665638,0.05310383180336335,0.10185548803387044
2023-12-20,0.015314078814772302,0.09987756323370593,0.09918832359183319,0.10262533152745516,,0.09906490951793637,0.03918243955051642,0.0691930516024684,0.09740757367598149,0.09866953975752817,0.025686757027394768,0.09962498525084916,0.05459121423927524,0.0995742322102834
2023-12-21,0.015532057343992567,0.09830286116907953,0.09952430379050187,0.10123460458359632,,0.09917677055316781,0.0383144063408479,0.06958924818284234,0.09901310178559874,0.0985388814794633,0.02528518043295582,0.09837111990954898,0.055793316233026455,0.10132414819537841
2023-12-22,0.015614292888154217,0.09842089178921512,0.09926834559008263,0.10106718917700402,,0.09905096940884639,0.03789562208733648,0.0700871563509232,0.09913522945589466,0.09906214524319314,0.024573541678835492,0.09828099833342771,0.056636167622077876,0.10090745037500902
2023-12-26,0.015388298517368447,0.0978281120612237,0.09910101498898229,0.1009635628956267,,0.09890216317894267,0.03805783641559742,0.07175705165173299,0.1002982111345358,0.09810005192608183,0.024619661200839117,0.09776358119720117,0.056680351520310784,0.10054010331155704
2023-12-27,0.01533226184378192,0.09762246041409114,0.099403598411636,0.09993826089133605,,0.09867184776747441,0.03760356952028682,0.07199791137355793,0.10036576348000455,0.09799779554525012,0.024364986529468835,0.09841149694017874,0.05772381415835268,0.10056623312458068
2023-12-28,0.015169404984632226,0.09756130807078046,0.09919063233281836,0.09926753454575589,,0.09873476204940969,0.03665326208121429,0.07189331334701274,0.10148955857106164,0.09845794911868774,0.024622823144593933,0.09843594161317834,0.05820264096047571,0.10032086918037914
2023-12-29,0.015087598676158194,0.0977420806816192,0.09983020943245464,0.09967202277001902,,0.09928574946433426,0.036581118854559225,0.07111913250598856,0.1022753474490358,0.09872989217960988,0.024448805718107706,0.09870785239773974,0.05756471530243816,0.0989554745679356
2024-01-02,0.015502265070445517,0.0983138503126244,0.10078845335641642,0.09973620133386425,,0.10028005137507945,0.036270269290143674,0.07290705094566223,0.10184170613230713,0.09886815752417243,0.02542877866385697,0.09740520865442809,0.05673258649171751,0.09592542084928196
2024-01-03,0.01581351044442256,0.10013320149857163,0.10126419437650722,0.09953304626694756,,0.10041268607018441,0.03701791777973479,0.07244792169543621,0.0997950466429463,0.09817047414182868,0.025307425470251003,0.09672141333932413,0.05490876191525751,0.09847440035858802
2024-01-04,0.01581814749340415,0.10039682059221097,0.10181442082939618,0.10003551236360667,,0.10122306893402812,0.03774360060994702,0.07280134801701486,0.09880958717329343,0.09843274688478763,0.024345565595946222,0.09589387796371339,0.053792196484881906,0.09889310705776942
2024-01-05,0.015580086044960747,0.10101988083442547,0.10205700990135046,0.09946395071346847,,0.10080965335706273,0.036918457537432586,0.07393542957394829,0.09949888831734362,0.09871722856790503,0.02330992286456987,0.09547447097061923,0.053071160526091656,0.10014386079082181
2024-01-08,0.015025407160401094,0.09964323668266709,0.10178688574130705,0.09901240352004567,,0.10037737382815823,0.036491146150936814,0.07405289253906634,0.09967363544801379,0.09856738924387021,0.02289785794749657,0.0966262734000122,0.053057389378609494,0.10278810895941544
2024-01-09,0.01502619703957852,0.09985181748800379,0.10191183668727895,0.09886237570795374,,0.10165936282796209,0.03640099439143101,0.07442702433192463,0.09939098125914851,0.09768193243958544,0.02273337045697813,0.09587609967906559,0.05200825653881983,0.1041697511522696
2024-01-10,0.014952303391380367,0.10098729126126728,0.10165232003999627,0.10012461668084746,,0.10019610316958398,0.03637274356200439,0.0748620450355449,0.10276880486871652,0.09604180093490253,0.02255171295030068,0.09483703207838876,0.052278422772878703,0.10237480325418816
2024-01-11,0.01491960621986148,0.10163272843413562,0.10212225719708914,0.10086445899120915,,0.1002791748922307,0.03622979204506396,0.0759306415158372,0.09963966181207126,0.0956599593047619,0.022574317613518698,0.09374526236644169,0.05212881171672944,0.1042733278910498
2024-01-12,0.015127220545458703,0.10096608130822511,0.10187377394114891,0.1000613741577131,,0.10055266406509375,0.03661494880955228,0.07775800325592991,0.09862000323141952,0.09545969372309386,0.02282085153535073,0.09410965665940763,0.052296997158795294,0.10373873160881136
2024-01-16,0.015011609640392717,0.10176369947160532,0.10195883493901893,0.09963984783239788,,0.10042411120551044,0.03717010569256926,0.07855949233231758,0.09507698804313783,0.09568658514759099,0.02282815087385182,0.09376966700949754,0.053260310584869866,0.10485059722723994
2024-01-17,0.015348094817934862,0.10234221158388136,0.10130216697157927,0.10106215506182403,,0.10009621017752957,0.0381356314084112,0.07860559778578467,0.09217014574107418,0.09598312951647915,0.023140240654763302,0.09438937812239459,0.05279176529775304,0.10463327286059061
2024-01-18,0.015081035208046968,0.10242848340378799,0.10072599187953404,0.10031420392120927,,0.09968652755879819,0.03904989346860093,0.07960323281658682,0.09364182960959744,0.09521367267173679,0.022860094097257967,0.09358079852878129,0.05154935389729429,0.10626488293876801
2024-01-19,0.01487427965468891,0.10021692773792067,0.10243661141791188,0.1001890825534771,,0.1006208178083077,0.03916268759345007,0.07990830114961607,0.08622484704352704,0.09799077058116758,0.022422427917330096,0.09358028929685962,0.050540313536010975,0.11183264370973223
2024-01-22,0.014487879247077172,0.10142958294355185,0.10091548741127225,0.10120390189310884,,0.1011472728413653,0.03937998933854602,0.08109871516757937,0.08722029974085475,0.09759228619882518,0.022398691070541415,0.0929331380449495,0.050187488796065785,0.11000526730626276
2024-01-23,0.014370970937565997,0.10192972387824711,0.10214424032128978,0.10022654542951392,,0.10138158223973086,0.038586062992656364,0.08209195943792144,0.08846141988418602,0.09808148583872624,0.02200610971808654,0.09063415968974647,0.0479098880219674,0.11217585161036174
2024-01-24,0.014474287328626285,0.10261433731701916,0.10284394260016275,0.09970691970261664,,0.10185585025466792,0.038482981914067474,0.0788354895381996,0.08845407571914392,0.09933468648389523,0.02225445557394888,0.09086410920315634,0.04842027266019093,0.111858591704305
2024-01-25,0.014458515469286969,0.10146591605396467,0.10316636119426692,0.10083350438336011,,0.10214589177288372,0.03824452042734392,0.07851463741115944,0.08922414272591193,0.09872763984222287,0.021600436936499056,0.09172260320303735,0.04860976443622414,0.11128606614383896
2024-01-26,0.014547608061122017,0.10303492705419007,0.10325743184019943,0.101841191819986,,0.10071313175844096,0.03817068798626332,0.07579207169764235,0.08882055757118411,0.09963157091230555,0.021523582587265826,0.09097688912643337,0.04998466413171571,0.11170568545325125
2024-01-29,0.014267862521086326,0.10128091159416044,0.1024479103730395,0.10246211507007094,,0.0998835657977439,0.03792019861572419,0.07841984467959118,0.0898831566435688,0.09916572659087468,0.021957789014173085,0.08957163439957953,0.05023810987193962,0.11250117482844775
2024-01-30,0.014129395887860483,0.10202833034360127,0.10105896800062053,0.10477947872281443,,0.1014778612996476,0.03791493164050121,0.07761280929757687,0.08789611733191208,0.10003599658722014,0.02202629434661209,0.08794394615965154,0.049255685072348114,0.11384018530963345
2024-01-31,0.013980783540974227,0.10115369289524508,0.09963384750587455,0.10291776928011877,,0.09901667250467594,0.03744896242176437,0.08049289716228233,0.08670424728596757,0.09805314465143922,0.03203919396235411,0.08680857739380442,0.04810827585275155,0.11364193554274786
2024-02-01,0.013880575346327058,0.09961436284426545,0.10305747219517371,0.1023789209929015,,0.0975761820101093,0.03663149880521436,0.07985583985282793,0.08903635496548516,0.09811919207787463,0.030200341650318152,0.08608641629617515,0.0482898031231711,0.11527303984015659
2024-02-02,0.013444970092012228,0.0985428268837339,0.1033317544718888,0.10339754746575244,,0.09873967330801704,0.03641083602040831,0.07766618526199796,0.08820757758619657,0.09779569278661297,0.03143164725739871,0.08644477896063428,0.04758281817280996,0.11700369173253684
2024-02-05,0.0134130893420948,0.09891972796462323,0.10420952263856945,0.10163348002597943,,0.09903161317232069,0.03670095817576874,0.07776859201144104,0.08567386598633972,0.09824047703513047,0.03291140380128735,0.08630926869455731,0.046656662198151434,0.11853133895373633
2024-02-06,0.013467668338786704,0.10057169436376391,0.10513347762169477,0.10254539492698078,,0.09898048088456801,0.03771106167689368,0.07571895971032472,0.08716641763260108,0.09661023411715786,0.03264650681463565,0.08824662325456187,0.04717656408400203,0.1140249165740289
2024-02-07,0.01327857793355245,0.09967382794948929,0.10387996869766597,0.10326156226359337,,0.09875552908328356,0.038198528682287895,0.075078488120991,0.08517569166049924,0.09819029114095434,0.03363005048624474,0.08784905139101704,0.047936490086807185,0.11509194250361396
2024-02-08,0.013328876226320037,0.09944947600382383,0.10247206511632863,0.10400270950970704,,0.09800413040893223,0.037954820761223085,0.07728077351379023,0.08471592574790822,0.09726782960369586,0.03537376196657526,0.08612742217390158,0.04894420635764167,0.11507800261015233
2024-02-09,0.013365954099956147,0.09914740395283575,0.10261174237891332,0.10384017337431169,,0.09767673749207706,0.037549126181638574,0.07772221691074242,0.08525055709940207,0.09532176414879642,0.03629027187760482,0.08567898221218695,0.04885456989206952,0.11669050037946521
2024-02-12,0.013505668901527048,0.09835652591800882,0.10107877593476794,0.10498597504124094,,0.09683819237997947,0.038755826211069606,0.07866485195688165,0.08821969964267877,0.09481818565950667,0.03760829983079816,0.08616321355713037,0.04842158165362923,0.11258320331278135
2024-02-13,0.013161765149442763,0.09942779423710299,0.10207305350949497,0.10415586370974214,,0.09630057592456688,0.0383457547476956,0.07899522700636323,0.08726145219971618,0.09398567872872755,0.03693869583015396,0.08559129918729885,0.04717126400908158,0.11659157576061317
2024-02-14,0.013073584522740208,0.09896180186930896,0.10017301802668967,0.10503293449716228,,0.09527029261330627,0.03911532222307415,0.08164662637392278,0.08614689891488836,0.09281535718810767,0.03711738760239785,0.08532838814236388,0.04778184698244589,0.11753654104359207
2024-02-15,0.013324278938917184,0.09997537420769179,0.09954268561741735,0.10672193056320702,,0.09446690121670871,0.04022816787656851,0.08374885482723907,0.08579426185698948,0.0919838340523074,0.037641374769631024,0.08535290569790036,0.04832648604439986,0.11289294433102232
2024-02-16,0.013308127199515601,0.10046722651296963,0.10065168078197213,0.105367304306604,,0.09494616507142856,0.040829072287119274,0.08363679228873637,0.08393532824204544,0.09296445064584538,0.03720680763875303,0.08463673425416385,0.04834392987829878,0.11370638089254777
2024-02-20,0.013259699423090075,0.10123662996148008,0.101630579262504,0.10616398975223484,,0.09539452821709835,0.04054526178644331,0.08231572286516717,0.08300570319945282,0.09304946520603534,0.036954514476820036,0.08495890101840374,0.047932485460035444,0.11355251937123483
2024-02-21,0.01337773039701122,0.10211381028077553,0.10247045600532072,0.10476674948036874,,0.09550189397762941,0.040241112084081876,0.08245664883817483,0.08443639100914856,0.09417181466200523,0.03792070193150946,0.08623676583635008,0.04858734065966602,0.10771858483795832
2024-02-22,0.012791415113093722,0.10072762909734725,0.10103311044989029,0.10281009925170387,,0.0943630835881591,0.04158023840015675,0.08240219067607465,0.08343319687358589,0.09391791928317739,0.037063752748166326,0.09126050887503573,0.04752236423806504,0.11109449140554385
2024-02-23,0.012605383733392164,0.10275661245508808,0.09904745407492904,0.11328223727972919,,0.09278827279147159,0.04095742697557572,0.08182617338197672,0.08026395191761734,0.09269424060394617,0.03755115118686933,0.08992242043755182,0.04788711727490889,0.108417557886944
2024-02-26,0.012409757668757864,0.10244933164179251,0.09680768724876394,0.1132581821402037,,0.09181349165479634,0.04049800328478611,0.08436995946458299,0.08015280872821703,0.09074680311435968,0.03807240535823816,0.0885273316104797,0.04853787695819228,0.11235636112682974
2024-02-27,0.012145643490867027,0.10157034246186732,0.09478419844143254,0.11334823934309139,,0.08961755142122653,0.03921164282167229,0.08591873691057568,0.08096243792471249,0.08926152601625639,0.038423358921099486,0.08832554226403284,0.05618580966593013,0.11024497031723572
2024-02-28,0.012025591940262705,0.11013381232968812,0.09442265563431584,0.11313988897060338,,0.08908100437735074,0.039054113323395645,0.08542470666708835,0.08019188906923855,0.0877755312100977,0.03856893218271267,0.08667004310438792,0.055296113313379615,0.10821571787747876
2024-02-29,0.011773639502198905,0.11096517175456798,0.09338620774108575,0.11520598035377477,,0.089781135724455,0.039254565259246726,0.08322672591815368,0.07942435319168722,0.08760744062440909,0.040045668244570294,0.0861612223873629,0.054531906540808556,0.10863598275767894
2024-03-01,0.011420003910789317,0.10996066599332979,0.09229014583664888,0.11521281417550609,,0.08817018296821552,0.03932915767781626,0.08285934591109183,0.08683217865839118,0.087067605133736,0.03779008331190216,0.08353375567086904,0.05524343311383394,0.11029062763786995
2024-03-04,0.011172436051241671,0.1101019186173772,0.09197552527192134,0.11605202903439323,,0.0877099930669252,0.038814875473170994,0.08173515839373237,0.08856840143727687,0.08684764539516932,0.038391440836587076,0.0833283828328125,0.05466076677854434,0.11064142681084779
2024-03-05,0.011486410361460692,0.11237871984861815,0.0923043494338672,0.1164504815023604,,0.08779534575062327,0.039429620472415924,0.08104581799954144,0.08896010446873898,0.08703134692344966,0.03502146400547155,0.08367226530935223,0.0542868998860728,0.11013717403802767
2024-03-06,0.011706446047508869,0.1115313474053831,0.09277597548534872,0.11459458355970036,,0.08846853738321932,0.03920155238312747,0.08027797083057954,0.09016402474549841,0.08740545554505495,0.03383993238611994,0.08347763707873056,0.054585086419058064,0.11197145073067076
2024-03-07,0.011740007582449231,0.11101661866520121,0.0937529837131074,0.11403953088914232,,0.08905101934006238,0.03967503778278043,0.07904542703426548,0.09269804081077859,0.08756381980613182,0.03205293059774566,0.08386832216416461,0.05404992922934894,0.11144633238482189
2024-03-08,0.012074627503032365,0.11226055640140047,0.09367500474467677,0.11405149309840108,,0.0902620350045045,0.03978111109258806,0.07592592510656217,0.09479921464882224,0.08713682226599538,0.03174582601280924,0.08417998026445861,0.05541793381259985,0.10868947004414913
2024-03-11,0.012396557133408832,0.11210030893432761,0.09477603225382934,0.11229771415943854,,0.091434754356691,0.03691790692325842,0.07568789691370698,0.09336713515388005,0.08913084831905095,0.032862133522820657,0.08545364742012392,0.055741299639388515,0.10783376527007534
2024-03-12,0.011929371949932042,0.1115583243167905,0.09387114909616065,0.11150455074182555,,0.09122770884695061,0.03685886465217267,0.07703304936481195,0.09053205454798909,0.08881093050578164,0.03346939590048031,0.08413333385228815,0.05571236901253981,0.11335889721227689
2024-03-13,0.011979939227419923,0.11177098523910524,0.09463772073091122,0.11050576366414515,,0.09183287175725034,0.035612026952826524,0.07517542953363543,0.08902747441150807,0.08986137036745893,0.0356569380660589,0.08404164914371881,0.05487660251535339,0.11502122839060833
2024-03-14,0.01180684681737595,0.11263375831855015,0.09467968453920102,0.11139791918874414,,0.09239117817449942,0.03553573419274906,0.07673587054011956,0.08666323500076299,0.08937838347984191,0.03425141707423677,0.08436464745196806,0.05412927400920006,0.11603205121275098
2024-03-15,0.010918650963104399,0.1,0.10000000000078291,0.10000000000078291,,0.1,0.0358703622445283,0.07036990898022505,0.10000000000078291,0.1,0.02895750039496448,0.10000000000078291,0.053883577413263314,0.10000000000078291
2024-03-18,0.010935905746679178,0.09963789479646393,0.09933031458219381,0.09926967174813799,,0.10023708638169262,0.035960895013242414,0.07043620243013608,0.10133098364817068,0.10012281423498433,0.027368628815274278,0.09934767955625501,0.053062708713049626,0.10295921433372016
2024-03-19,0.010962124703104332,0.09975073375047681,0.09995498667835491,0.09892393506040605,,0.09871711264373276,0.03697649614723144,0.0734512983772872,0.1000184385032091,0.10028699011651655,0.025762547869161833,0.09965486019982653,0.05345523979054748,0.10208523616014499
2024-03-20,0.010869378456937407,0.09828716463549024,0.10078500424027866,0.09877883749476589,,0.0997298223021164,0.037075076577214726,0.07619457138191106,0.09924190273905498,0.1007938812944108,0.02376849480932873,0.09947280578780744,0.05338079260372294,0.10162226767696061
2024-03-21,0.010799306089576218,0.09873658001234503,0.09956175339792385,0.0985954708707436,,0.09866474981358435,0.03783315215734194,0.07686505769667054,0.10101979601765965,0.09897888311719542,0.024031066777322158,0.09905302298558756,0.0518558146184888,0.10400534644556084
2024-03-22,0.010660748038380621,0.09927669023492246,0.09986090092280249,0.09785213201859706,,0.09935261177796995,0.037692618070258414,0.07546613924802391,0.10000463012158822,0.09902017776103764,0.024498465426778054,0.09897727508992178,0.0528387318024901,0.1044988794872294
2024-03-25,0.010683073857952263,0.0994252252151187,0.09884696319208072,0.0977427409619315,,0.09867421252605403,0.03749656186093242,0.07295788298703762,0.10285867791301946,0.09997854568746571,0.02459367391204654,0.09923345308973482,0.05325257090311388,0.10425641789351227
2024-03-26,0.010473167842355656,0.1003690710992185,0.09853419522209986,0.09717171061747265,,0.09827334958889967,0.03852221514129938,0.07170162034611667,0.10198071490988343,0.10071338494949508,0.023859697448097968,0.10028585128089075,0.05328429146185542,0.10483073009231501
2024-03-27,0.010524030207462783,0.10022051292049586,0.09917527909520923,0.09680416300532645,,0.0983624678379109,0.0382936768347759,0.07111799116000905,0.1042483326232408,0.10129304408110311,0.023655596377439067,0.10033501003389678,0.05342693689404269,0.10254295892908752
2024-03-28,0.010570208070880494,0.09974417469897447,0.09845982900543357,0.096929338032425,,0.09876637364896802,0.040127558959710236,0.07100790408258159,0.10359007536190701,0.10124998461693054,0.024006677559538083,0.10030597340741781,0.05190374135803403,0.10333816119719913
2024-04-01,0.010539993408887177,0.10136546779475772,0.09840065882970767,0.09724292487949683,,0.09923726488095355,0.040403303563228174,0.07017361255373752,0.10454768171677581,0.10108884262620907,0.023092997544159596,0.10028343164887485,0.05171686840258502,0.10190695215062695
2024-04-02,0.010460377093803893,0.10273760881644273,0.09982476881074996,0.09599933155002123,,0.09923309911367716,0.041639520431906635,0.06989707679002109,0.10351488051218126,0.10155018922236192,0.022898957944371925,0.09949054243716335,0.049962791563523505,0.10279085571377528
2024-04-03,0.01029576187275869,0.10176253035590371,0.09955552515831018,0.09606558173670861,,0.09918331635762304,0.04096339836984431,0.06883305896846079,0.10392867716503179,0.1011716402752811,0.022430061731823988,0.09965363593280789,0.04987698794437382,0.10627982413107204
2024-04-04,0.010571047728365522,0.10226765577616866,0.10143094360585932,0.09540127106777109,,0.09847634807362274,0.04174235198715322,0.07095830262685549,0.10266470866284917,0.10185606109837586,0.022263544380706095,0.10013749532426318,0.04977158313615148,0.10245868653185826
2024-04-05,0.010268296137254026,0.10160273589933136,0.10158349639795768,0.0959838620864502,,0.0966892820389266,0.04284703341051264,0.07102830374820478,0.101275752613855,0.10225588207347419,0.022748221145013146,0.09910025710536714,0.04934695904331539,0.1052699183003381
2024-04-08,0.010519650391367515,0.10102440433606094,0.1006150932413092,0.09605445070669359,,0.09671060445738384,0.04340911622024771,0.07100235929633615,0.10250602815303611,0.10270700743115557,0.022729354068306815,0.09927790762379297,0.04911151365549582,0.10433251041881358
2024-04-09,0.010709876098155657,0.10151322195224438,0.10002218194384759,0.09417322548447772,,0.09846374411027693,0.04177598920166405,0.06901774783578854,0.10462874031811954,0.10182458489158665,0.022553014886654968,0.10011749625906029,0.05051565409707257,0.10468452292105104
2024-04-10,0.010485267392009208,0.1012843512504389,0.10061427242602569,0.09378759893301894,,0.09828919248409336,0.041463116886995145,0.06976330897105548,0.10177537255727105,0.10147615137487527,0.02246217400289886,0.09989676025851017,0.04972989838059636,0.10897253508221168
2024-04-11,0.010312156327670437,0.10090221581878711,0.10037335878288196,0.09486684714553098,,0.09691212493879495,0.04151499412605605,0.06989486000508527,0.10260856822057589,0.10094212320482457,0.02202459762918515,0.1000385886782115,0.0499282167169233,0.10968134840547274
2024-04-12,0.01269896847731828,0.10207834398658112,0.10202219438041289,0.0949859016749305,,0.09692476810596447,0.04113006814912649,0.06996114462131367,0.09938974053428866,0.10122947218654585,0.02161599609024133,0.09994844912251029,0.050138241007960854,0.10787671166280564
2024-04-15,0.012857328896609213,0.10258303176480979,0.10276449133761795,0.09566708973697431,,0.0989024398439369,0.041042238950428994,0.06992134683261404,0.09730465709781083,0.10302480334860734,0.022077077171750368,0.09945562232015626,0.04890751441097485,0.10549235828770909
2024-04-16,0.01325062755204523,0.10200547351037656,0.10301879518026472,0.09559905103275027,,0.0975398321739597,0.0412599803765555,0.06980067380987023,0.09753393058209973,0.10181266897917046,0.02195156173112866,0.09956933191784727,0.048642836773183734,0.10801523638074807
2024-04-17,0.013193972065679484,0.10189569490776935,0.10298943426046366,0.09603123889956401,,0.0978774508031754,0.04058883995141583,0.06721612815719215,0.0969253432478297,0.10258366470662143,0.02192506324963696,0.10004954311815013,0.04961255222354555,0.10911107440895634
2024-04-18,0.013530792696788906,0.10164234509610774,0.10323816553553522,0.09428532856781854,,0.09886348349139812,0.040421614715128375,0.06621947353575484,0.09843994860886794,0.10183066763613988,0.022947156643845692,0.10065624517268702,0.04917505518737406,0.10874972311255356
2024-04-19,0.01388394269546073,0.10076023517769611,0.10267439613183411,0.09519076024821505,,0.0991606455431106,0.0409813673077551,0.06716110300588371,0.10094589346317426,0.10346601960196129,0.023680574542453283,0.10108725144289625,0.048890232066925665,0.10211757877263382
2024-04-22,0.013659949680438778,0.10083775438679873,0.10327289985432474,0.09592486693023325,,0.09873794102637774,0.04131636046620717,0.06878450076677121,0.09913223458122274,0.1016396008046998,0.02446406146667815,0.10096133580755644,0.048826737031692345,0.10244175719699888
2024-04-23,0.013324419075604426,0.09954358337185251,0.10186299156716432,0.09694808839904102,,0.09762926999962361,0.043485436860843545,0.06859607198483324,0.09940932807081823,0.10064481388689699,0.02497344610980471,0.10054690812342816,0.049493600917419445,0.10354204163266982
2024-04-24,0.013069194337965252,0.0984002916097897,0.10262599354492938,0.09578607095027972,,0.0967151751672066,0.043277700398533285,0.06918332793990078,0.09658831997554919,0.10100058347788073,0.02569629550646859,0.09985375546933033,0.04852469680251376,0.10927859481965277
2024-04-25,0.012879084087393383,0.09983800810196693,0.10043139569918832,0.09521401489842249,,0.09601696860562726,0.04216622997197151,0.06959728094474193,0.096264292920406,0.10050748375502029,0.024826808577241743,0.09903320561073203,0.04839639671319725,0.11482883011409087
2024-04-26,0.012740924781558433,0.09946245034910517,0.10068974638098332,0.09024252521557809,,0.09535997684178395,0.04249054430429517,0.07108874022419515,0.09755116194649653,0.10020069086657069,0.024772228998772957,0.09970314392361002,0.049122917204140436,0.11657494896291022
2024-04-29,0.012718994563499673,0.10128430498975009,0.10061784280482407,0.09230537064174517,,0.09450133617975778,0.04344620227965895,0.06963850254235261,0.09714787346900297,0.0987575469707097,0.024682669654155918,0.09897482442597794,0.048687565052636037,0.11723696642592923
2024-04-30,0.012664003303599208,0.10216537851698947,0.10075685163873326,0.09480037011118281,,0.08840295707980617,0.04480349871653193,0.06927490659466248,0.09900478983438088,0.09722318397732926,0.024428004789545606,0.10018701982117592,0.048080565885225024,0.11820846973083785
2024-05-01,0.012811385335182593,0.10290390847280295,0.09974363564445486,0.09326545905468624,,0.08999981044231123,0.04425259016584119,0.07007312058630193,0.0996553969144109,0.09687019979945663,0.029094153882467663,0.10027216809069522,0.047371380561100684,0.11368679105028805
2024-05-02,0.012788979190939478,0.10150567278753342,0.09959277515259105,0.09340427685183918,,0.08869502863288495,0.045113619631896085,0.07035978574329994,0.10143773081218317,0.0967743484541656,0.027143348863392175,0.0987321990495566,0.04755323501276056,0.11689899981695788
2024-05-03,0.012319340070304781,0.10019794593181687,0.09779111980727674,0.0926987796820528,,0.08730909057523811,0.05154604309439701,0.06796671460353673,0.10954800968976948,0.09863707389027039,0.026129228793925433,0.09584914461444957,0.04610035656103272,0.11390715268592921
2024-05-06,0.012433266828256552,0.09877814270412798,0.09626705095046383,0.0955228716983402,,0.08593104529641794,0.05179579640826388,0.0701479593730139,0.10977686874931149,0.09572687730390052,0.02548054201996493,0.09709087031996035,0.04624649736198155,0.11480221098599692
2024-05-07,0.012516122417103585,0.09863352703051413,0.09505472060363879,0.09643539924106147,,0.08598576704224418,0.05187175961584476,0.07209774210937842,0.10820701048114649,0.0960200191345305,0.02452066128485981,0.09499296123663539,0.05295001886935264,0.11071429093368998
2024-05-08,0.012597646076205072,0.09863730966021521,0.0948822085412929,0.0959875292448175,,0.08568294668813896,0.05260268894017429,0.071116809043602,0.10662018586007514,0.09784616164709523,0.024358901456841463,0.09317849835380124,0.05386573786000616,0.11262337662773471
2024-05-09,0.012667039909471997,0.09808273303096539,0.09444072186051207,0.09495467569875045,,0.08737062924766656,0.05279071534607799,0.071629026446084,0.10553135530876476,0.09906332314916291,0.025120881334260634,0.09384407116126466,0.05307005439867189,0.1114347731083467
2024-05-10,0.012541273272233717,0.09787421467952298,0.09387080229251084,0.09423890577486162,,0.0872121157235758,0.05413955609104464,0.06930251568913764,0.10823690821318747,0.09892214887775112,0.025595227466361413,0.09452077153121187,0.0547254416480787,0.1088201187405221
2024-05-13,0.012944199637461662,0.09800536881230378,0.09524642532529981,0.09297097902741253,,0.08780245986392458,0.04950524463770536,0.06962672887955666,0.10934673010408706,0.09954005066377743,0.024915109823586343,0.09421467776317848,0.05549861437240162,0.11038341108930481
2024-05-14,0.012881180940440272,0.09739425212765669,0.09485995931352041,0.09267201632580822,,0.08679228703280263,0.04964520736421714,0.07179301628611204,0.10824627427247095,0.09999179258788829,0.024615155285454184,0.0926900431611261,0.05460844988066149,0.11381036542184164
2024-05-15,0.012546693820913215,0.09710089517673767,0.09420912834801541,0.09127244751230768,,0.08503765352094839,0.05154746135177297,0.07220342615528841,0.1050752043719431,0.09990610861586449,0.024991068735696106,0.09248522198140645,0.05643465515141834,0.11719003525768765
2024-05-16,0.012823206858941118,0.09867350474088638,0.09575484125696622,0.08995890102555644,,0.08552255753020709,0.049141320272446984,0.07122448784352098,0.10881103395375617,0.0993087896666933,0.025395130775365725,0.09371225720320231,0.05640561998472489,0.11326834888773248
2024-05-17,0.012683087426722034,0.09968657322861714,0.09610321902506051,0.08880111813128243,,0.08627032579860289,0.04847043071418971,0.07039803390619524,0.1102190272505247,0.09927586829325542,0.02458403419584537,0.09432235582448395,0.055962626740630704,0.1132232994645901
2024-05-20,0.012582466856533437,0.09951305980690624,0.09565799796061031,0.0888502127525925,,0.08593710550454224,0.047681647781356896,0.06946904949333699,0.110195450264638,0.09992274548877211,0.025346309546447867,0.09408939985485221,0.05632602938238367,0.11442852530702737
2024-05-21,0.012434386716949077,0.0996410632655561,0.09560329109969105,0.08958089345207004,,0.08636966855330004,0.047427421638975426,0.06795739029351965,0.10894537453864571,0.1005507150208759,0.02855592251537033,0.09463385747169746,0.05538344068025612,0.11291657475309308
2024-05-22,0.012799235606640555,0.10012445919298751,0.09571239554322397,0.09041199376955875,,0.08602833161784244,0.04743987108217854,0.0653870656656433,0.10988982380362214,0.09963690593547564,0.029660532435783225,0.09458964421646497,0.05378580347123016,0.11453393765934881
2024-05-23,0.012867241178480057,0.10005997807084198,0.09604968191233461,0.09068559195014388,,0.08564780210796875,0.04715655062377639,0.06497163464487467,0.11020948497500008,0.0996091906534916,0.028112958814537035,0.09612142207377694,0.053184322713230966,0.11532414028154316
2024-05-24,0.012860318175227498,0.0994837523433869,0.09370021217301314,0.09079143917804917,,0.08553208788775467,0.046194811060580945,0.06754457515177874,0.1089429057378752,0.10018390851376482,0.029747253895831268,0.095608905755061,0.052057310166963223,0.11735251996071347
2024-05-28,0.012915497820923782,0.09967158337264062,0.09446042593181275,0.09177866595743252,,0.08393540688479004,0.04591775000291962,0.06653437581317186,0.10894755193761879,0.099504007370314,0.030921753333565092,0.09593810070922215,0.05109439837507372,0.11838048249051507
2024-05-29,0.01299513245679115,0.10098805965574159,0.0943111525473927,0.09245515870284832,,0.08311213990717212,0.04507160313882446,0.06462217681850259,0.10991618192814075,0.10014582204623333,0.031093910746653478,0.09646956971996717,0.05138284671107197,0.11743624562066034
2024-05-30,0.012940955462559014,0.10074601452648961,0.094140806709748,0.09119093221641335,,0.08297189028619766,0.04529722613597825,0.06739811895766139,0.11057946998611963,0.09920702082506162,0.031096604551097883,0.09653753477366135,0.052247273915871854,0.11564615165314042
2024-05-31,0.013405918228929845,0.10077379245810777,0.09531784380608538,0.09033032874710847,,0.08395251720824001,0.04566623670529244,0.06832316016085463,0.11336184930341092,0.09930598946367272,0.027570826850500146,0.09673087568541175,0.052520364615671576,0.11274029676671435
2024-06-03,0.013744915951161963,0.09891125604733943,0.09500378047364104,0.08941130096637322,,0.08503531498320124,0.0450001610378826,0.06909582798195821,0.11555778829618427,0.09920005478870782,0.02686531668682155,0.0976782559954974,0.05148259852871844,0.11301342826251279
2024-06-04,0.013841779001581303,0.10152049779283624,0.09622192862634635,0.08840981618443736,,0.08515372117825434,0.04288464294955146,0.06695240230643322,0.11568601020031073,0.09934046177961792,0.025560122619612578,0.10073874961637314,0.051143115364725544,0.11254675237991975
2024-06-05,0.01345591204645813,0.10081229312278933,0.09609706843645749,0.09109302681997408,,0.08450719984686453,0.04234309915927897,0.06691978877768161,0.11462716392223918,0.09946014584949478,0.025259644279117928,0.0994805475347362,0.051257576498463533,0.11468653370644417
2024-06-06,0.014007690939249275,0.1036904790414246,0.0959737928674134,0.0898343970263892,,0.0843793942457516,0.042142896928946696,0.06543736412786846,0.11707865049357666,0.0999787787081461,0.026059613789436303,0.10017799754245281,0.053016457500241414,0.10822248678910344
2024-06-07,0.015485220581355487,0.1040664208962555,0.09630510379830214,0.08970834734585366,,0.08441393426917335,0.041222989743128886,0.06670272485388715,0.1154404398348366,0.1003404957439258,0.0260359761596409,0.10094016676631495,0.05160797736052216,0.10773020264680343
2024-06-10,0.01546273345196633,0.10310066848369664,0.09701478861343237,0.08879670921092814,,0.08350126335389506,0.040714234527279035,0.06665775735821207,0.11541708414134245,0.10014473677030414,0.027505515354319904,0.09994369088761473,0.051594485455175615,0.11014633239183363
2024-06-11,0.015568592929395449,0.10312102391968893,0.09700413358729264,0.08831403534494961,,0.08426578774377617,0.03963312121492724,0.06669614522058231,0.11486092979067579,0.1015613843886778,0.026797051104136476,0.10125136851757964,0.051833377421465016,0.1090930488168529
2024-06-12,0.014959095644247598,0.10216602969749249,0.09630587986439827,0.09057407676943305,,0.08499085778693413,0.04173127987201553,0.0669410870968934,0.1141305896833351,0.10193465498060757,0.027338836881643024,0.09990221294352467,0.05246716069309796,0.10655823808637714
2024-06-13,0.014748107129015742,0.10262577405480565,0.09569821638572185,0.09126872385268156,,0.08473548260564065,0.04188248580756169,0.06589270419089902,0.1124619848290279,0.10159811885121724,0.02724771742286177,0.09879939607088725,0.05147113386411605,0.11157015493556359
2024-06-14,0.015269385550434679,0.10238483752547112,0.09566319721199232,0.09073163584220283,,0.08476234884085725,0.04191697310572632,0.06573315976554606,0.11397059661925832,0.10030779537581773,0.02664006964407767,0.10035934435022356,0.0521246149092809,0.1101360412591112
2024-06-17,0.0154282099634237,0.10305128671302913,0.09669466931701139,0.09221514974504863,,0.085395240220178,0.041856646628392356,0.06529439550672185,0.11355211632598723,0.09920517076056158,0.0269389719129183,0.1006854859954648,0.05286707313779046,0.10681558377347242
2024-06-18,0.014959411352465589,0.10142264265694982,0.09520888135500732,0.09175137936059069,,0.08511595342018452,0.04135937268315017,0.06731521149587784,0.11348254699083973,0.09885812815990117,0.025644890756741503,0.10020930328613105,0.053281264091349693,0.11139101439081085
2024-06-20,0.014915059924943581,0.10398599819381722,0.09613551858419739,0.09270937456433023,,0.08518154032897207,0.04180574389781032,0.0661199952370474,0.11458712715667778,0.0992928166459021,0.02510102245818284,0.09980924176598517,0.05235886821342401,0.10799769302870986
2024-06-21,0.015111456433599468,0.1,0.10000000000076201,0.10000000000076201,,0.1,0.037386627049670676,0.06909607225060187,0.10000000000076201,0.1,0.028293132491105776,0.10000000000076201,0.050112711771212216,0.10000000000076201
2024-06-24,0.015435670568314436,0.10010656331196242,0.10091280686192731,0.1008927651708825,,0.10085062308561796,0.03734327085645934,0.06931275277383768,0.09734165181136363,0.10074059748178804,0.027916504365102953,0.10021600579795857,0.05046021652969865,0.09847057138508662
2024-06-25,0.015363203966408896,0.09861390065475932,0.10047936323667611,0.10120807809333145,,0.0997440883463242,0.03829532052790308,0.0710900025280066,0.09801700801429594,0.0987424472678459,0.027796566954555034,0.09912441010626244,0.05081243711243343,0.10071317319119785
2024-06-26,0.015357504649994691,0.09825345236837431,0.10035051019059431,0.10096868988525597,,0.10039698719911662,0.03918030642156801,0.07186396513055295,0.09922646194336836,0.0984417309199809,0.027172688619251067,0.09895419851744203,0.0521941413961805,0.0976393627583203
2024-06-27,0.014969438164818692,0.09855147177684402,0.0996124003960703,0.10138255075798633,,0.09946083410154598,0.03918918172725127,0.07304137694215608,0.09955829893932328,0.09898927159829726,0.02644872271540962,0.09888536717443909,0.05263611807865955,0.09727496762719852
2024-06-28,0.015060142077367026,0.0983942837383178,0.10062493214875483,0.09910236657275986,,0.09902626186989838,0.04040598251695013,0.07544125139220854,0.09854498669557249,0.10055725624343018,0.026965471137918938,0.09515155256624509,0.05266022778929097,0.09806528525128576
2024-07-01,0.014957924757485573,0.09880710520873234,0.10172365750464826,0.09768255565780401,,0.09916597622243974,0.03998682042447744,0.07844781226170847,0.09626648752814673,0.10013236710842115,0.027486169914048283,0.09407505840650034,0.05180695463000211,0.09946111037558544
2024-07-02,0.014958054918783423,0.09737710451357691,0.10184168484909742,0.09664774199686064,,0.10067273056627833,0.03989261923446636,0.08053783481756734,0.09405517618439185,0.10057291552659936,0.027637865410932803,0.09389050701671868,0.05101736578955315,0.1008983991751739
2024-07-03,0.014569907951444113,0.09795240177799645,0.10010053933127976,0.09939203113583392,,0.0989796383763377,0.04097511147964465,0.07975052047982296,0.09298581551973391,0.09977511248457292,0.02786325244456645,0.09344683726095045,0.0506816910856664,0.10352714067215023
2024-07-05,0.01450761736499776,0.09743236249028095,0.10151253519534612,0.09786804690501764,,0.10115405754024806,0.04044134244004481,0.08025639766081787,0.09217198524269146,0.09929937236194165,0.027237892334589564,0.09424709714432832,0.05035918167479084,0.103512111644905
2024-07-08,0.014759584461159865,0.09700491854563646,0.10138901119985692,0.09746768269032083,,0.10160128409827945,0.040771066566803696,0.07891253482041012,0.09331974947666695,0.09980502121030307,0.02721545438630044,0.09441655258325096,0.049840415455776166,0.10349672450523506
2024-07-09,0.01447852788245957,0.09756842082776813,0.10185176641838713,0.0974990548912323,,0.10047704029981191,0.04063991289862061,0.07958856327004095,0.0936021479758399,0.09962979041731443,0.02576961774112282,0.09509603962163608,0.049264257433351076,0.10453486032241492
2024-07-10,0.014085912636085591,0.09833028128131736,0.10279134934869526,0.09880579464648943,,0.09985494481792112,0.040902918324707396,0.07726443120023717,0.09287811322772573,0.10069431632129508,0.0258726421095553,0.09454256836454962,0.049577416760445525,0.10439931096097563
2024-07-11,0.014361883626169166,0.09759150191352085,0.10171660764777464,0.0999314716317467,,0.09953028256214709,0.04311635389460339,0.0789052572985067,0.0922214895322774,0.09964931572872945,0.025959634263768,0.09540644812310853,0.05035498431739862,0.10125476946024947
2024-07-12,0.014905864014347703,0.09724396173124428,0.10163642774030444,0.10054422230251701,,0.09918568656033994,0.043724066324712034,0.07768130685113006,0.09510116165382901,0.09848914518948981,0.0256814060842853,0.09644418313240528,0.05220528353169815,0.0971572848836969
2024-07-15,0.015314340606793956,0.09861493490879215,0.10089551982190319,0.10097465259996019,,0.09782024883946011,0.04330370198599267,0.08183187056858987,0.092440278676924,0.09908209699269774,0.026152388059646488,0.09256079043388159,0.05537348347132059,0.09563569303403748
2024-07-16,0.015436029868654494,0.09899264829230009,0.1003010653704989,0.10107776629633267,,0.10012332295375667,0.04356513261016847,0.08228125851812082,0.09206021551139257,0.10027113170973088,0.02498446820619953,0.09130913733045318,0.05417705762510605,0.09542076570728573
2024-07-17,0.015996542022613466,0.09875496140374822,0.1013627753092158,0.09997290528317934,,0.10112442308661089,0.043091617746784334,0.08126689808274905,0.09654047483933012,0.09943065942188871,0.02543326550565579,0.0929658710214632,0.050210389546769256,0.0938492167299918
2024-07-18,0.015746665108211544,0.09842683909540197,0.09931621550176276,0.0981961296805329,,0.10045580135127476,0.04284197179409733,0.08141615747305828,0.096240503018763,0.09790751811665725,0.024572843717561986,0.09937178290634209,0.051902551123489286,0.09360502111284685
2024-07-19,0.015533979350861425,0.09757321315638406,0.09990761126105384,0.09875144531925291,,0.10047603162039129,0.04304507987525351,0.08067195420698348,0.09661137838231568,0.09799540211861213,0.025231402577614737,0.09636634970271808,0.051506064130005975,0.09633008829855282
2024-07-22,0.015462290451777896,0.09718901713271581,0.09876568968602484,0.09913952950764085,,0.09889315149362476,0.044667225493209055,0.0827324460395751,0.09657799952440178,0.09775321625791979,0.024941249305363605,0.09627457539591265,0.0520705777261626,0.09553303198567134
2024-07-23,0.015388097842601353,0.09702774160309818,0.09801421635352664,0.10135319163662071,,0.09791987963031644,0.04395512759156271,0.08427524787770944,0.09592843517583005,0.09669460780383143,0.025327335176775923,0.09391607398767506,0.052569333960067764,0.09763071136038422
2024-07-24,0.01624292555417333,0.09940366575372976,0.09934833508699874,0.1004785530508671,,0.10036866627613139,0.042181667372460076,0.07668403165337455,0.10065231357999875,0.09670275539273554,0.02653537047961668,0.09740917468122887,0.05200804591563198,0.09198449520305337
2024-07-25,0.016377632151693668,0.09805596711909757,0.09874801452506728,0.09978992618059454,,0.10167301599208603,0.04106853051935994,0.07879644715792451,0.10153230546083618,0.09706449639633014,0.026496126383508012,0.09790030384079236,0.05157593444657581,0.09092129982613394
2024-07-26,0.016219989705998045,0.09962738554268016,0.09703688256931373,0.10217817388230595,,0.10132007282741155,0.0423632805859908,0.07962778750957313,0.10249026150244968,0.09407127184954553,0.026674667287403243,0.09768461786946585,0.05206949385070301,0.08863611501715928
2024-07-29,0.016179690664731326,0.09982280325371488,0.09711779914546395,0.10423910417737298,,0.10173714351001682,0.04149487521990942,0.07849435228185965,0.10069924964404892,0.09431501712456167,0.026477819849690647,0.09789492715991858,0.051486133449470436,0.0900410845192408
2024-07-30,0.016625386493061705,0.10020134666826178,0.095771590564356,0.10327582767950656,,0.10732450622266669,0.04199918908193077,0.07741704305169593,0.10174928353068775,0.09489800740861591,0.026099839338837846,0.09787660478381496,0.050885109757473866,0.08587626541909021
2024-07-31,0.015697002363765714,0.0976806211494493,0.09443123891314222,0.10443310909126771,,0.10384925070492934,0.0431190717028606,0.08556422433858632,0.09778383520232538,0.09209313538300014,0.03333527265540005,0.09594750586184449,0.050069343265115814,0.08599638936831319
2024-08-01,0.015464341096664344,0.09943909207346519,0.09630095077440595,0.10692499738402356,,0.10402700905837142,0.042431657815983334,0.08479998590439908,0.09854491859337772,0.09186604449198298,0.030579802800353915,0.09600442089775643,0.04925488298116731,0.08436189612804876
2024-08-02,0.015200755975182658,0.10041635434041422,0.09568287957667826,0.10561372293069851,,0.1058981120734119,0.047797703855102215,0.07922936199059767,0.10019920068730184,0.08996093678570671,0.030760299973434553,0.09595636617792598,0.04962314088524746,0.08366116474829793
2024-08-05,0.015537839995107248,0.09924243084611185,0.09461440098581242,0.10598485308525958,,0.10711779931446036,0.04724094666302821,0.0795696698158006,0.10113126197001027,0.0889498687933015,0.031109016547484818,0.09711336614849803,0.04938207983323877,0.08300646600188637
2024-08-06,0.015325375680912526,0.09977684381916153,0.09419247945328794,0.10652216533937912,,0.10383972846845843,0.04842207803417216,0.08091253852610467,0.10261585716388523,0.08464403088966711,0.032655151861058655,0.09825944862437146,0.049943957240799766,0.08289034489874147
2024-08-07,0.015380398510967556,0.10054917501544793,0.09593321117207507,0.10477924896974407,,0.10526272828763414,0.048668273725339814,0.07696125963732227,0.1032765833541568,0.08589902360881026,0.03162569880082027,0.10014112919112016,0.049656630187806264,0.08186663953875531
2024-08-08,0.014963513259397118,0.09893944876867225,0.09492223236915302,0.10545058996005668,,0.10476605564448566,0.04975984265243238,0.07827181043786194,0.10274316233286111,0.08489093548342416,0.03194298065136595,0.10134498014834946,0.0492376130767717,0.08276683521516859
2024-08-09,0.014834137054415872,0.09890791830794121,0.09660369163315255,0.10499659877952384,,0.10581820852031722,0.049146850247759284,0.07793543482774717,0.10142007871770672,0.08639337485386892,0.031923717257507145,0.10050793931888052,0.04803684490124126,0.08347520557993816
2024-08-12,0.014819577748316657,0.09873735089084945,0.09558052323646414,0.10523472746050558,,0.10465411130853405,0.04987659916120433,0.07864470629289495,0.10145926912371565,0.08509326169255356,0.03164891155776036,0.10058972356207903,0.048505605443055565,0.0851556325220667
2024-08-13,0.014954769206720708,0.09861713201483048,0.09593500320258365,0.10553040666164332,,0.1033009062475096,0.049737571488568603,0.07931330476546344,0.10169774838677455,0.08428086208516043,0.03088083004804411,0.09932594304929944,0.04904770401329708,0.08737781883010437
2024-08-14,0.014703066045095565,0.09830140449282708,0.09556532914375772,0.10717287317060432,,0.10332608272271983,0.049782478727755146,0.07873298543601492,0.10005113195448292,0.08466759402087656,0.02946603072233492,0.09842565905623245,0.04916435387366996,0.09064101063362864
2024-08-15,0.014624040499167242,0.0978034825912311,0.09468949158732651,0.10652156778389142,,0.10088900293092004,0.04990008504530064,0.08054253684850332,0.09957357163854294,0.08573403884584974,0.030666557076122005,0.09762554362184543,0.04983073030511043,0.09159935122618926
2024-08-16,0.014891796214290624,0.09743966649823822,0.09427359696379645,0.10657434771646782,,0.10062064340032306,0.049207999969371065,0.08148634917608497,0.1010858835408741,0.08609717588890481,0.03147221588320093,0.09860805634744098,0.049218900919543604,0.0890233674814633
2024-08-19,0.01490376451682664,0.09770403615414065,0.09377761783530754,0.10651912014184071,,0.10030454176843699,0.049400189755991385,0.08158440945380162,0.102569827310587,0.08510133728098798,0.03167605493747016,0.09883243789805653,0.04978667694278206,0.08783998600377062
2024-08-20,0.014831316915631524,0.09836928912114855,0.09449243299076202,0.1065162792827072,,0.10037036033432642,0.04955684089454823,0.08092877691691618,0.10226437600756691,0.0853665728842938,0.03259518138118428,0.09936004113811568,0.04928092067252574,0.08606761146027364
2024-08-21,0.014752314992302113,0.09820229720804056,0.09387920070790423,0.1087746409114831,,0.09961185447577851,0.04994610858370063,0.08239020567899456,0.10121905157824779,0.08457573523260353,0.03209855092081174,0.09846656893505985,0.049871023358851754,0.08621244741622167
2024-08-22,0.014682403036082372,0.09886321411341953,0.09387714533002212,0.10766469289926577,,0.10113511750486795,0.05010794902934706,0.08379809220112606,0.09903446773200954,0.0842123736052061,0.03293785271924531,0.09855303469570137,0.04970710007322814,0.08542655706047862
2024-08-23,0.01500514528918113,0.09841537059847638,0.0918836664756627,0.1051393054547598,,0.10021071422719699,0.05334127512604467,0.08585015987421259,0.09841190361945093,0.08452482852970894,0.03450883365737403,0.09764811100937439,0.050195492223814434,0.08486519391474318
2024-08-26,0.015354827295725241,0.09799282027931615,0.09193669900893116,0.10581424810097198,,0.1010371721566688,0.052154428435369396,0.08459158747340839,0.09848388201766797,0.08372172320867347,0.03508470156462368,0.09787364883879275,0.05074174208551913,0.08521251953433194
2024-08-27,0.015252115588639129,0.09893128813535214,0.09162452804499485,0.10529949976778165,,0.10185895555930087,0.05096746978260178,0.0850221917512341,0.09797772356752465,0.08402710955118936,0.03334579951627504,0.09770384062383226,0.05041047419313903,0.08757900391813515
2024-08-28,0.015330179699875764,0.09966550320824516,0.09175706614434181,0.10732485106557499,,0.10306009992968432,0.04974022406614133,0.08395470832183063,0.098593422799245,0.08347661697791152,0.0302818967021308,0.09758173632462563,0.0504460493615276,0.08878764539886544
2024-08-29,0.015366171116553728,0.09958429734407126,0.09275944314848884,0.10847054823460799,,0.10331143294352112,0.05017493720473148,0.08381745498887283,0.09801913336984337,0.08401322455694907,0.029463171948073102,0.09743735593031903,0.05072732469655272,0.08685550451741533
2024-08-30,0.01530805228469857,0.0993991966401329,0.09243880684500508,0.10775421549422773,,0.1021514116334793,0.05107176085477606,0.08590668292097467,0.09773963737824898,0.08378858198038582,0.02963913150800438,0.09675442295368789,0.04990610955210104,0.08814198995427754
2024-09-03,0.015325803209269654,0.09877209991348547,0.09515736480362222,0.10484818475220407,,0.10559371143029231,0.04933326962681001,0.08351928518335347,0.09841100025411192,0.08513122724794575,0.02935372511498495,0.09869290948904826,0.048759163891232846,0.08710225508363914
2024-09-04,0.01521450709091371,0.09896162879587958,0.09545801487966724,0.10544280264810628,,0.10478389489500364,0.048004838732023686,0.08242750164542308,0.098554769783203,0.08501290213896087,0.02981668568293923,0.09862279794597756,0.05015874384472257,0.08754091191717946
2024-09-05,0.015373963412415788,0.09979293488893114,0.09599922598415316,0.10448368051584894,,0.10571595385096604,0.0454818967782367,0.0819168181385357,0.09757580592641205,0.08539685576187434,0.029551708591824027,0.09863435856488562,0.05094072419823994,0.08913607338767646
2024-09-06,0.019689520310533528,0.10103277881748221,0.09715119842448355,0.10453621872277326,,0.10719283630923362,0.04473580434464473,0.07793751639450017,0.0951659507341564,0.08599525507085487,0.03005229861164078,0.09862663353294604,0.05160363162377238,0.08628035710297838
2024-09-09,0.020047208741663106,0.10219927959830048,0.09658410053105748,0.10454243381916302,,0.10719311394385582,0.043771823714058467,0.07708520408270421,0.09735238044056993,0.08477217212675649,0.030436910717497517,0.09751113457656181,0.050784772569827906,0.08771946513798387
2024-09-10,0.01908530363667273,0.10356218896822744,0.09571717277506187,0.1067855844806528,,0.10697857681102686,0.04472405028709755,0.07367802516036338,0.0980126386292897,0.0845422354645175,0.03047119987089944,0.09684363683849544,0.05122530800850267,0.0883740790691925
2024-09-11,0.01805471114285896,0.1019143234080553,0.09372941958777783,0.10670796877046382,,0.10510863435038739,0.04459573172162887,0.08000322435118018,0.09743654812588579,0.08250021369124803,0.030181226251963924,0.09690200925857327,0.051194642336784585,0.09167134700319209
2024-09-12,0.01752442158429135,0.10054578257364087,0.0936298798113492,0.10597689166869453,,0.1045683212394868,0.043864588275727256,0.08038085727533398,0.09781081246881339,0.0815239265622284,0.03032595022632937,0.09670308420255008,0.05271716159169199,0.09442832251986263
2024-09-13,0.01781903704840246,0.10144986069000643,0.09313449497626027,0.10721866683140173,,0.10447489310443003,0.044368065713119714,0.07941298838163964,0.09818999617057891,0.08204233824533874,0.030198798470972888,0.09577744964402597,0.05372431082551886,0.09218909989830433
2024-09-16,0.01761542364916413,0.10217526005886406,0.0925220639110699,0.10730524426235666,,0.1046999541069346,0.04379065597619422,0.08001758017757254,0.0982273956868584,0.08122522832114261,0.03022520177951236,0.09564299816409037,0.05389167498503781,0.09266131892120234
2024-09-17,0.017070375661405558,0.10239024308147135,0.09278557868008697,0.10749149793689809,,0.10370225445716078,0.044149494300089194,0.08046858535914388,0.09960346108151817,0.0811108371930777,0.030681826127233497,0.09512068956114456,0.053859072779333106,0.09156608378143713
2024-09-18,0.016832551070084138,0.10165310555984002,0.09318827722090338,0.10682085565445666,,0.10284811409810217,0.04446257599140985,0.08102061545676582,0.099363437028523,0.08115286142200034,0.03195070036589984,0.09395095625993484,0.05529151892829363,0.09146443094378642
2024-09-19,0.01706203673597915,0.10067610168512024,0.09176077319226314,0.10744351628233695,,0.0999156430439384,0.04637312322841505,0.083352541690408,0.09964722770173368,0.08035361488102673,0.031594535034482604,0.0943327701333895,0.0570286507817782,0.09045946560912815
2024-09-20,0.01063632987244285,0.1,0.10000000000046101,0.10000000000046101,0.10000000000046101,0.1,0.026711895192792916,0.04919402154298377,0.07516309057487304,0.08870322401885788,0.017064662855980902,0.10000000000046101,0.032526775940224566,0.1
2024-09-23,0.01059019915293912,0.09923524828068939,0.09902042975779984,0.10012841783794393,0.10182573727432295,0.09944292030962901,0.027000138456862957,0.04833365475896803,0.0741748842031726,0.08804203988435517,0.017773605758297967,0.10117953941205446,0.03244515605660277,0.10080802885636173
2024-09-24,0.010423099863222627,0.09861620042928437,0.09810400019300712,0.09994895602215656,0.10311001476033543,0.09881227091222466,0.027118108427285004,0.05076300175281328,0.07314769442573492,0.08680297622935648,0.01790229720281421,0.1016094612217074,0.03168443690602941,0.1019574816540283
2024-09-25,0.010675468572118185,0.09867380069406097,0.09793268613204908,0.10066024892950964,0.10239195743564714,0.09813227028512482,0.027164616658943364,0.05047455343413592,0.07261704022585806,0.08651319472820733,0.01726686334585753,0.10095664787193229,0.03156328172749512,0.10497736995906047
2024-09-26,0.01073471124624479,0.09720625980591088,0.09918725424953123,0.10150791603298814,0.10082550088072424,0.09892569612854019,0.028135203760094304,0.04932501168135576,0.07197420160035789,0.08780098422437807,0.017595850614976222,0.10046083876523615,0.03150875472048417,0.10481181628917784
2024-09-27,0.011011650348984745,0.09733457007450816,0.09825154091993658,0.10030725507266919,0.10064592316107447,0.09993542430204516,0.028726013866152825,0.049989857196729055,0.07233091397402124,0.08849165612093167,0.017921028503206583,0.10097670507458593,0.031141332318009356,0.1029361290671451
2024-09-30,0.011028159114462777,0.09739274020377665,0.09870371613494204,0.09976445770824724,0.10225083044969525,0.09905035637066065,0.028503745100984728,0.05005549194103937,0.07210519129083146,0.08714941659150105,0.018104128440726116,0.1009681627081056,0.0313263745168571,0.1035972294281701
2024-10-01,0.011107562511149333,0.0977713440856489,0.09831976850367569,0.10044707936430032,0.10373335350266646,0.09963119232599323,0.02867009221299536,0.04856132406883735,0.072267330441393,0.08608049389791372,0.0187607682857163,0.1011929140763015,0.031027148044238194,0.10242962867917059
2024-10-02,0.011236203509258908,0.09703487892497693,0.09740704924631026,0.10152743957349795,0.10099519192574387,0.09867914384551822,0.02844718095649115,0.04959180833111221,0.07317479772651464,0.08433140282235096,0.01877753056531923,0.10107553191505834,0.031557509100055205,0.10616433155779224
2024-10-03,0.011235718958141717,0.09728866562881801,0.0971597165293619,0.10077787069048381,0.10192685092955822,0.09823276688731603,0.028900498787578832,0.04932491153165295,0.07358382643509198,0.08384379732490163,0.01893635207893388,0.1008365603810163,0.03128271170283995,0.10666975213430464
2024-10-04,0.011500959045268945,0.0960771738271488,0.09690145211598984,0.10045789892382975,0.10402176426525514,0.09698148543001948,0.028806679248222854,0.04951084384433384,0.0728411157992285,0.08442784917923021,0.019317678577531062,0.10107387059061948,0.031235019466074605,0.10684620968724726
2024-10-07,0.011550998400419966,0.09633013201727662,0.09630583502947701,0.10053432680288016,0.1017582099924917,0.09795661694618871,0.02928971821898412,0.04859228887668727,0.07341605059332246,0.08603455732787899,0.019404220549810065,0.10067819055311826,0.030854336263435988,0.10729451842802856
2024-10-08,0.011339534954885145,0.09599548417357649,0.09655072773934088,0.10012553053663556,0.102413305685586,0.09846314158901948,0.02947757204899089,0.04834650408067207,0.07281123313404407,0.0847169461947313,0.019837863155639096,0.10097593227342926,0.0315605727565229,0.10738565167692685
2024-10-09,0.011690441026701654,0.09691255223995406,0.09639338076907857,0.10058813344074428,0.1023165343059765,0.09936850979022069,0.028215443042694622,0.0483607849171288,0.07173824005269544,0.08525049739410911,0.019899025467170813,0.0997158958213119,0.03184228440652184,0.1077082773256916
2024-10-10,0.011872192970328904,0.0962700562411487,0.09665788659323749,0.10025291063501522,0.10222285521526651,0.09873898315411558,0.029013547650474744,0.04762218483284861,0.07164653060485686,0.08605510512697503,0.019387250296880397,0.10022731488136385,0.03235442977091757,0.10767875202657046
2024-10-11,0.011852182538187097,0.09618232521626141,0.09604065389429803,0.10050684979198257,0.10107675214803141,0.09961589511573599,0.029626322560834323,0.047845636697479134,0.07059729827946937,0.08543931103367766,0.0201484078977218,0.09900146719899386,0.032109775865676045,0.10995712176165105
2024-10-14,0.011612072943908529,0.09574458146877657,0.09648009225146602,0.10039810175685443,0.10127465615285698,0.09971722251666736,0.030470062633856248,0.04699225617951262,0.06894318714016273,0.0873189752848677,0.020334360920649434,0.09871812033798207,0.03237445787989108,0.10962185253254819
2024-10-15,0.012535201205873389,0.09583372278611421,0.09616076774156423,0.10139629746508848,0.10204728499835045,0.09969466335440381,0.03009345874701445,0.046594668026676105,0.07020088845815525,0.08693836925811223,0.020605992788379334,0.0988508830920742,0.032267392254783006,0.10678040982341097
2024-10-16,0.013108938536177988,0.09542581130320872,0.09493531223143899,0.09915985963090736,0.10302068510695682,0.09805852807345064,0.030114629995485476,0.04735427689869485,0.07012453251665443,0.08623940962041723,0.02130558086932618,0.09887612901609165,0.033623875834177135,0.1086524303670125
2024-10-17,0.013045000895269044,0.09498874840210902,0.09620957387956058,0.09943552370256803,0.10111419760198723,0.09804545379017893,0.030430562148178224,0.04740258666839705,0.06921231143753442,0.08753032738117583,0.020816506283251403,0.09837006833032627,0.03315526421448074,0.11024387526498339
2024-10-18,0.013057718916928274,0.09564134721790485,0.09662260307418155,0.09953031075490924,0.10197257839832535,0.0984162688711431,0.030463818156671672,0.04668493104938264,0.06953944700871219,0.08712023304536624,0.02062251655179847,0.09925189629245595,0.03222225062946466,0.10885408003275565
2024-10-21,0.013073178107179813,0.09554880149025935,0.09591296686646066,0.10058717342493398,0.1028819151390829,0.09800248437581671,0.03031444398987761,0.045671204337826586,0.0697783041690136,0.08605393574938616,0.021118162866413766,0.09988487654507705,0.03292375817434062,0.10824879476433116
2024-10-22,0.012845832789420052,0.09544892102507933,0.0963706057587364,0.10022515084166826,0.10451741032688132,0.09780624731709295,0.02872525828779648,0.04575315847753162,0.0692905802017041,0.08582507835745842,0.020486436174980367,0.09985781538444821,0.032626250631205216,0.1102212544259971
2024-10-23,0.012509404811787198,0.09613682147993036,0.09791401846983573,0.10039052875547007,0.10702739034316007,0.09788255905922241,0.02869730183543563,0.04610294064680758,0.06835855787068994,0.08638354425305979,0.019816870062205283,0.09899898798289955,0.03236563559578383,0.10741543883371257
2024-10-24,0.012529002934633642,0.09520639415972948,0.09708061548341483,0.09988930936925633,0.11229266555061083,0.09821771957263814,0.02832272323298779,0.04432143256646073,0.06779725548205544,0.08680764449295011,0.0192426093972023,0.09903896033454812,0.03125538341267657,0.1079982840108356
2024-10-25,0.013156028328512728,0.09282722599001707,0.0983449023352309,0.0909295642789439,0.11289269808947357,0.09842589908103011,0.028439579675317007,0.046017586256394856,0.06856818140118894,0.08727773073784198,0.019870358922958534,0.10016783488654647,0.031175858996502208,0.11190655102004157
2024-10-28,0.01350668847425653,0.09222135242103685,0.09722153214449011,0.09406563146830683,0.10970919114953438,0.0982786966675259,0.02854411546142339,0.046776008578240595,0.06854192116350127,0.08780822854510675,0.020003647967349002,0.10035307233362104,0.031156239937785678,0.11181367368782154
2024-10-29,0.013642074299924555,0.09298427748728764,0.09683840151309193,0.09542647333882756,0.11285120227386844,0.09563375940409406,0.028589174276424798,0.04623740952351946,0.0674157805451221,0.08710152455042838,0.0200550386274996,0.09994436092516491,0.03178651852126941,0.11149400471347702
2024-10-30,0.014169630268391352,0.09310467059205801,0.09731113212284119,0.09493685134885221,0.1137495075140095,0.09493087560140757,0.029583992176212943,0.04345696116422997,0.0670454384917494,0.08823435942512292,0.019712728137182643,0.10067571941287438,0.03160288792632994,0.11148524581873784
2024-10-31,0.013762869467001972,0.09660516040263527,0.09453031126944211,0.09570020430387945,0.11594722452601292,0.0945194833367168,0.029948400154156063,0.04256112661255709,0.06903574415856364,0.08865628972019052,0.019976242056069814,0.09784977579844878,0.03200832080006405,0.1088988473942617
2024-11-01,0.014314092231655228,0.09825900190535139,0.0956672800089402,0.09601479666722582,0.11579268549779254,0.09437562500681844,0.03191577557505212,0.04036781956356433,0.07309329367211026,0.08126152633317704,0.021842696782497343,0.09857877711990357,0.031846063604656215,0.10667056603125546
2024-11-04,0.014279709904072638,0.10022943041888467,0.09473948891081305,0.09559626114650166,0.1139909237896136,0.0942381942782248,0.03267618216674712,0.0397706818497661,0.0747584084435184,0.08199010311140316,0.021050311457211993,0.09901827581624821,0.03144910636510555,0.10621292234188905
2024-11-05,0.014270494065328255,0.09938750641536802,0.09286912281844302,0.09725254936973832,0.11685873156884394,0.09382963899787548,0.03244940636605163,0.039304746683116634,0.07396196992003777,0.079964153573722,0.022094128606967654,0.09840833922161038,0.031319136615662706,0.10803007577723427
2024-11-06,0.01489928534628625,0.09851147478225851,0.09274954877273074,0.09703353614418432,0.1168990099057127,0.09464625850442475,0.032486730158684106,0.04090136816653433,0.07150056733536851,0.08291286647911633,0.024583395593142914,0.09138139682875361,0.032869037342726594,0.10862552464007645
2024-11-07,0.0145527723981503,0.09821203738945415,0.09244602784230335,0.09736751224752446,0.1163179308307923,0.09286170452465888,0.033288882518034385,0.04137045847240542,0.07153591666908408,0.08305265608717004,0.02365954968890582,0.09347308318313531,0.03246304630909735,0.10939842183928411
2024-11-08,0.014251535327274658,0.0979689949547982,0.09189495980843868,0.09933483625876931,0.1152000345496625,0.09102386918062565,0.034173824141114154,0.04063705855797702,0.07159798078253198,0.08037335691209903,0.023762556450544477,0.0943928225243526,0.03521796574670441,0.11017020480510735
2024-11-11,0.014287615537872327,0.09814049289422787,0.09234510154171921,0.09941147440377845,0.1168081508187079,0.08973094714837998,0.03487222527665374,0.04165740844995111,0.07094378445647802,0.07973524589368115,0.02392091350500698,0.09304916834784578,0.03509965316486997,0.10999781856082728
2024-11-12,0.014366727992746638,0.09927093807527927,0.09405945922694436,0.1014060562047623,0.11098410486343026,0.08940909254963268,0.03488065963769887,0.04030832156631682,0.0701361492249334,0.08068932746770971,0.023966352832259903,0.09491161655180666,0.035382004636544076,0.11022918916993514
2024-11-13,0.014112715829176906,0.09732387111761298,0.0947793115365271,0.09825710065917052,0.11509979891245475,0.09025381433935346,0.03274357777272256,0.04131787970261017,0.0703401708210026,0.08180491939869654,0.022265219128364912,0.09538199677315512,0.034764248592726726,0.11155537541642556
2024-11-14,0.014316256872503446,0.09913328308912847,0.09481770210907449,0.09870538724479026,0.11502657250701408,0.08956624209037076,0.03332340871420487,0.039818899215432364,0.07094836596542836,0.08078038464053833,0.02145912109451472,0.09658917432145625,0.03467203375643708,0.1108431683791064
2024-11-15,0.013153531378670326,0.09965700133809302,0.09445775976280743,0.1005404775604557,0.11684615137607113,0.08942542906353818,0.03263308420158255,0.0409710643167742,0.07015984299636373,0.07985005334138828,0.019955653410713516,0.09684395355878098,0.03440898454586747,0.11109701314889338
2024-11-18,0.013334709889022611,0.09876544490713024,0.09312976761682278,0.10082528581189161,0.11399627837854473,0.08983583813000653,0.03305824692312132,0.04158432921985994,0.07102526826546594,0.07958579371351575,0.020587504138590965,0.09729787966900151,0.03511911734980897,0.11185453598721715
2024-11-19,0.013493790053683497,0.09708787157184234,0.09040227479362412,0.10124571279592813,0.11383474973029721,0.08732614109236415,0.03369991280199242,0.0428695408148199,0.06977345494339705,0.07823804664143916,0.021269722456531026,0.09346780707927216,0.03484978953910716,0.12244118568570168
2024-11-20,0.013501555299239392,0.09858535700720357,0.09064719863525898,0.10285864350484265,0.11612711978588447,0.08708546698425587,0.03196795340043984,0.04264183551143679,0.06983924615274052,0.07791712311882683,0.017986195164566995,0.09524882690451567,0.03461500518886906,0.12097847334191934
2024-11-21,0.013807582372903825,0.09823305547756503,0.09107531919633714,0.10322022975586667,0.11226416234576878,0.08690917742056671,0.03172679409964993,0.0436407284906501,0.06869601905974487,0.07968128505981427,0.01929143996659788,0.09494785918753353,0.03522050794261921,0.12128583962438215
2024-11-22,0.014119943578650191,0.09375873643467345,0.09225511342027443,0.10302004206488213,0.1148928221814882,0.08751846046234066,0.03263298968055553,0.04436701019928413,0.06846173880423953,0.07987647157740291,0.019392494003473416,0.09508832615626064,0.03487788912079729,0.11973796231567742
2024-11-25,0.014314694906135165,0.0960686946599375,0.09324150563381517,0.10532968638030246,0.10954306589189591,0.08913730976507778,0.03326098538367085,0.04312571399859154,0.06980033378037943,0.08087944841677276,0.019021617974296506,0.09662049842554019,0.03535554985701141,0.11430089492657326
2024-11-26,0.014426365430911043,0.09601180013594279,0.0923813774895359,0.1060252130298355,0.11175906796321228,0.08747494994476843,0.035120323740568345,0.043019211665288576,0.07138208868063697,0.07960085272619881,0.018210642898949934,0.09655035475048973,0.03534472362186346,0.1126930279217982
2024-11-27,0.014155506783586864,0.09643111857393144,0.09298667230338128,0.10471502301723841,0.11297738595317772,0.08896523063486421,0.03451532657756018,0.042259460627896886,0.07116131753335167,0.07971648735759196,0.017993128706215052,0.09776527312756017,0.03549005851971589,0.11086801028392823
2024-11-29,0.014132162926333208,0.0961463602583548,0.09305071299681755,0.10506083911766056,0.11160312219500622,0.08846339813563654,0.036772178266387096,0.04274393183352584,0.0703430245552223,0.0808837954451739,0.018132432502956528,0.09717274680720521,0.03501608028331225,0.1104792146764081
2024-12-02,0.014237942392064433,0.09574427088409428,0.09283577964494359,0.10450239647170925,0.11335672207463793,0.08842386602012375,0.035533488246907136,0.043512352419604584,0.06971573400293044,0.08049158587788056,0.018772985939044636,0.09702501961468236,0.035153329945866965,0.11069452646551019
2024-12-03,0.013628941575368337,0.09620201170976024,0.09299197900813128,0.10598671823263077,0.11114359033953322,0.08837050056035542,0.03538337325066914,0.043816351781266825,0.07025207436552557,0.08108595330993194,0.018318725681105288,0.09614316276709817,0.03525124997399242,0.11142536744463155
2024-12-04,0.013414571574058206,0.09587049226742543,0.0926940818320715,0.10566937298568291,0.11371816940774156,0.089483270347324,0.03458075478716418,0.043740855574360304,0.06918857281384369,0.08106234583379998,0.01965689644379577,0.09318156634406592,0.035462143350778776,0.11227690643788779
2024-12-05,0.013472469015973897,0.09609754787794168,0.0914594792539264,0.10528342809873767,0.11567096391222373,0.08949388807876432,0.03328471115950847,0.042868432010681676,0.0685165611510559,0.07982938898266233,0.01926482909469069,0.09395944342984307,0.03482997347485866,0.1159688844591316
2024-12-06,0.013357943377242708,0.09574139961232679,0.09205459119590552,0.10569049565165274,0.11572734128449168,0.0888343648160616,0.03184472088359874,0.044078685101585954,0.0692856703116972,0.07940543974467591,0.019076423012826894,0.09374953340874623,0.035179142899517776,0.11597424869967045
2024-12-09,0.013871551517387943,0.09460355242877355,0.09442948059182117,0.10326259060212539,0.1171922947601077,0.09097156285428698,0.031384818979090116,0.04255052533551871,0.06834875391033972,0.08117463303421532,0.01832119903271318,0.0948818503747102,0.03461933304099193,0.11438785353791812
2024-12-10,0.01372310941985661,0.09464947266288602,0.09429911471575744,0.10347901660653394,0.11602359970103956,0.0915817737668554,0.031828347462483995,0.04346584429840156,0.06882863362969838,0.08164873611361727,0.01795355476635775,0.09569842419177857,0.03491172338772462,0.11190864927700891
2024-12-11,0.013851813777111591,0.09343906546042456,0.09254042989519323,0.1037386307237384,0.11844272045147772,0.09067496344299623,0.031388431364360016,0.04261670979144729,0.0693784643729952,0.08032146227313412,0.018886525567932647,0.09722210711360953,0.0350321447745621,0.11246653099101726
2024-12-12,0.013568634601415594,0.09421434525314382,0.09277832716133268,0.10403917058851157,0.11486150405229628,0.09151484878496727,0.030869785121023657,0.04201111273408481,0.07001729754230636,0.08150772757779179,0.01800821049370269,0.09905771834764099,0.03451933523856767,0.11303198250321496
2024-12-13,0.013535439644920886,0.09423392696251039,0.09222010869611892,0.10251602042393296,0.11576154799812725,0.09107391198231485,0.030731510481716514,0.04347199904665272,0.07026234929050913,0.08098637883410195,0.017888843657007103,0.09949902067880942,0.03393372978220163,0.11388521252107632
2024-12-16,0.013821055872275646,0.09486408843892757,0.09150971744892011,0.10224510621920982,0.11727065994831032,0.0912444942393575,0.027454023009859517,0.04392719336357344,0.07094283444247607,0.08130524397241408,0.017854243678577134,0.10040317258642262,0.033710060941527856,0.11344810583814828
2024-12-17,0.0142291215476595,0.09602300935980655,0.09198186472225466,0.1035949112317237,0.11720377047970222,0.09048890803358053,0.027089655293331127,0.04287951069436856,0.07126012485904895,0.08025259891943741,0.017598318426984283,0.10160031002468206,0.03396241650597313,0.11183547990144728
2024-12-18,0.014078855085321893,0.09788773364309192,0.0927717797477745,0.10311642629071252,0.11830912267276043,0.09156198122429939,0.02732759202703918,0.041278734866486706,0.07125285836711097,0.07986413419918865,0.01759356950296182,0.10099308436063877,0.03361751239900743,0.11034661561360581
2024-12-19,0.013891162513135569,0.09632574251012659,0.09180793193153368,0.10218669244642267,0.12260901637704474,0.09013096153290563,0.0279264656771786,0.040948199786526876,0.07115501139792665,0.07934288339323635,0.018219714676061424,0.10039153545002258,0.034715081775360056,0.11034960053251863
2024-12-20,0.013127420481862544,0.10000000000066747,0.09999999999999996,0.10000000000066747,0.09999999999999996,0.10000000000066747,0.03230470723430792,0.04613132301847639,0.07249652334522595,0.07954244023382066,0.020090086603878766,0.09999999999999996,0.036307499080425396,0.09999999999999996
2024-12-23,0.013145404627829396,0.10060681867309149,0.1003784526715152,0.10026117169303665,0.09982694902147167,0.10024860391302137,0.032578758557814114,0.045789829501215316,0.07268904852166057,0.07993617153874766,0.019790268312711985,0.09995094673757565,0.036213323324368885,0.09858425290594007
2024-12-24,0.013497193601955185,0.09944835836831589,0.10073887457330997,0.0995425091856121,0.10081471184318583,0.10099459427103762,0.03198526178999044,0.04573829238847656,0.07333011668029109,0.0796439825620697,0.018976232835482592,0.10031504959108595,0.03623079852515117,0.09874402378403598
2024-12-26,0.013658738854882885,0.09969350036568861,0.10024415644636832,0.09974626168939767,0.09967290852335739,0.10054282423935243,0.033148430592445474,0.04649700285919513,0.07317925401730994,0.07921963383151434,0.018877968393682984,0.10025027513154655,0.03662852826207666,0.0986405167931816
2024-12-27,0.013701928584291742,0.1001341514142627,0.10060392543786967,0.10018301870820599,0.0989886890619529,0.10082150177527625,0.03259846655376316,0.046748110772838636,0.07316429364406067,0.0801523895230136,0.019205985730736196,0.09985894236714414,0.03640122268692408,0.09743737373966027
2024-12-30,0.0134105220319795,0.10074393345746122,0.100672598339919,0.10022739843426799,0.09860454414948532,0.10074410561994533,0.03158597568330024,0.04671848119003417,0.07371707737470858,0.07999721079945495,0.019001925147869348,0.09926112857789317,0.03621362475887451,0.09910147443480677
2024-12-31,0.01331750412327753,0.10072857973367433,0.10129206395396477,0.09974560312635705,0.09901284932412144,0.10149998300377025,0.031545927037954044,0.04632206239959423,0.07439224440686736,0.08036570950841855,0.01878755075141009,0.09920779360450716,0.03613109939874898,0.09765102962733418
2025-01-02,0.01375554215285601,0.09992410802944436,0.09997251150327326,0.09955206290109786,0.10065840887016914,0.10022096264478035,0.032309672460439816,0.045730705423842236,0.07562449995859483,0.07964524900631795,0.01904937304357547,0.09770760160639827,0.03547653994602578,0.10037276245318462
2025-01-03,0.013691705986030239,0.09941444772608715,0.09891996804645126,0.09976231510330848,0.10083114785102869,0.09856594759812747,0.03307343577693699,0.046210742014662576,0.07592105589533632,0.07888456227577942,0.01961866864007186,0.09697132432332678,0.0359429392071025,0.10219173955575021
2025-01-06,0.014019594885436689,0.09807493267386828,0.0982203020562131,0.09910519605095358,0.10317508239278106,0.09833444849485881,0.03504614144088087,0.04528303653902972,0.07488081248459139,0.07761948689208342,0.019561747527943218,0.09504256415670452,0.03522382059576693,0.10641283380888837
2025-01-07,0.013692595868323335,0.09809404102226338,0.09884493689087955,0.10036457819512348,0.10436217546998952,0.09894055974272672,0.033443465551932665,0.04576940712554502,0.0753574313103536,0.07814939342013698,0.01884734900092015,0.09451374315238295,0.03385155357632418,0.10576876967309855
2025-01-08,0.014307133785869069,0.09971320118917,0.09970276171140256,0.10023502602875475,0.10428069283221623,0.09949092154547423,0.032667340160382884,0.04577487853931576,0.07582976710960254,0.07799574684399048,0.018317691328019185,0.09264832845518121,0.033847330140882086,0.10518918032973885
2025-01-10,0.014849141344345897,0.09910443395320029,0.09965257727426821,0.0990014509344241,0.10562416255978903,0.09713821786590224,0.03358379228065333,0.045473706114701494,0.0756478147402415,0.07763490426224702,0.01869260339098061,0.09410215886905758,0.033563461490167965,0.10593157492002073
2025-01-13,0.014572514620509163,0.09973070504062101,0.10005717460022648,0.09936464578593919,0.10613128828346673,0.0977309575627477,0.03348582895592082,0.04564033729939729,0.07586075433726641,0.07810326902995782,0.01852566201808252,0.09483841056720574,0.0334684940040446,0.1024899578946146
2025-01-14,0.01515412116898127,0.10152383151299955,0.09623133532966893,0.10175279585814097,0.10670068350717114,0.09590294478079842,0.03531299556618446,0.046246226850474165,0.0764196681686342,0.07644473350170904,0.0184458617225691,0.09308279201246433,0.03404085644521991,0.10274115357498438
2025-01-15,0.01548482041255476,0.10096259346564974,0.09471787575371778,0.10514871561912958,0.10546150102658751,0.09392137051186987,0.03634670237660058,0.04709243003894385,0.07605389196696515,0.07498595784632664,0.019002171451967576,0.09368989829535286,0.034372799474184194,0.10275927176015
2025-01-16,0.01523381252412395,0.10131999544804213,0.0941387814050622,0.10629960905699153,0.10518753615574226,0.09374006887133571,0.03578014986348998,0.04751672662693838,0.07591211602378804,0.07531073993432363,0.019330320057387995,0.09424580527350533,0.034144944727855904,0.10183939403141297
2025-01-17,0.015329457321810517,0.09966266895102918,0.09371106111672586,0.10529947886286029,0.10707198065797019,0.09375335768768821,0.03572664927463097,0.04706978641586498,0.0751941334509195,0.07563929523087086,0.0195571538537992,0.09382995154789289,0.03464897886648678,0.10350604676145052
2025-01-21,0.015300605625425389,0.09900614344686615,0.09253017418341554,0.10561377542932286,0.1061292520553022,0.0922838951736763,0.03659478524951003,0.04728773625359098,0.07458425578404772,0.07480636645390241,0.02064534998895005,0.09527267965523799,0.03568341675785145,0.10426156394290101
2025-01-22,0.014751008028925098,0.09814516523897251,0.09358329149136978,0.10698037904204918,0.1061157846869451,0.09115226145235092,0.041117182438623154,0.047201499483090326,0.07190397134537505,0.07342375011484814,0.02197952866826438,0.09257355406814459,0.035554754240921,0.1055178697001208
2025-01-23,0.014099631133493624,0.09757319256878015,0.09343010185295915,0.10675803405689671,0.1090221302372914,0.09071469191200036,0.03949053299551946,0.04635719251283976,0.07259233516490288,0.07343722101207886,0.020378081464293523,0.09210628167268954,0.034818850507551874,0.10922172290870275
2025-01-24,0.013794399080943473,0.09921760711388883,0.09485104605877832,0.10785963347539998,0.10649662183004803,0.09277887289154176,0.037703544567605184,0.04452738903562138,0.07351884573903762,0.07432781992353964,0.020649839953140188,0.09460010177247928,0.03388925307882517,0.10578502547915121
2025-01-27,0.014070660312019301,0.10042381144148613,0.10031187923702402,0.10040460375150193,0.10471141131617638,0.10558722732368857,0.035545733687242724,0.041293612538728645,0.07547959918133941,0.0785059983850409,0.02167636316758494,0.09670422888908167,0.03230382683554737,0.09298104393353797
2025-01-28,0.013605242938632519,0.10066731422722616,0.09908721759072017,0.10169301569683856,0.11087398559936927,0.10347606629480435,0.034663301072395424,0.03955154947163445,0.07657834428419431,0.07724038583398508,0.020848992296837964,0.0956962476656982,0.031061692848856123,0.09495664417880732
2025-01-29,0.013222342963449629,0.09963502348751459,0.0990684463877256,0.10246894031614354,0.10857983461260703,0.10321698932591082,0.03453733585164876,0.04014908071219764,0.07802254119523291,0.07704623643526752,0.02066306881676543,0.09546945929894438,0.030884349632973224,0.097036350963619
2025-01-30,0.013132414559008121,0.0981518201368927,0.09845668635509744,0.10061508584868856,0.11350194250887848,0.10161409543684126,0.03496994709024039,0.040378885484334125,0.0792441111904483,0.07670661298816321,0.019555865874665568,0.09563006103902787,0.03097548319789115,0.09706698828982296
2025-01-31,0.01314341241703757,0.09853647791982709,0.09875788241667526,0.10232612254665957,0.1111570175331894,0.1013398475950083,0.03418076922205401,0.04023499280415143,0.07869056938887922,0.07607494020111236,0.019997217050133194,0.09562785372530408,0.030263637578150183,0.09966925960181824
2025-02-03,0.013228561722538813,0.1012157387548494,0.09799829427459614,0.1024983844172155,0.11066376532976822,0.10043999674660437,0.03509860455249389,0.03927133339442234,0.07881298469903332,0.07587831919674641,0.020306697144067562,0.09632211907309055,0.029844610344468163,0.09842059035010532
2025-02-04,0.013045304002654304,0.10126006498154405,0.09854109925500568,0.10273072406532531,0.10996999661861508,0.09945125383046222,0.034529625187942455,0.04042107232483803,0.07874243742734245,0.07608653770605822,0.020197873126897206,0.09653122524195762,0.030429172297562847,0.09806361393379436
2025-02-05,0.013965080799712338,0.10137890208337977,0.09638787692070974,0.10490569167564563,0.11083951052343297,0.09682391995518659,0.03509284610662261,0.042459084701091894,0.07540069048099979,0.07508920840398305,0.02067651654372862,0.09375824744097325,0.030704551375783967,0.10251787298874979
2025-02-06,0.015503584607254746,0.10135361307866544,0.09435859076283191,0.10841982594741377,0.11050089093358027,0.09346919967859618,0.03676071312952673,0.038271048740569795,0.07771101534246978,0.07600805552559693,0.020226099598320283,0.09564680162698137,0.03113548687132174,0.10063507415687098
2025-02-07,0.015413015755020795,0.10014842893880488,0.09360091854654622,0.1060961398498259,0.11141055919373308,0.0949477189398741,0.03525497814402693,0.03864059661508064,0.07759533990430607,0.07842887115906097,0.018952110096912368,0.09598084128568385,0.031339475157731,0.1021910064133934
2025-02-10,0.014999233156155173,0.10047769718434252,0.09478487607191087,0.10643793038174726,0.11254344979229701,0.09380524397790369,0.034914078932871254,0.038341881760981744,0.07658766762674006,0.07828428229310545,0.01800924658125952,0.09463293490126812,0.031334414952899944,0.1048470623865174
2025-02-11,0.014778228604406552,0.09895997042452533,0.09699629115038334,0.10238348294164645,0.11233819349224712,0.09598542676075848,0.0342268858759115,0.03886125713558564,0.07677682598822778,0.07913357869713541,0.01774165470946249,0.09495871836702484,0.031037404003470912,0.105822081849214
2025-02-12,0.014988252654438297,0.09895254250084762,0.09752440538303674,0.09683122729123537,0.11472083891117785,0.09749358304362776,0.03518105426854005,0.040197153113402745,0.07788391882523953,0.08208263710703406,0.01804599334850468,0.09655561540686787,0.031063866383007892,0.09847891176303947
2025-02-13,0.015053370868439251,0.09869390472265768,0.09782325430993657,0.09680345172642824,0.11605660241717945,0.0990363653731255,0.036496912973254705,0.03870689708383342,0.07801022926906792,0.08268497065463519,0.018808287774281496,0.09496610095652688,0.029024500230786673,0.09783515163984695
2025-02-14,0.015073239422249158,0.09871108548190585,0.09861721627387678,0.0963244312322892,0.11554312729668775,0.09861034675750724,0.03729929418709384,0.03874595577265815,0.07760753904992516,0.08425285579407073,0.018758307845540376,0.09371170104089187,0.029672000333724826,0.09707289951157905
2025-02-18,0.014614598101181197,0.09976204629527329,0.09907856294876669,0.09630282538678842,0.11638266965067735,0.09906993129340323,0.03667382085331703,0.03827983105113844,0.0769391410058956,0.08412767886990638,0.01824995346451836,0.09354740811579566,0.029008686731865733,0.09796284623147263
2025-02-19,0.01472944100376618,0.10106166704185997,0.09881560581894698,0.09747961741131209,0.11809561428260318,0.09927769186304235,0.03380884878015103,0.03720376653229898,0.07745486442655465,0.08361661905806449,0.017152605801509086,0.09586512052727536,0.028414521527679894,0.09702401592493573
2025-02-20,0.014849710433730224,0.10057095559273245,0.10081105909367516,0.09628714847902704,0.11569978306136174,0.1005469008206211,0.03338220833390326,0.04024565931395701,0.07758839818158018,0.08387627691568265,0.017044625160760298,0.09428737358269587,0.02846798184420221,0.0963419191860709
2025-02-21,0.014731393648136847,0.10134894861998185,0.10278855146099419,0.09665440763323747,0.11169328349600073,0.10305793337537573,0.0344853329620131,0.0390416057443528,0.07840779173780037,0.08356502170636237,0.016933645926054893,0.0956434992323868,0.02819463361359755,0.0934539508437053
2025-02-24,0.014437085091623733,0.10140820769719602,0.10336352403378204,0.09875304318815732,0.11128311198192248,0.10430178430846776,0.03304755888027822,0.039020978755593405,0.08030550013412233,0.08348730984426417,0.016755238617996205,0.09513202395155242,0.027221574354766496,0.09148305916027728
2025-02-25,0.014052445303074697,0.10211325437824528,0.10134412359810181,0.100167897704264,0.11039680473600236,0.10395379738086036,0.0325075560323897,0.039801845505063105,0.08108088472506064,0.08214951157026189,0.016624489076661038,0.09586260079319255,0.028705780736679332,0.09123900846014335
2025-02-26,0.014357726587489615,0.10419387812183101,0.10132397893943867,0.09853273069495168,0.11260001046213444,0.1019368533319272,0.0325861367964597,0.03878815138328588,0.08091030391983915,0.08049552767850868,0.01636386117834922,0.09415850100799791,0.029166445515306654,0.09458589438248023
2025-02-27,0.014141545570192976,0.10364985489943385,0.10287339560220993,0.09750991565034127,0.11389358946133683,0.10358499378167563,0.031757273413309195,0.036827933096001915,0.08033758309709374,0.08198735027105132,0.01629918893984576,0.09430407604656749,0.03067227890099201,0.09216102126994812
2025-02-28,0.014413173031087212,0.10320599498415951,0.1019671282716444,0.09701190161829867,0.1149240879754456,0.10228322017239806,0.03192425138057724,0.03850406327048336,0.0813395424781009,0.08107779891765794,0.01629493390656506,0.09280048845344155,0.031026994615900125,0.09322642092424036
2025-03-03,0.014233576339638678,0.10553923150870807,0.10224051004177308,0.09802676118323705,0.11434160506749702,0.10303417394787465,0.03153037572620626,0.037067470312206446,0.08411925632748903,0.07998337756985834,0.015666290124924057,0.094604547120271,0.031309162877129884,0.08830366185318632
2025-03-04,0.014240251595546153,0.10444507256004418,0.1034223941635806,0.09682570312710086,0.11427737522402343,0.1031387544206611,0.03176001470041806,0.037993826767800866,0.08226768404095809,0.07885810950691576,0.015920773402767093,0.09503317218277231,0.031820113504264703,0.08999675480314666
2025-03-05,0.01458987112756597,0.1034987112813987,0.10442288803939168,0.09757797930643457,0.1134560447032728,0.10167229902718389,0.03229526725014609,0.037715073172544744,0.08324342860864876,0.07851434097653077,0.016124678415267362,0.09437253185442776,0.03279130733269012,0.08972557890449673
2025-03-06,0.014141314740308263,0.10382172281033686,0.10586466025125074,0.09634452576143024,0.1102833058597867,0.10465508826466179,0.03234047474725471,0.037983873238181115,0.08129501424179836,0.08187659068719232,0.016603755323237785,0.09430042173639046,0.0323055371580373,0.08818371518013336
2025-03-07,0.013702439380869345,0.10332433622595896,0.10783411828677741,0.09464339900224572,0.10788085697435991,0.10623745692711775,0.03282550893781462,0.04006704031254581,0.07823365593047954,0.08052438885830995,0.01703502601054251,0.09568443474720163,0.03132834926016663,0.09067898914561016
2025-03-10,0.013091122500268051,0.10421893329317954,0.11021742031772422,0.0958997908651307,0.10568274516417565,0.10611639909578872,0.03308507680736682,0.040204064194737266,0.07726833211013516,0.0821430588136572,0.017341456807376993,0.0966021378104428,0.03089201463031897,0.08723744758969781
2025-03-11,0.01377173565833308,0.103843652073648,0.10821317252108767,0.0959118834454109,0.10724159513042247,0.10317129405998338,0.03336655718123245,0.04013380458741131,0.07853273671551503,0.08090559398589335,0.017303068932938644,0.09691642085316005,0.03107731363441563,0.08961117122054803
2025-03-12,0.01371332834877157,0.10378374390769421,0.10903149998387202,0.09673012047778028,0.1099775408563763,0.09891188117965628,0.03440573131491322,0.04125434509671046,0.07890381771624588,0.08019617094644703,0.01730852855677485,0.09560834712133494,0.030494038478969546,0.08968090601445348
2025-03-13,0.013711531021818464,0.10270023984122707,0.10756254879501975,0.09568199046474862,0.1120766473463523,0.09948935170225626,0.03496766213481986,0.04072845726689963,0.07907954938089583,0.07925905558805971,0.01741525604609014,0.09746327552459919,0.0312826843360418,0.0885817505511713
2025-03-14,0.013979416306509554,0.10295613005270805,0.10693443560759917,0.09602108158610952,0.1126678130992644,0.09853136567814375,0.034064954350652134,0.040671015193417696,0.07857918485652467,0.07976681796141001,0.017450800103728556,0.09765234362086148,0.031046802108422023,0.08967783947464895
2025-03-17,0.013759746046396258,0.10250646980198778,0.10612205660277274,0.09529167136226518,0.11695402239470996,0.0973508028394714,0.034065039696458674,0.04072164887513879,0.07936909023700411,0.0781789409157947,0.017778159727136242,0.0981376138530085,0.030190731408062978,0.08957400623979253
2025-03-18,0.013726199160300942,0.10295483102845743,0.10663375233172705,0.09591228470743818,0.1153079551502258,0.09759474425469886,0.033832197820674266,0.03993212951682857,0.07994295250238624,0.07863547104796403,0.01836207336297408,0.09932164063462412,0.03039581690597832,0.0874479515757221
2025-03-19,0.013778419078672475,0.10242101063510409,0.10420910790981625,0.09763166735435119,0.11707766391647531,0.09590893819040443,0.03437919676981634,0.040660114591631005,0.0798730920763139,0.07766254359496956,0.017772994232794995,0.09830152186717693,0.031461486579171,0.08886224320330251
2025-03-20,0.013597660346568294,0.10249319518511416,0.10453071081861473,0.09741514078820111,0.11731158716379587,0.09510328859741657,0.03453468752798923,0.040675036807200124,0.08027453657550347,0.07773371338737306,0.01779406276961714,0.09854802916607744,0.031283471309027616,0.08870487955750114
2025-03-21,0.014667728309500184,0.1,0.1000000000005397,0.1000000000005397,0.1000000000005397,0.1,0.03150640445288498,0.03936731978137691,0.08404749896462645,0.07971500546529656,0.018299888407699735,0.1000000000005397,0.03239615461645658,0.1
2025-03-24,0.015056097282424104,0.10028983216496956,0.09813683931059623,0.10309695605776054,0.09837889214295203,0.09891768571012251,0.03076261255553492,0.039427808425855866,0.0853863454675755,0.07833342331681654,0.018712632952176483,0.09949830158216041,0.03277059918852221,0.10123197384253302
2025-03-25,0.014975644780489154,0.1007385350402676,0.09823793541087875,0.10262081860018175,0.09733093807229246,0.10120726353991125,0.030663967261284866,0.04006018606923725,0.08435017833230038,0.07893900285830617,0.01890415136163852,0.0996089107132727,0.032485275378048246,0.09987719258189097
2025-03-26,0.014913382519882489,0.10183722799115012,0.0989920181134964,0.10058370778501398,0.09735586244664952,0.10492039222758097,0.03145055583622473,0.03941904932874556,0.08513285431923096,0.07975559250384259,0.018894989887285284,0.09951570298616427,0.032887537321721345,0.09434112673301165
2025-03-27,0.014873662486543688,0.10195103911734771,0.1009577639317251,0.10022412181327897,0.09631112962202247,0.10732094663682562,0.031011415760163853,0.03771237589036688,0.08545766347022794,0.0809340983102154,0.019133400533675043,0.10093380347143835,0.03175809271813331,0.09142048623803568
2025-03-28,0.018213513318478092,0.10152837813304774,0.10022885022478029,0.09947276078593383,0.09788565843269643,0.10588385235578866,0.030732067461050016,0.038016925640154485,0.08431456271954292,0.07976259199475422,0.018934844143594715,0.10246139887329468,0.03205707978752319,0.09050751612936069
2025-03-31,0.017410789290882526,0.1018280812167192,0.1001577174917919,0.0996956357286253,0.09932700833313017,0.10642396906140618,0.030653712652440906,0.03708438755383626,0.08598192022026785,0.07960247241599054,0.018456378114578807,0.10317145930318389,0.03150935847983222,0.08869711013731423
2025-04-01,0.017448231445493075,0.1013264825876157,0.09977616790487945,0.09977360536794566,0.10054127237089601,0.10474369218250514,0.030637376762735456,0.03796106717805923,0.0856669257145723,0.07910931758549894,0.018593056763729247,0.10241015885628277,0.031514002729317474,0.09049864255046958
2025-04-02,0.017320702706493565,0.10048984488702109,0.09904489898477391,0.10025971692338154,0.10212062532250368,0.10398401292077136,0.03166585685844736,0.03905271897860307,0.08582005614116948,0.07904914405349009,0.01858261479480081,0.10173975688701316,0.0312230289813913,0.08964702156013965
2025-04-03,0.017764908163032833,0.1015766931551095,0.09979299406504372,0.10002989049423655,0.10060054882784095,0.10733167493601722,0.031262465307697475,0.036461037441309234,0.08568858137707816,0.07626816141803361,0.019074441859839867,0.10624819170660023,0.03178095800983411,0.08611945323832644
2025-04-04,0.01745799140503554,0.1035930771543281,0.0996881721769613,0.10069117052367302,0.09709790960297125,0.11162571563965669,0.032701668566046005,0.03718210577118108,0.08585278950621708,0.07549303371269571,0.019581695163457896,0.10680905031063352,0.03207920369335505,0.08014641677378778
2025-04-07,0.017540783870216247,0.10270659106551436,0.09918166455658127,0.10240615340442287,0.0993265896336994,0.1086530570601662,0.03242368798170352,0.03734465221035382,0.08439525033400462,0.07478787634800856,0.01939425741321055,0.10604087295195777,0.03234247748863775,0.08345608568152293
2025-04-08,0.01780380124343704,0.10435698442960481,0.09871236067072181,0.10289884792201598,0.09958105670491674,0.10882772324544279,0.032828470568368046,0.03703203518944004,0.08383305499079709,0.07315167443999594,0.01895744150432099,0.105975685124439,0.03373436701388309,0.08230649695261662
2025-04-09,0.01766306766486821,0.10164020281372013,0.09845125538513294,0.10398581231851094,0.10021075890889611,0.10657479813958491,0.033270071407373265,0.03803989620555367,0.0846495173954159,0.07422078311679339,0.018648473304920733,0.10310092993285683,0.03522801514804964,0.08431641825832355
2025-04-10,0.018035400715843582,0.1023902084393946,0.09841407948794847,0.10286646446153651,0.09954053150985971,0.10868611737115623,0.033100456083605956,0.03696064957259242,0.08370652084024233,0.07394119640107132,0.01850109605796233,0.10532720612296001,0.03640545192717401,0.08212462100865264
2025-04-11,0.018974900857172225,0.10186612873999265,0.09841276012737533,0.10370300101791684,0.10076326650132673,0.10969534003219372,0.032205566045811804,0.0357612715778875,0.08308828570050673,0.07291364781256937,0.018085169436589082,0.10548378800459303,0.03683969537359053,0.08220717877247434
2025-04-14,0.01873226524113554,0.1017016791949424,0.0977895288627094,0.10389110124092235,0.10032009374215858,0.10776121955964221,0.03400815567624885,0.035725286206571484,0.08323774924615383,0.07257056336554724,0.01786800253083208,0.10643320998817757,0.035951808589016344,0.08400933655594188
2025-04-15,0.018292100583707494,0.10214559834167315,0.09705155521378311,0.1048574175574014,0.10176276255970282,0.10590946166723571,0.03324025930396748,0.03535714960807661,0.08312529506654354,0.07298136644923862,0.017777753281384784,0.10529385301999357,0.037337234100510264,0.08486819324678152
2025-04-16,0.019103536228365,0.10186346149935212,0.09569616706621525,0.10435021134099351,0.10313735240123464,0.10515960997017602,0.03353018917589016,0.03518777935866207,0.08352997001291067,0.0727386607457813,0.01742210085929853,0.10568360643638929,0.03765691451724556,0.08494044038748573
2025-04-17,0.01873736819470145,0.10112479959961715,0.09571677801097161,0.10456711724142166,0.10202693906077673,0.10557897584491359,0.03298651786689902,0.03551631157412137,0.0830524125873586,0.07329088933085733,0.017491641381037634,0.10506146150384098,0.03782431894284067,0.08702446886064218
2025-04-21,0.017587339941820924,0.10124633978673146,0.09746176329230428,0.10346094233032928,0.10385772827050434,0.10793425460101952,0.03174945253069598,0.03410940890122142,0.08343886097453009,0.07471098731366707,0.017549769911469545,0.10502677649202394,0.03731864513268273,0.08454773052099943
2025-04-22,0.01740079845686902,0.10099344575169583,0.09659566036552147,0.10329250901322647,0.10441017484281938,0.10769282350802606,0.03242659374417242,0.034295955657854794,0.08266848884779661,0.07495302145896969,0.01768639519985635,0.10432232356091213,0.03663657327714039,0.08662523631513938
2025-04-23,0.017656597606114238,0.09992951924189467,0.09573264614262006,0.10368998251330563,0.10312334523955376,0.10496617102360782,0.032912287892140075,0.03505074466145451,0.08232960957348905,0.0747950698197881,0.017814227249869172,0.10501805498240072,0.036752069433916096,0.09022967461984595
2025-04-24,0.0177469088977158,0.09942185097263197,0.09507101327641633,0.10479996542900959,0.10553818806360064,0.10424904865591847,0.032814879418032884,0.03435752490617702,0.08138740104679673,0.07459567468153722,0.017925918698159266,0.10300793551295,0.03653858192353376,0.09254510851752024
2025-04-25,0.01761748795805761,0.0995413911803383,0.09349402422198784,0.1080142032568529,0.10651166958696974,0.1017715692506948,0.03300449371171988,0.034442417753767225,0.08099608010825357,0.07318014238521035,0.01775646410022497,0.1025623321692164,0.037127915529896915,0.09397980878680956
2025-04-28,0.01781798159420596,0.09969733213030345,0.09345931147973482,0.10750670912613523,0.1062280391017268,0.1015345396264632,0.032656391282953154,0.034324360276191186,0.0820009693248034,0.07309834330532845,0.01770077609143506,0.10402815665209048,0.03670081748829602,0.09324627252033259
2025-04-29,0.01781890020269257,0.09994226799362531,0.09389425057464174,0.10754437644972423,0.10591665898153853,0.10137488891420926,0.03240774593858368,0.0346452739178016,0.08245776534411593,0.07320969721465001,0.017629767778000717,0.10403678596795318,0.03641727448483725,0.09270434623762602
2025-04-30,0.017875153506200434,0.09699829637521737,0.09530981391523848,0.10795751192368842,0.10605787788445074,0.10261010108363786,0.032231834545225026,0.03466811894170672,0.08250827890949518,0.07316352117360926,0.01742739304103092,0.10451102070629573,0.036544966518529724,0.09213611147567424
2025-05-01,0.017729280517580288,0.09590385306692045,0.09380731296820653,0.10925685141617238,0.10497617067146443,0.09305055345645258,0.03326509781864911,0.035444204125194015,0.08325372480337025,0.07223778670252329,0.017435423712643797,0.11023399331332162,0.037524181629736524,0.0958815657977647
2025-05-02,0.017720429114690187,0.096805301009884,0.09007797971687463,0.1090812370099652,0.10539048989706726,0.0934548067219311,0.0366217880780171,0.03558222875134026,0.08485953598369698,0.07397768675238425,0.01722198400999985,0.10634908713068227,0.037622037241237104,0.09523540858222991
2025-05-05,0.017866092833350184,0.0974761801349717,0.08922405441835139,0.10911444566820253,0.10595322891752149,0.09243065686317226,0.03633523563063088,0.035416635654614184,0.08585250760720822,0.07524786059893246,0.016848219972171674,0.10623061367872026,0.03756840919458133,0.09443585882757141
2025-05-06,0.01849043282212216,0.09736869328564314,0.08959164946974538,0.1081041721127216,0.10655744444124246,0.09140706670232294,0.03640819234255609,0.03558603672493713,0.0870552977733787,0.07470316255995219,0.01683613426324624,0.10517476515932776,0.03905761771212896,0.0936593346306752
2025-05-07,0.017932188637831453,0.09677897099017628,0.0899360598861829,0.10787493828484382,0.10706363549084803,0.09161249996715638,0.0362702830097619,0.03566627729356701,0.08646060795034768,0.07381350153064457,0.01529685596666826,0.10612494221177855,0.040384014670910684,0.09478522410928246
2025-05-08,0.01813954039441472,0.09740736393610229,0.09065208529921998,0.10882171145084184,0.10283872923814434,0.09139789567794758,0.03769039651360666,0.036130198693033085,0.0871699249998167,0.07395593882199926,0.01541393172346167,0.10613598339392556,0.040037480198227324,0.09420881965925905
2025-05-09,0.01807225611941492,0.09708716129565176,0.09151062655411793,0.10780618013132984,0.10435560791130549,0.09182371952707313,0.03665270512492056,0.03666059590628827,0.08767035329553671,0.07485953696424437,0.015156460206402846,0.10605995318257971,0.03968275692158534,0.09260208685954899
2025-05-12,0.017314298957362084,0.09648547397905705,0.0908551584316405,0.1069253434258357,0.10395886210284264,0.09325903970915597,0.03704929753933695,0.037540292928003836,0.0862281748495487,0.0774114952330604,0.01554605644166973,0.10335013759807615,0.03906412397577978,0.09501224482863045
2025-05-13,0.017221912708416644,0.09658004084904695,0.09043605708286494,0.1068815109393496,0.10472248203543241,0.0923292513470199,0.037760232402042904,0.03753028822966344,0.08566579122748516,0.07676881709278913,0.015635881689086837,0.10354198570854826,0.0387051532705931,0.09622059541766056
2025-05-14,0.017647224905964022,0.09521620211393868,0.08988731442513762,0.10696373323708436,0.10437921831964878,0.0920001558780215,0.03696698414176638,0.03763622992215645,0.08593431439864238,0.07694937889110814,0.014826397151215875,0.10327373944731832,0.03864280712235721,0.09967630004564026
2025-05-15,0.01828333606452645,0.09611348833258865,0.09029765987032362,0.10750435382459755,0.10429405046975715,0.09336192539041867,0.03662228915752006,0.037149897438645496,0.08614192595672973,0.07623700795110941,0.014430716685536596,0.10375218395689882,0.03865299959304274,0.09715816530830493
2025-05-16,0.01850631696090578,0.09614910350065044,0.08980982059347677,0.10792876099281086,0.10330563901466346,0.09348414597257895,0.037291775901710476,0.03744815719188979,0.08620883263330319,0.07605686875858463,0.014685749974267387,0.10371338261988357,0.03890409935835043,0.09650734652692439
2025-05-19,0.018526004441823424,0.0959756244964952,0.08993268033601638,0.10780322289138876,0.10781574775112092,0.09312608056032674,0.03514276713242104,0.03727884636110422,0.08594725920751504,0.0750084921506491,0.014648517853506435,0.10363815122823698,0.038323165180581514,0.09683344040881425
2025-05-20,0.018566965862921933,0.09637549949596555,0.08949480436292903,0.10811809809478158,0.10834094305542252,0.09266676778515044,0.03489094885343749,0.03763671874872154,0.08632985759873114,0.07428748586930249,0.014490648360561955,0.10354570079716124,0.038538963591105105,0.09671659752380787
2025-05-21,0.019286383248267522,0.09674652480578903,0.08958015418548504,0.10858963174746317,0.11144117949703874,0.09272336754502321,0.03465466500661661,0.03400335697421626,0.08641741948704844,0.07340404236854284,0.014293740284982728,0.10458409839075203,0.038239026770222284,0.09603640968855207
2025-05-22,0.019839898897769024,0.09581875732899164,0.08967847034336145,0.1083750149386327,0.11330075396495631,0.09508776325033133,0.034315375209861464,0.03311133715600113,0.08426132633962609,0.07469965046777152,0.014249013745781771,0.10177458817667814,0.03847600327607739,0.09701204690416006
2025-05-23,0.020197248427828118,0.09593554605277788,0.08888336089754763,0.10953786773975523,0.11374760443871958,0.09460850999443281,0.03426712243023773,0.032662860812202044,0.08445691831387594,0.07446599090960172,0.014213881546604567,0.10235618830041521,0.038554824357442063,0.09611207577855946
2025-05-27,0.020427864534401555,0.09579924216462951,0.088388619555132,0.10979963814698479,0.11226547563812694,0.09382935005781143,0.035062123616592104,0.032698532446435245,0.08383433676328941,0.0743207249505438,0.014359583845896447,0.10163299570577629,0.0390103967546127,0.09857111581976785
2025-05-28,0.020516509016880367,0.0951346306158491,0.08829857046497466,0.10829363392237448,0.11635027225549757,0.0936194478564209,0.03452848448599237,0.03237928086339572,0.08418388075257968,0.07405369864679419,0.013816122624106874,0.10158214684563548,0.03850024668891585,0.09874307496058277
2025-05-29,0.020328749712621566,0.09530487944968423,0.08822592259441395,0.10929395310337991,0.11324600353827115,0.09427855901297087,0.03530711514558503,0.03265114425974585,0.08490013467236959,0.07459340353462934,0.013605524141327357,0.10173395922741878,0.03825497378838089,0.09827567781920148
2025-05-30,0.02060271970762857,0.09605795956478166,0.08723672284119119,0.10931470379909927,0.11387665860935743,0.09268801235811648,0.035833685348662415,0.03243383933641292,0.08497244111881488,0.07387806758671049,0.013633921961008806,0.10278445759576789,0.03870689254862554,0.09797991762382255
2025-06-02,0.020531891912659382,0.09563201658139737,0.08678526584948958,0.10871416317062386,0.11673004293339556,0.0905793831272105,0.03627464849549285,0.03173471115992386,0.08514767780153279,0.07252553326684709,0.013832310771348836,0.10359138733801726,0.038863141923860145,0.09905782566820101
2025-06-03,0.020823903495921996,0.09587483360507425,0.08627651727977856,0.11042061544743105,0.11538918623652507,0.0901582742829183,0.036436480242653245,0.03223708381782685,0.08462294857395197,0.07231424019602294,0.013474300037675522,0.10399916377837047,0.038865314559870114,0.0991071384459796
2025-06-04,0.020767358787054224,0.09578313235517677,0.08662957409210856,0.11091621443179463,0.11436631687961675,0.09040267719382382,0.036141565164913944,0.03185195264278496,0.08353577149803189,0.07253081887813183,0.01379069684404486,0.10483404097954167,0.03882789168152765,0.09962198857144833
2025-06-05,0.022451238460635486,0.09582764355120553,0.08621334850372817,0.11110628766469927,0.11302957652680212,0.08959678085104125,0.03662775901992386,0.03199979784444654,0.08430020164840721,0.07222248711922312,0.014175035079528237,0.10466653222581138,0.03896803795128554,0.09881527355326217
2025-06-06,0.02265605076667862,0.09503023552002565,0.08598465001665877,0.11119674249988042,0.11123118991795194,0.08955898699574051,0.036653274113916806,0.03187233725266816,0.0850146652325225,0.07281343997246169,0.014552995601934834,0.10322117825948422,0.040393243379631544,0.09982101047044435
2025-06-09,0.020562376756701188,0.09358866870179798,0.08594619878055705,0.11125091228140019,0.11207800360839719,0.0905359077191743,0.03717586889685719,0.03143654650959561,0.0857984641278147,0.07439039568421059,0.014773750880049234,0.10342676957782618,0.04045026130074138,0.09858587517487724
2025-06-10,0.020283729261389546,0.09400136296821496,0.08731125062854424,0.11018860720478946,0.11072106372179234,0.09128071021549358,0.03667221084423944,0.032532364964226415,0.0854231200221922,0.07551113773374075,0.014757872371614748,0.10348580152410607,0.040428435467207355,0.09740233307244898
2025-06-11,0.02129074572075313,0.09331669313399503,0.08605189697491133,0.11010816404344748,0.11289664197349418,0.08971434690549916,0.036282013419157925,0.032654155186108376,0.08613389480293056,0.07476268554964065,0.01497085085151734,0.10357811046680447,0.040815706774068705,0.09742409419767158
2025-06-12,0.02093508713340866,0.09292874824952353,0.08635338026666364,0.10987245305167427,0.11265991436045315,0.08921954903881994,0.03594515967923365,0.03329199482271688,0.0853604839068734,0.07521895283308595,0.014814259466500522,0.10323675116899489,0.04033039184964384,0.09983287417240762
2025-06-13,0.020842422580053407,0.09490402198448325,0.08600792190606421,0.10974509519193186,0.11240080115114165,0.08862583815064114,0.03511427681904466,0.032751238981170244,0.08621277353417826,0.07472480783526526,0.014680364922940267,0.10489722934059606,0.040805687218099546,0.09828752038439019
2025-06-16,0.020422347956866725,0.09428683859309,0.08758783764428489,0.10890776687214539,0.111863313321956,0.08869921522177601,0.035439533609387654,0.0326364537940212,0.08490002078416171,0.07526250647517826,0.0148555288611847,0.10339219168003404,0.04104986557979575,0.10069657960611765
2025-06-17,0.019938881344917468,0.09390825697900566,0.08622151079020406,0.10831951920423105,0.11269902407756138,0.08907013294977299,0.03581298976274925,0.03215582420178238,0.0849040682719573,0.07510953122596,0.0138235918462565,0.1030115726980743,0.043632977213347295,0.10139211943418037
2025-06-18,0.019196633700671477,0.09379236463393661,0.08646379931173365,0.10797230594413776,0.11186518167553101,0.08993234626913287,0.03583905708075972,0.032570364278043155,0.08505319794706595,0.07503399333437903,0.013525413526456994,0.10252914090693935,0.04373034869741605,0.1024958526937964
2025-06-20,0.020001449456676337,0.1,0.1000000000006096,0.1,0.1000000000006096,0.1000000000006096,0.03411042365608231,0.03266701400280081,0.08523486802499199,0.07220335762486328,0.014954117060543089,0.1000000000006096,0.040828770171603836,0.1
2025-06-23,0.020367937888943505,0.10091525279028828,0.09956880718490632,0.0996748430726005,0.10165729933155897,0.09876475642903473,0.03473390884002144,0.03250670783420281,0.08581196079878822,0.07197328731434187,0.015199894326621888,0.1003506437577382,0.04119209527658131,0.09728260515437201
2025-06-24,0.020464010170664154,0.09964442477503099,0.10005371639371408,0.09934868331453285,0.10132122897238571,0.09832833723150798,0.03509618340870231,0.032603632111437034,0.0852450411842068,0.07173832056176427,0.015496603682469324,0.09961727477785172,0.041497432483647755,0.09954511093208503
2025-06-25,0.019989698339251707,0.10039664279501652,0.10039447337536136,0.0987987515824264,0.10028438328719931,0.09802252043231525,0.03446458693970158,0.03351596599785547,0.08528956011942608,0.07185793817229073,0.015865867017929695,0.1006727187830397,0.04082968748097743,0.09961720567720875
2025-06-26,0.02034800278466986,0.10093952982595593,0.10055848495278683,0.09919050920322618,0.09954072219822817,0.0979557438614283,0.03415553052911473,0.03285228741646438,0.08495996658008233,0.07187532288976597,0.01630324671419034,0.1006032674401596,0.04089871573059108,0.09981866987333642
2025-06-27,0.0204209147189467,0.1027309534698965,0.10021311711403573,0.10063806935937791,0.10043675500711481,0.09643507406245863,0.03423849080612508,0.032155466019497994,0.08423092049195426,0.07081351851371546,0.017095123865888733,0.0991963275890923,0.040735477081642095,0.100659791900254
2025-06-30,0.02041764739500461,0.10331408869969932,0.10091675184707598,0.10069475559747418,0.10183112751775368,0.09665007284754244,0.03469138843045481,0.031134663537176446,0.0831013843244888,0.07048554481953331,0.0167440512812975,0.09816757059341878,0.04045610409798238,0.10139484901109772
2025-07-01,0.01922077653334944,0.10464568242191291,0.10252508465445573,0.10002040165449634,0.09929295273473683,0.09924113745381342,0.03443109196244562,0.03171173928658547,0.08382104387973513,0.07087845693435142,0.0170672149766648,0.09859408840882669,0.03978700304153746,0.09876332605708874
2025-07-02,0.019120660999085267,0.10517095183855238,0.1020557021045148,0.10008834342860388,0.0979228298004182,0.09901128241609886,0.03505259158465069,0.03256042667153156,0.08324205730369556,0.07121535770147416,0.017567437643456096,0.0976554339632917,0.040423594222148404,0.09891333032247836
2025-07-03,0.019236559311634014,0.10432093364769776,0.10124324817399853,0.1001830458132202,0.0985706708851893,0.09715762478822716,0.03532771495107656,0.032640039659493726,0.08291822937402646,0.07118712685013436,0.017050946778557282,0.09920212958665538,0.0410384758534541,0.09992325432663529
2025-07-07,0.01917408127865905,0.10518224318631478,0.10043897167391991,0.10057240754840213,0.10114442663676451,0.09679423146950218,0.035314637334710366,0.03130917397734137,0.0830457360370635,0.07099173374817004,0.017079970452534298,0.09902141766641064,0.041142862999653265,0.09878810599055404
2025-07-08,0.018777702346885083,0.10489069872753343,0.10128882008962636,0.09931077160574979,0.10230264118783323,0.09792098013307603,0.034546360729376134,0.03137658213592411,0.08245321952957245,0.07180009996935341,0.01732931740765775,0.09829610076937546,0.039891447724822046,0.09981525764321451
2025-07-09,0.018911148467711594,0.1045060016725168,0.10079927300126523,0.09955831589895302,0.10209535456563851,0.09823419860124376,0.03523828594895274,0.03094955653162797,0.08180184804305851,0.0717485877670804,0.01683370284571757,0.09825446842512155,0.04055792545994395,0.1005113327711683
2025-07-10,0.01922991738694427,0.10545129521312008,0.10087493406298398,0.09990539353900799,0.10355401754144065,0.09982074073145782,0.03619884900438847,0.02931830294910152,0.08220687679536597,0.07169068044472235,0.0169717125693197,0.09835238033637707,0.04135571732764909,0.09506918209812111
2025-07-11,0.019483828910216074,0.10602796484104182,0.10102103517258397,0.10028192726505662,0.10279803465500836,0.09825030194945805,0.035691769997989925,0.028846392518766174,0.08228544149272976,0.07142834185510631,0.01677159582719169,0.09861525047362116,0.04199454588336991,0.09650356915785999
2025-07-14,0.020091075256912814,0.10582674463064798,0.10025922220026404,0.10055838737895081,0.10515648121772411,0.09675322948633139,0.03518391856702916,0.028540833915114992,0.08274694786404418,0.07097005135683762,0.016465928822037318,0.09882468999557412,0.04163321849307428,0.09698927081545726
2025-07-15,0.020327825643624283,0.10443562525344842,0.10090683319389959,0.09975556076969021,0.1060145275242561,0.09670497247940148,0.034839967068482226,0.028011414842827494,0.08260221252621076,0.07062749488944507,0.01676125910116976,0.09879532383391683,0.04115490571329824,0.0990620771603297
2025-07-16,0.019350260155788206,0.10462916250468549,0.10035272427714689,0.10047226434421261,0.10564077232163398,0.09682594074717048,0.036956179858668524,0.028245478396975013,0.08320251698016472,0.07003574912762772,0.016992891964705634,0.0987364815921408,0.041721448415314444,0.0968381293137655
2025-07-17,0.017946446596617753,0.10271501917875805,0.10242288368813474,0.09864449605102284,0.10458145690547534,0.09855628480682377,0.0363287473851012,0.02935758585976938,0.08202409357143718,0.07076250047492601,0.017992002990907485,0.09824793480082476,0.04181452985820715,0.09860601783199441
2025-07-18,0.018242282272932082,0.10400466372779606,0.10200213667501404,0.09888153368425312,0.10542553027894996,0.09707497306990338,0.036426289557984805,0.029491453824049264,0.08257527572698113,0.06959337249346038,0.01741254489264345,0.09977828701125001,0.041986955359233545,0.09710470142554875
2025-07-21,0.018548677995283536,0.10479784699647292,0.10243043703215973,0.09897440636300424,0.10552809598851894,0.09685931570248263,0.03530374761371347,0.028729474890133864,0.08288652466277839,0.06992696744047339,0.017044425805538835,0.10028498590751861,0.04206517007750383,0.09661992352441773
2025-07-22,0.018541592772278407,0.10546349013774406,0.10299774683954144,0.09755899002686522,0.10332958247974033,0.09925167308779562,0.0351677609384823,0.029047160573185796,0.08289063380497998,0.07016215027000722,0.017163732209600914,0.1002370464936796,0.041481075839341276,0.09670736452675785
2025-07-23,0.018671096913392502,0.10368019618983783,0.10070396804925445,0.09598765262452205,0.1134992507721689,0.09639561963022952,0.035405804918287105,0.029288139548568355,0.08335865796019234,0.06907986533466141,0.01754113697472271,0.09852948133104,0.04157004176814954,0.0962890879849732
2025-07-24,0.01924496475475236,0.10383059580254475,0.10122404372046723,0.09844219224204155,0.11156924976528262,0.09627076236286601,0.03572328283836824,0.02881573454885173,0.08238381570908529,0.06897436609816138,0.017817683029180263,0.09830322045844817,0.041234912177317326,0.09616517649263302
2025-07-25,0.019204983942980414,0.10755612011989661,0.09735809054654852,0.11335190963115227,0.10893585928439481,0.09192973860416245,0.03672785959935017,0.028793922615906638,0.07973389007285812,0.0663628255265115,0.01739097111879166,0.09604923116750434,0.041260090297072956,0.09534450747286956
2025-07-28,0.019203105824543876,0.10709108381728706,0.09741265308190476,0.11395764824307274,0.10933714774074312,0.09080078121271866,0.03616941428494124,0.029259155517562065,0.08004152075126106,0.06675302487388975,0.016958607019186913,0.09372705564185048,0.04055992342409049,0.0987288785669479
2025-07-29,0.019439561543193772,0.10823194658913822,0.09720305121718821,0.11338260156232784,0.10727113343058833,0.08912496164110412,0.03521967458906558,0.031196602737624753,0.08093833864150085,0.06758338079770988,0.01640706573026775,0.09395736411061292,0.04077100699206173,0.09927331041761603
2025-07-30,0.0193770633955009,0.10754046472717989,0.09607405555490112,0.11488796649640397,0.10983642673616105,0.09019780844553864,0.03545566047822989,0.031319974057149334,0.08067462836723878,0.06603502028249364,0.016027049102696752,0.09307661951381986,0.04023464984589727,0.099262612996789
2025-07-31,0.019625742585993408,0.10502094726333241,0.09434518573698246,0.11444987270047029,0.11024443848930661,0.08991810747941069,0.03569623792881131,0.03696749843580232,0.08005562575597165,0.06543294056488616,0.01641236294736307,0.09142727838506046,0.04066974944614822,0.09973401228046097
2025-08-01,0.01827741704693141,0.10591401746396735,0.09452512520481589,0.11445633417523786,0.1107322765621726,0.08848849568450527,0.03588902078793422,0.037012647852326455,0.0747146394527881,0.07580854125851243,0.015945800310016706,0.0898439993728079,0.040393067802338985,0.09799861702564475
2025-08-04,0.018007279193342277,0.10576620763811195,0.09484035306733113,0.11394781763700662,0.11122005765865026,0.088607626916872,0.03475512184680684,0.03817028339956304,0.07567548687136302,0.07577869831389218,0.016000951184918514,0.08906889987596926,0.04161105228598905,0.09655016411018384
2025-08-05,0.018955412288246723,0.10606800960829807,0.08868231887571382,0.11419132711744052,0.10996544838588682,0.08901734050600016,0.034465867438863304,0.03907668649610891,0.07622714773360784,0.0759102776175725,0.016604985957196495,0.08877907094326219,0.0457052213111015,0.09635088572070111
2025-08-06,0.01856605844434349,0.10540434559488397,0.08901004792212204,0.1135609909309235,0.11220835181878099,0.0880544369889262,0.03345064835211204,0.03790516680499316,0.0783399274738638,0.07626785045138318,0.01595448427681637,0.0883429223921636,0.046011837772968,0.09692293077571959
2025-08-07,0.019141728020510933,0.10491936747941978,0.0897198012340315,0.11488332774257014,0.10956702965019735,0.08708471478410217,0.034659937063379075,0.037647485620858005,0.07870152063753369,0.07554435051332559,0.01639796176677992,0.0884854637368523,0.046272018238654185,0.0969752935117854
2025-08-08,0.019461392735547797,0.10483578173119407,0.09021240292159083,0.11424113490833097,0.10978673953130291,0.08708193132635793,0.0347325946746967,0.037916124117950575,0.0778146407078719,0.0749725484985602,0.01712285052841977,0.08807955410629342,0.04665483332350392,0.09708747088837906
2025-08-11,0.018631764679359546,0.10484502709915532,0.08997300859540619,0.11484277974503107,0.1106058030181566,0.0872661473581079,0.034686815825727565,0.037459652478427384,0.07712820129638774,0.07545429543159399,0.018697967590725326,0.08800854633360555,0.04484784550245523,0.09755214504586056
2025-08-12,0.018951066792973852,0.10470804185701574,0.08805819202055493,0.11571820999769174,0.10855782695898031,0.0877339283896635,0.03551491029384654,0.03853418719688371,0.07716291652050337,0.07583272738032515,0.018448018667168917,0.087133370706097,0.04636088685460551,0.09728571636368955
2025-08-13,0.018645460774719975,0.10424811636303288,0.08857494985532277,0.11561790765098733,0.10707570899291566,0.09206314987833128,0.03564012592278347,0.03937634445327353,0.07762611491327044,0.07646222506966166,0.01816938064184127,0.08644564621035922,0.044938545184266515,0.095116324089234
2025-08-14,0.018490373001938606,0.1052398845134057,0.0895157846392087,0.1152414686557427,0.10728639479775082,0.09235008760987672,0.03492401077472943,0.039357319951863694,0.07744105946135857,0.07707117834030325,0.018199678642412256,0.08734992039588786,0.04418959096597937,0.09334324824954239
2025-08-15,0.018583321623921678,0.10505942272916752,0.08932626897628733,0.1148389768166054,0.10767880180461832,0.09098632060821307,0.034895192588322764,0.03947349475189505,0.07797341075155437,0.07618092533163041,0.018256104766822236,0.08884358743383744,0.043394538301871864,0.09450963351525252
2025-08-18,0.018501624844393258,0.10504408738412895,0.08880527460104436,0.11584232892909398,0.10685458306844922,0.09089362617331481,0.03500897089923181,0.03918417203891387,0.07734355505674627,0.07646597447806586,0.018308941510517724,0.08841385995023536,0.04413881646605466,0.09519418459980976
2025-08-19,0.017931973188722306,0.10611060487943508,0.08945237050127387,0.1164726822340664,0.10514693607976479,0.09273921835336602,0.03436538622543214,0.03927013487881858,0.07758505958906457,0.07691863362836338,0.01848178580879904,0.08923072831404386,0.043890149667267245,0.09240433665158262
2025-08-20,0.01818868060466164,0.10665413422409177,0.08936815116950941,0.11656326099626163,0.10621451820525908,0.09300198633382915,0.034236573940404885,0.03894253822137974,0.07678744071366139,0.07734193568154397,0.017896994025050187,0.08889964400325366,0.04398932384054084,0.09191481804055258
2025-08-21,0.01829178514402228,0.1069741933390036,0.08874231553995417,0.11822406034017324,0.1059581843691173,0.09187963702414277,0.03484293803741895,0.038773544612432057,0.0769505040366417,0.07692857129292148,0.018188648555565862,0.08913430920739036,0.0442667889820469,0.09084451951916933
2025-08-22,0.018627128321230296,0.10587065801204074,0.08833899743596885,0.11615948508784664,0.1049953692537579,0.09366877445316486,0.03593335624291621,0.03991091903408625,0.07759194087744331,0.0779145329891279,0.01885345629430681,0.08860890032823793,0.0441146144547709,0.08941186721510126
2025-08-25,0.018905308914542406,0.10576767123763686,0.08808941376572453,0.11661676767217248,0.10429549646854257,0.09326676094944199,0.037297233576357884,0.039370589776748455,0.0777758340646688,0.07747519710601034,0.018603405595059817,0.08843359958793157,0.04518066364605146,0.08892205763911093
2025-08-26,0.018747718384273727,0.10519924440898316,0.08768071043286794,0.11688053310926942,0.10617608304755222,0.09226010954483804,0.036954268524543435,0.03944624511741457,0.07847497869976326,0.07699486333829726,0.01921319117846876,0.08774117382449083,0.04525087446887254,0.08898000592036481
2025-08-27,0.01844289498829355,0.10612552824949525,0.08756481213708785,0.11735840624736305,0.10565257808940716,0.09308250216550726,0.036805980092656475,0.03914841384971579,0.07734494208828656,0.07723372309321715,0.019339933526464854,0.08721780489667862,0.04474559294194289,0.08993688763388358
2025-08-28,0.019367421461073536,0.10562110380283693,0.08698515149660206,0.11865035254410938,0.10561053335115578,0.0913694342178341,0.036948247186772754,0.038970052307540845,0.07790291880755332,0.077109238528176,0.018802973574962786,0.08672091982623875,0.044161319155831505,0.09178033373931233
2025-08-29,0.01886639523545428,0.1069174092914684,0.08817656535366153,0.11780119969976292,0.10546263189268451,0.09111503337444944,0.03633304353383248,0.03846016267356484,0.0791159997244447,0.07768751148835391,0.01890702214202071,0.08758746945398038,0.043576288815196686,0.08999326732112517
2025-09-02,0.018757791021038823,0.10845462102699238,0.08804433379213826,0.11874060552452922,0.10109707825342318,0.09229478857153747,0.03681300817239767,0.03841881951131528,0.07947065453382612,0.07801201469557233,0.01911524277528452,0.0881232710373379,0.04392643844613049,0.08873133263847631
2025-09-03,0.019016824656530124,0.10953257138697702,0.08785483683228598,0.11923116327217799,0.10065387849822896,0.09188059760141909,0.036171512117879966,0.03834249880439675,0.07932616969716452,0.07800239721790458,0.01855672698947943,0.08798585265285222,0.043575833115036454,0.08986913715766684
2025-09-04,0.019500920523693895,0.10954686108135307,0.08721819882062187,0.11932602757180333,0.10215370478281782,0.09162405117710053,0.0370252801946589,0.038054969875573295,0.07885580761633806,0.07832868856051532,0.019170395734261558,0.08642706401047541,0.044801819916306315,0.08796621013448064
2025-09-05,0.017581048296273293,0.10844539037310275,0.08870098123761445,0.11928086213010436,0.10064376064690682,0.09275386046567163,0.03665530451262298,0.038424905806633505,0.078072940673024,0.08021630307219878,0.01921198530191288,0.08686913707740716,0.04506823043042249,0.08807528997610488
2025-09-08,0.016863728500532398,0.10734207974867896,0.08841099719678765,0.12016698523650118,0.10329010491161905,0.09248019202396322,0.037974820490275035,0.03923860431335969,0.07708744840471604,0.07965745841983461,0.019424321036146195,0.0870367509982424,0.04499862522225869,0.08602788349708482
2025-09-09,0.01792106730280697,0.10747881247710975,0.08789349277931777,0.11904946841372635,0.10404418097691778,0.09234931421818968,0.037755218560138255,0.03910436519054787,0.0761474305869722,0.07851418214466316,0.01972186722355208,0.08653481122977355,0.04498024386232815,0.08850554503395638
2025-09-10,0.01760154779117301,0.1040752081072892,0.08707969483587592,0.12019956410948063,0.10528078773456397,0.08905574986836218,0.03786415376552148,0.04072712203148316,0.07884836079097436,0.0777062243396186,0.01880910336919064,0.08604393385049311,0.04488307629254693,0.0918254731134268
2025-09-11,0.018237267741719434,0.10459183734036837,0.08620027287738119,0.12134169740179035,0.10336183043032642,0.09035101876194383,0.03738091989646018,0.039433416445245166,0.07816580293661742,0.077949383606675,0.0197216598989241,0.08560482648336179,0.04701812055843172,0.09064194562075485
2025-09-12,0.018213331214121244,0.10372542090036212,0.08838385312064945,0.12098257052514223,0.10288582640009865,0.0884490819195302,0.037658219442489343,0.04036700433618594,0.0790511227428961,0.07787173607067528,0.01971653360704457,0.08477661427663082,0.0469865130001117,0.09093217244406258
2025-09-15,0.01855772533699008,0.1018786801294309,0.08931680738916314,0.12332781542067021,0.10167230083508699,0.08720060620980044,0.03637834794382632,0.04052216021302994,0.07921233043143538,0.07794382232807358,0.020283732800837718,0.08415933377319881,0.04772417030912065,0.09182216687933599
2025-09-16,0.018732866465803487,0.10144945465823117,0.08906014843736426,0.12437970783177296,0.10086488889136962,0.08739785730183974,0.036376032164968916,0.04114431398268115,0.0795053958485656,0.07847887214344548,0.02023828675637955,0.08331492922061624,0.0474587030189543,0.09159854327800744
2025-09-17,0.0189702133388397,0.10181964518301295,0.08778411301546343,0.12206418554914489,0.10110487692996192,0.08762003885387974,0.0360182761435019,0.041137293942708,0.08059656089598195,0.07930237358366041,0.01987417332473041,0.08334872146273256,0.04803467209491994,0.09232485568146193
2025-09-18,0.0198793438578606,0.10044505778701905,0.08698350335343905,0.12416206543429363,0.09740217561110073,0.08625157515100748,0.036506680503461245,0.04151841722029442,0.08052396401194001,0.07856494004471577,0.020365033914550332,0.08399777258778038,0.050612810840122,0.09278665968241541
2025-09-19,0.01554453585610593,0.10000000000000003,0.10000000000051386,0.10000000000051386,0.10000000000051386,0.10000000000000003,0.03614039506746956,0.03817377255556047,0.07326018708336994,0.07368121306156189,0.01689141629311184,0.10000000000051386,0.046308480080765047,0.10000000000000003
2025-09-22,0.015637417480928773,0.10108187647056707,0.0988054885293667,0.10074045347462127,0.10086080798029604,0.09732300804576219,0.03609976161150916,0.03645079921073808,0.07391578552850564,0.07295477941432948,0.01674870344630665,0.0997050037213489,0.04621156592882051,0.10346454915689961
2025-09-23,0.015854258343480292,0.10163307096571424,0.09829744966355698,0.10076751509845248,0.10129262016751081,0.09835018354957793,0.03648852676970852,0.035963555765258164,0.07515019411059076,0.07256896326744473,0.016572991910689196,0.1001259982821961,0.047748111386253844,0.09918656071956579
2025-09-24,0.015621865650739416,0.09966810673097996,0.10000894222377148,0.10036081013755685,0.10119809268866083,0.09821266093232106,0.03664430937671092,0.03500065891226766,0.07566105489183378,0.07282858442746219,0.016790448939623347,0.10433790021183235,0.044438537656853475,0.09922802721938676
2025-09-25,0.01574495165601243,0.10091159862998335,0.09963495148853746,0.10015088878216964,0.09942965376790776,0.09725157907951502,0.03702510331984194,0.03420073968061275,0.07624335729630508,0.07350055024724651,0.016496348115771487,0.1054250006480232,0.044503405960588,0.09948187132748532
2025-09-26,0.016030088746933437,0.10235268670180013,0.0985838744413568,0.10205162492848628,0.09783911106042856,0.09725852636812582,0.0377168724965155,0.03452435490930509,0.07672409857810714,0.07291453585064363,0.016696968489969544,0.10547051982669661,0.0443662971998735,0.09747044040175791
2025-09-29,0.016238897622184275,0.10145520880366184,0.09849038284641004,0.10128605540962123,0.09687507089350102,0.09707920222021292,0.037340127389812273,0.03498121801869318,0.07664431070291236,0.07223937253646207,0.01737786535308503,0.1057119353635821,0.0440262020120708,0.10025415082779107
2025-09-30,0.015859517090079604,0.10121815389511755,0.09850734348025299,0.10200452784691785,0.09694800377213819,0.09608275177004755,0.03735329234844376,0.03453147804281164,0.07650090183848239,0.0723332585735996,0.017082407781109595,0.1051053831805023,0.04300455366935429,0.10346842671114267
2025-10-01,0.01619392736955656,0.1004587634410322,0.09699531687453436,0.10186521767261271,0.09444550567685371,0.09485916232328455,0.03677018061127462,0.03542735635236668,0.07621633144256046,0.07237400776228858,0.017627724893691757,0.10520011537524089,0.042238049454645384,0.10932834075005753
2025-10-02,0.01575120498786418,0.10149563893481149,0.09780134502295412,0.10182191592500202,0.09441950774157552,0.09325268434114643,0.036076702834002376,0.03539488275562843,0.0764207567395376,0.07190056901358294,0.017004051188046872,0.10529498647389518,0.04393924129627514,0.10942651274567755
2025-10-03,0.01541077543939594,0.10165893114067949,0.09814307967559455,0.10074015517096387,0.09372935536713188,0.09201355699693836,0.03589117711702628,0.03580486868276428,0.07748794867300297,0.07158647761454909,0.017010167340584623,0.10665243983111627,0.04416026394409058,0.1097108030061618
2025-10-06,0.015269753597683473,0.10255939924420962,0.0983922243298442,0.10071253615298212,0.09356726006247909,0.0907258383734153,0.03674781823754123,0.03676457991088355,0.07668814805553065,0.07069883453040982,0.017201647944671904,0.10681552229403496,0.04397902605117065,0.1098774112151436
2025-10-07,0.01567627769133781,0.104214637322104,0.09711325198489068,0.10053371521601943,0.09516866486840007,0.0915959778736317,0.03707809917286375,0.036234115614599355,0.07618453621865814,0.07003649862297599,0.01746285365675023,0.10640404435734344,0.04386049986738495,0.10843682753304033
2025-10-08,0.01595268521977327,0.10403736044277773,0.095487453241152,0.10051671202894913,0.09513683188750888,0.09028472779188441,0.036140381171689544,0.03620615149456478,0.0757128482296682,0.06978444109678011,0.017072482967986403,0.1083713129892618,0.04476807244644278,0.11052853899156109
2025-10-09,0.015508623244887883,0.10331849496778739,0.09666382749809162,0.10056765932255862,0.0974765904026993,0.09106037131471577,0.036478622258021176,0.035260177759774934,0.07358686651100244,0.06981085965071598,0.01689528068160324,0.10615870099365239,0.044336466393816845,0.11287745900067246
2025-10-10,0.015121852250445699,0.10390783584007801,0.0977534953862837,0.10146350089656968,0.09609563561964643,0.09174444618904656,0.03429847173242895,0.03551327695869256,0.07064926713358007,0.07078028755814282,0.01693155041559696,0.10624231070603377,0.04288159118249463,0.11661647813096021
2025-10-13,0.016746232652194964,0.10179591593013525,0.09543918811018721,0.10063950184818381,0.09879271871137235,0.09024133909870935,0.035135375954523616,0.035147008886949105,0.07059890022633854,0.07049835582125673,0.017107350140435098,0.10562611458768728,0.04351822655862867,0.11871377147339815
2025-10-14,0.01706277351570602,0.10140081005674488,0.09511644033759073,0.09915116452852908,0.09822513498142132,0.09205383037035317,0.03577197033138381,0.036058834361725654,0.0712962037729873,0.0704886228962713,0.017177565309962672,0.10573450053151963,0.044397512622704395,0.11606463638310018
2025-10-15,0.017420465215991165,0.10266178878232059,0.09602281457652145,0.0984671417361933,0.09284738114284019,0.09264561260091962,0.035117822262928026,0.03768029127042477,0.07029284102546958,0.070815028515037,0.017505121461235958,0.10584561425543118,0.044321948449212965,0.1183561287054742
2025-10-16,0.01683984573359146,0.10304869776370676,0.09526193492528069,0.09976999463131105,0.09166258309429962,0.0923324442564666,0.03470759420772095,0.037641976776735336,0.07060205909074944,0.07115298664620061,0.018283578234328423,0.10701745814574683,0.0439843390762775,0.11769450741758493
2025-10-17,0.016237781562281357,0.1044899439671851,0.09571036234321247,0.09956772969383314,0.0922594103370887,0.09275368910876959,0.035100602001294445,0.03634508905765571,0.07077540638641068,0.07097441807035165,0.01806266883097819,0.10745125203471033,0.04396107096318687,0.11631057564304181
2025-10-20,0.016422971663168404,0.10479612261367258,0.09556539867959761,0.09933485907350184,0.09015193372562774,0.09277476916657301,0.03531711454632473,0.036855294345618204,0.07094449273898963,0.07064276487654748,0.018822399302127625,0.10751763379946179,0.044940025640008166,0.11591421982878132
2025-10-21,0.015996029364177693,0.10392238852666646,0.09508699433962085,0.0992308414372254,0.08934725893936986,0.09402615332853564,0.035969137291533795,0.03676694104042243,0.07214211962390552,0.07069314034668085,0.01886105678614048,0.1072284204973395,0.0446706032402061,0.11605891523817545
2025-10-22,0.01565831142257177,0.1041427914812901,0.09573785756689808,0.09862038871857622,0.09173298879257996,0.09519650858686506,0.03388662616855727,0.036324686704661505,0.07141697955587595,0.07173979481648976,0.018801424615449026,0.1053831223492328,0.04248938128191631,0.11886913793903622
2025-10-23,0.01564610226064046,0.10501950185521068,0.09484528389501111,0.09881706746712966,0.0909023880523743,0.09356653936768479,0.03438680281716699,0.03581237329080311,0.07131565015090707,0.07139969329378104,0.018471056553465204,0.10484284660051427,0.04336207699480876,0.12161261740050253
2025-10-24,0.016097652014533725,0.1076185019014778,0.0914809791896904,0.11195604666992083,0.0851975836963433,0.08952590664672572,0.03804452095377795,0.03617693546701047,0.0703539967687017,0.06920904936066256,0.018817620815892864,0.10329160202438552,0.04433259932015535,0.1178970051707218
2025-10-27,0.015943635578753352,0.1078396109302756,0.0918065383563543,0.11093852088129007,0.08472298797439312,0.088953067237593,0.035727611862485645,0.03645324648602746,0.06997676132889337,0.06999116181921387,0.01925589460652684,0.10292745939858937,0.04387495413551323,0.12158854940409083
2025-10-28,0.015711369923423504,0.10748173265006891,0.0909017714606035,0.11131234518543419,0.08274684747318976,0.0934378537078349,0.03535751662630919,0.03617933782677993,0.07009460691524609,0.07021570764796359,0.019761050525677466,0.10237373266552117,0.04426214220915185,0.12016398518279595
2025-10-29,0.015348180191151825,0.10791082001167099,0.09114260136843104,0.11132269727723963,0.08144389158521033,0.09410488033634527,0.035008668959383094,0.03365554636399275,0.0711697623071323,0.06949198243240559,0.020447837814256364,0.10132165764874695,0.045547907566180934,0.12208356613785278
2025-10-30,0.016289140818787615,0.09349805820579292,0.09355506612170095,0.11028158065420664,0.08406209749590413,0.09731112775779234,0.03385449315299112,0.034484583724556477,0.07142063942285615,0.07098931482789349,0.019648464604380415,0.10674280354051896,0.04452562057290345,0.1233370090997153
2025-10-31,0.016540777218959017,0.09672994838736325,0.09239816762213647,0.10976515966402729,0.08497755014119969,0.09655373555142285,0.03382150662156167,0.034300485950472887,0.06752432996838531,0.07714838261896671,0.019711468786726725,0.10481801894055637,0.04399312079790299,0.12171734773031877
2025-11-03,0.01679204074385411,0.09630550867023979,0.09352483160583741,0.11094742135024556,0.0843297037900318,0.09591543971722465,0.03405470576581015,0.03411021928828227,0.06665673120550633,0.0757464109850753,0.020105081985431164,0.10505003371589647,0.04576944996368911,0.12069242121287584
2025-11-04,0.016877218478967768,0.09663372093976001,0.09431537716583696,0.11219534116723677,0.08205812706817227,0.09733767045574988,0.03442817824008596,0.03371677761370884,0.06679016090165042,0.07627644408822809,0.020143734151822728,0.10552898226958259,0.045953562108860126,0.1177447053503374
2025-11-05,0.017500088363419333,0.09640176901861552,0.09310409134002319,0.11193681074946235,0.0811637581456369,0.09591407802484025,0.03525767650775843,0.03369550214857503,0.06566311785023428,0.07564548516482876,0.020353465839758722,0.10546673515764768,0.047790025943787465,0.12010739574541232
2025-11-06,0.01722735108034864,0.0958958675269433,0.09364135431698407,0.1116369351589618,0.08188641335890627,0.0972745922303812,0.03506665189425687,0.03408720726362903,0.0666584397241887,0.07601617776623928,0.01979752070557251,0.10599554887110008,0.046406384526312065,0.1184095555761761
2025-11-07,0.017231142342816322,0.09498845663183793,0.0924985108142907,0.11113221767606259,0.08538218610089772,0.09706883201355057,0.03521395049141418,0.03573901839627038,0.06779168506883378,0.07657565296878024,0.019259721638806997,0.10611336067003202,0.04500163984909063,0.11600362533731592
2025-11-10,0.018192410243026914,0.09456137112051265,0.0924780514505546,0.1112611236429146,0.0847044651889335,0.09555784785681676,0.03481817101783026,0.03583918684168834,0.06689283272829256,0.07626347366824553,0.019388245920164422,0.10565935384563313,0.04506786278882263,0.11931560368656405
2025-11-11,0.01932107440250646,0.09430796592800363,0.09160616214663607,0.1116270753516933,0.08605196764904997,0.09511203491318015,0.03500583404652024,0.034846027638634106,0.06717962807907525,0.07607153414075385,0.019207126456363237,0.10772356040890975,0.045659894418891886,0.11628011441978216
2025-11-12,0.02023846049622935,0.09465804161009027,0.09191858739847585,0.11376544021310984,0.08588933811211318,0.09557025652446889,0.03454220217065966,0.03381300396764067,0.0677860366203686,0.07728061838662047,0.018836718448881608,0.10773519548614385,0.04549382915336366,0.11247227141183404
2025-11-13,0.019826803662828896,0.09645973312443966,0.09348592197626912,0.1113894804680894,0.08839249747865816,0.0980354668634234,0.033625412146532564,0.03136443168572462,0.06848631298251139,0.07787452437024536,0.018417243480704035,0.10856339914297969,0.041483816997883685,0.11259495561971011
2025-11-14,0.020478164924058607,0.09537529754518198,0.09175324074742226,0.11107600477315066,0.09029098543471639,0.09557980769103229,0.033781994252423654,0.031786975171917524,0.06832833606939215,0.07722849386060641,0.018199324278142585,0.10765549232817775,0.04242380373804813,0.11604207918572966
2025-11-17,0.02049139344132467,0.09536224350640808,0.09044980615540014,0.1139065773674342,0.09130167711818833,0.09409931139767777,0.03388726112727369,0.031284344875739854,0.06967688625194413,0.07646347058328486,0.017870367087105647,0.10848660207688783,0.042198287081985024,0.1145217719293457
2025-11-18,0.020383083568891094,0.09605440257127723,0.08934495681636272,0.11404640129721838,0.08788474013232177,0.09347748945962385,0.03373460706855877,0.031840052061990295,0.07036062432462759,0.07679949244249089,0.018096136752437104,0.1120161670392407,0.04244809209861371,0.11351375436634593
2025-11-19,0.020903522216849622,0.09280852063874447,0.08968238716941376,0.11316441359666049,0.09260485586421065,0.09224120276309235,0.034172333757187145,0.03388412949775963,0.06985133062658057,0.07643358552626227,0.01575507258321854,0.11135381111363188,0.0417365230693355,0.11540831157705303
2025-11-20,0.021392047555163184,0.09345910721343549,0.08898531992567414,0.11143418734355735,0.09075072388569518,0.093662570581886,0.03482903036940398,0.03471801890697419,0.07105709937332047,0.07672725450892026,0.016978620099609123,0.11216372364319843,0.04103405365885286,0.1128082429343093
2025-11-21,0.020254601641555875,0.09246549239149046,0.08934242429202134,0.11312254683014918,0.0897742135934017,0.09639751315550898,0.03580089302468202,0.035508297756646295,0.07107423308454185,0.07541511326919303,0.01607903003364069,0.11164037572236209,0.04086554581536258,0.1122597193894438
2025-11-24,0.021470778343544418,0.0921866171331639,0.08533379617975963,0.11484229369752959,0.08987952032966968,0.09290209469955914,0.03708444629226782,0.03610574970104417,0.07214509451650053,0.07496289639330424,0.016525162767119815,0.11023142996462602,0.04254889003459443,0.11378122994731654
2025-11-25,0.021317788060001435,0.09173887143707518,0.0863204067266633,0.11526325183465277,0.08799576570043618,0.09353202978134575,0.037213061565816496,0.03686511443305425,0.07197452800555224,0.07501713778305594,0.017051371739499704,0.11122941977070705,0.04106415623537227,0.11341709692676731
2025-11-26,0.021417232064595133,0.09102772082434371,0.08615679901760241,0.11481578847312243,0.08915596655929561,0.09162725085292597,0.037832545578125654,0.037084589713286736,0.07254812697901407,0.07483924366043619,0.017276028117727056,0.11184108292811326,0.04119822052162448,0.11317940470978734
2025-11-28,0.021884356058967297,0.09049236619383975,0.08603243110875514,0.11386308707657532,0.08939752616730395,0.09091051516809528,0.03709201859468988,0.03713397907205054,0.07261352446919696,0.07434261040846904,0.017040857762905592,0.11150767509681443,0.04120462602210473,0.11648442680023212
2025-12-01,0.02079019702663877,0.09118895594357178,0.08620116615305672,0.11455225306454123,0.08778969451900578,0.092096402399209,0.03656128314735103,0.03715254641694223,0.0734174785070819,0.07473177430811077,0.017257642887309493,0.1105607132205558,0.03911197808389543,0.11858791432272996
2025-12-02,0.02015811859664113,0.09068730001237513,0.08425105385396858,0.11124767517847033,0.0912692285304275,0.09181343196125034,0.03757787172126507,0.037503826098262485,0.07371882211086102,0.07429136890021314,0.01734885719599125,0.11081194951743102,0.03992159788263989,0.11939889844020322
2025-12-03,0.019834429165560073,0.09128629172715313,0.08468445505167752,0.11247409883892796,0.09107401047751297,0.09194767807409407,0.03772899586209043,0.03668206009757641,0.07519572708445083,0.07378250545441781,0.01737034674494948,0.1110062738343156,0.03926951870823751,0.11766360887903625
2025-12-04,0.019586593329496263,0.09233140164300177,0.08333182398982429,0.11597020714028061,0.09270362861104992,0.09127717167001163,0.036807339205812806,0.03622184586263701,0.07356523214874588,0.07418334505989922,0.017630138389045622,0.1100762675741082,0.039281965814062826,0.11703303956202404
2025-12-05,0.017129041424592158,0.09058471212449148,0.08299512566935444,0.11574314556197728,0.09306527070785763,0.09188103831079965,0.03749120885384247,0.036968861699528635,0.0737213206955613,0.07379934867831704,0.017858329564947935,0.10910340886558575,0.03849145044210163,0.12116773740104272
2025-12-08,0.01762142155736264,0.09176977105567428,0.08460046804480532,0.11454488849236918,0.09189744236120155,0.09224258789008472,0.03876325182963491,0.034998033785758866,0.07428875711112419,0.07357517235493585,0.018010876232972713,0.1099154408024448,0.03848469270941669,0.11928719577221435
2025-12-09,0.01844407031681546,0.09136263920625963,0.08475852857518347,0.11445697020120311,0.09300504317251676,0.09227412771088804,0.04012470995655579,0.03500019318213246,0.07451863825149857,0.0743090705651613,0.018232565642192475,0.10944914717830997,0.03868061631517065,0.11538367972611231
2025-12-10,0.017461141713441347,0.08859599008481,0.08456473735957688,0.11464904475071132,0.1037158808297118,0.0910097616106623,0.0401131210798104,0.03600154562594956,0.07482129334972112,0.072541011028692,0.018312450469249508,0.1065559836009851,0.03822281887171596,0.11343521962496278
2025-12-11,0.017591383157836687,0.08991851572822261,0.0834355755136278,0.11465104306709899,0.10056821699453264,0.09352885125994763,0.04052671128081007,0.03619605780710514,0.07573769118180493,0.07239996995300846,0.018325731028851603,0.10719559580337258,0.039047868091899786,0.11087678913188116
2025-12-12,0.018083329802144336,0.0932574830300961,0.08396801794347775,0.11465848282190144,0.102031470406616,0.0961794267343222,0.04147161332594655,0.03264315094734246,0.07638262153158291,0.07168361912067664,0.018110000492612122,0.10681171099799712,0.038334800640271005,0.10638427220501344
2025-12-15,0.017849697277286206,0.09319999553271974,0.08420127609657482,0.11489809588686048,0.10326704256354637,0.09532544370092394,0.04081328754663999,0.03321634099522391,0.07600529137990451,0.07221493917025301,0.0176186868606135,0.10615624617461986,0.038771069565962595,0.1064625872488711
2025-12-16,0.01817490911803763,0.09345626425955593,0.08366288369374442,0.11511152927031792,0.10435294523370924,0.09427887816633683,0.04037769133891186,0.03242256748493837,0.07565131970213432,0.07236543580921265,0.017940290110773444,0.10709723143543373,0.038902625382893526,0.10620542899400011
2025-12-17,0.018024953705382617,0.09569392346588335,0.08568666699424125,0.11265006630626234,0.09984711077152172,0.09873475707649602,0.03847021867092871,0.03213178080212892,0.0775168376159099,0.071799044860345,0.018238923520168003,0.10825100450208537,0.036987226336231915,0.10596748537241471
2025-12-18,0.01840552800018704,0.09573988333825992,0.08336609116483452,0.1137813247357354,0.10119813899259074,0.09730010740369595,0.0379210014491766,0.03268610312821613,0.0771742443371807,0.07224823229506988,0.018447411724332383,0.10711246702058468,0.03840163685716842,0.1062178295529677
2025-12-19,0.019499997294101845,0.10000000000000002,0.10000000000061669,0.10000000000000002,0.10000000000061669,0.10000000000000002,0.03983601187099645,0.03227797037089909,0.07715335785453271,0.07147569259835099,0.017758822390920987,0.10000000000061669,0.04199814761773118,0.10000000000061669
2025-12-22,0.019928062450917404,0.10004218934231097,0.09923530824658056,0.09941617434131295,0.09894511237225291,0.10033938414293674,0.03868933776706115,0.03202984960387175,0.07818197020388482,0.07128743007664537,0.017585606758981458,0.09993875861675475,0.0419567921735727,0.10242402390291638
2025-12-23,0.01950113254703637,0.10005010474863132,0.09935966044552583,0.10044209837612539,0.09827658638129812,0.10071631502873223,0.039149518199151634,0.03191713720301666,0.07775677442182934,0.07158137306741659,0.017636204890288706,0.09981203006100528,0.04205661215554457,0.101744452474398
2025-12-24,0.019276018640600533,0.10014648064888569,0.09962345944540786,0.10007229181607499,0.09918464295301392,0.10084271902407314,0.03868901430399677,0.03203577011433524,0.07727525775140713,0.07164929998313864,0.01753833590616022,0.09949444317718323,0.04183393162884449,0.10233833460687816
2025-12-26,0.019042420301861547,0.10037569507903042,0.0992064592600376,0.10039491732329678,0.09867028452748035,0.10059984183662572,0.03849538542842261,0.031976117328766034,0.07767622872958377,0.07174274007241013,0.017784600661030082,0.0992623691126707,0.04217616420754195,0.10259677613124235
2025-12-29,0.01893944815374058,0.10063765714795134,0.09973734397253696,0.09978023466900122,0.09949505384792097,0.10063858493778442,0.03823796900013068,0.031905487945458735,0.07766159847963611,0.0717270294927104,0.017636497311506825,0.09966470814773684,0.0417209874888423,0.10221739940504271
2025-12-30,0.01893976818430178,0.10029362723527675,0.10033885199758742,0.1000731562995688,0.0995685398726461,0.10038559021306039,0.038092975273949364,0.031870632059951505,0.07740456013171917,0.0720685782601935,0.017351871571889093,0.09986433498246236,0.041591777121352196,0.1021557367960416
2025-12-31,0.018862398385703392,0.1005275160161999,0.10070593225410696,0.09978163956072086,0.09980706336312045,0.10088603583558267,0.0380455652050146,0.0318407608081425,0.07726573486653374,0.07220010166399846,0.017013242253411078,0.09937382177804684,0.04186393002849295,0.10182625798092568
2026-01-02,0.018653479478121515,0.0998412325774957,0.09857928571931696,0.10220041411471598,0.09869136685170117,0.10006465735213063,0.03782414425531677,0.03195041154227928,0.07697462059646153,0.07195462894529939,0.017918534284868677,0.09867013340617958,0.041538388277179164,0.10513870259893358
2026-01-05,0.01928417709711348,0.10145653228885386,0.09618935506849598,0.10425448512271046,0.09812762317686183,0.10001596147849266,0.03921980734771617,0.03160073820626219,0.07801387427998072,0.07117856756667543,0.018271892268129784,0.0968767891012394,0.04221446433982264,0.10329573265764538
2026-01-06,0.018561813117914303,0.10116503867210921,0.09875849156584744,0.10385776219878026,0.09830409411892324,0.10170740479852947,0.03777354907146311,0.02925319042739975,0.07874298015046224,0.07303912367826453,0.018079625761891933,0.09684720502734982,0.04071655769876639,0.10319316371229821
2026-01-07,0.01930718193117188,0.102344745020949,0.09760075848372661,0.10585090837081483,0.0966661107367959,0.10165980301005341,0.03656317039379474,0.027278236364767974,0.0801375499250876,0.07202675084203447,0.018225624103232523,0.09845220111369493,0.04080919984763157,0.10307775985624465
2026-01-08,0.018854365355516416,0.10308621769812573,0.1011339256462328,0.10379567429645573,0.0957186751888761,0.10443089363869942,0.036428429555355676,0.02853592247384993,0.07770365528739791,0.07250616271503171,0.019224927044360247,0.09715903880890418,0.040565077432376535,0.10085703485881763
2026-01-09,0.018328097862093426,0.10402611381972346,0.10040177617335928,0.10588400805867164,0.0930064751193584,0.10462305435773842,0.037196845321638444,0.029222878794649004,0.07603447777078516,0.07297771081955612,0.01913460625495401,0.09736083902880607,0.04121335271867287,0.10058976389999386
2026-01-12,0.01778968313743177,0.10398832264832199,0.09956582067429648,0.10604668841029677,0.09349777249148215,0.10281025645338716,0.03925394354679017,0.029052005686263996,0.07612497341426165,0.07202937414900579,0.01978432304022019,0.0974994750798042,0.040238342318994924,0.10231901894944288
2026-01-13,0.017799782432610736,0.103519550043067,0.09871769485022441,0.1077420112150128,0.09356729776030373,0.10275381230710688,0.039637077688225,0.028468726890316435,0.07537492703034192,0.07087850440659915,0.019974913006450153,0.09833078310061182,0.04129217340252585,0.10194274586660414
2026-01-14,0.01819540263343347,0.10310848146741804,0.09954108224508537,0.10713891392624642,0.0935030984500929,0.10281628200770934,0.039053828139401996,0.0283499186315183,0.07617731697582496,0.07029546593514654,0.020399354921456312,0.09782758999213705,0.04145948321204735,0.10213378146248195
2026-01-15,0.018393880480592466,0.10410917919749887,0.09781643946792758,0.10838572753694926,0.09097286835930553,0.10201264908372705,0.039188718854458786,0.029230307625992283,0.07770341671532827,0.07089374331980156,0.020082168750227804,0.09779230422107596,0.042730503206656494,0.10068809318045828
2026-01-16,0.020695167870148922,0.10292098514898147,0.09736722349935,0.1072946041629295,0.09319859414039595,0.09951074798629415,0.04027289972830363,0.02923340681418663,0.07711262262128553,0.07125542731190149,0.02011670133257122,0.09843461480793371,0.04297310673878026,0.09961389783693758
2026-01-20,0.020864382225535685,0.10222019310658967,0.09651833809062939,0.10988395610933745,0.09450647183403427,0.09699674365845332,0.03993312818531747,0.029349632322091285,0.077173115433735,0.0702838554863576,0.02072025991331654,0.09872568947070315,0.04321596458183837,0.09960826958206076
2026-01-21,0.02116039211831766,0.10337643274353957,0.0949015542582319,0.10905426004275927,0.09055000627963429,0.09729776612467779,0.041144246140788814,0.030431201753415592,0.07684992939543829,0.07079350421765912,0.02002624347170242,0.09902639692220912,0.044043151637004736,0.10134491489462125
2026-01-22,0.020461595407181312,0.10308474286398639,0.09431892478388237,0.10791302282492556,0.09021472579787726,0.09812665391171373,0.04116287555087792,0.03143120054348735,0.0775961866886578,0.0704767166800725,0.020408493000763393,0.0986157296612015,0.04447989669949021,0.10170923558588262
2026-01-23,0.019677759591551724,0.10278350248452936,0.09427071179635625,0.10789687939329687,0.09039636048215012,0.09936775376544241,0.040643532945313234,0.031330866156510394,0.07729738423950654,0.07027563191398671,0.02011108933958085,0.09936249552779401,0.043233302746988896,0.10335272961699275
2026-01-26,0.019074860133929093,0.10372488979298033,0.09392102935743306,0.10788348023962677,0.09092519547171116,0.09882739287524686,0.040857645366668485,0.03163604518981324,0.07785803183000066,0.06990857681559867,0.020252917211685834,0.099140714925335,0.044157503639393934,0.10183171715057686
2026-01-27,0.0191174100815026,0.10288285151352093,0.09431843564399281,0.10843098367443085,0.09265358819977497,0.09602579729615085,0.04075721458743506,0.03065637233301737,0.07716300219873988,0.06997214268536968,0.020686179810142764,0.09879227827235966,0.044516493611025165,0.10402725009253731
2026-01-28,0.018688115401517054,0.10350819480128765,0.09516176947991549,0.10832248835682894,0.09419030045976151,0.09559139998144409,0.04020726823477906,0.030387739465175163,0.07530916735973156,0.06995666437315294,0.020613437632684247,0.0981832745104859,0.04433548133568973,0.10554469860754677
2026-01-29,0.01820246210636498,0.1024370627567029,0.09564502797822323,0.10702663605199775,0.09356486338037227,0.09651672197389745,0.03959871030070158,0.03602629501000876,0.0741846282639833,0.06976189502741797,0.020915715936842837,0.09714323434773639,0.04428879963196771,0.10468794723378297
2026-01-30,0.018284127968019752,0.1039209902147174,0.09732300097446178,0.10698337289388868,0.09708380578594854,0.09704297506514889,0.03248411452837197,0.03863989579170006,0.07477836605240015,0.06953017703524267,0.020774740524445216,0.09790858746797532,0.04276461135245231,0.10248123434522707
2026-02-02,0.01821623526801763,0.10266484887344522,0.09720244698339602,0.10750156268446774,0.09861644941379981,0.09627727980955766,0.03346837612109014,0.03998491020646317,0.07444040679001271,0.0700437588007676,0.020140547717370495,0.0962052884326212,0.04307087455660998,0.10216701434238049
2026-02-03,0.019085204297575507,0.10229055405248125,0.09582363696776011,0.1082318121408379,0.09958772530075875,0.0956092450248775,0.03421306912799424,0.039716709326641064,0.07405072005230783,0.07063957539713617,0.020286569054882877,0.09621970669922074,0.044278288952011406,0.0999671836055147
2026-02-04,0.01847827747359546,0.10111952353260895,0.10017299047966727,0.10405059301626685,0.09889080255490501,0.09603616222679785,0.03397279571000718,0.04127868868449155,0.07258157424813552,0.07165369350968206,0.02447567882163472,0.09495805693585653,0.04269359005213095,0.09963757275422008
2026-02-05,0.01796530881944278,0.10192611267450101,0.09696689981442674,0.1061206370059506,0.09764247851804841,0.09569292345917559,0.034482529629699325,0.0423748167367945,0.07521719849009356,0.0695782324239386,0.024918002243421142,0.09732127637313562,0.04318047151556217,0.09661311229580978
2026-02-06,0.01726071123557602,0.10232496235178817,0.09640845684593029,0.1073347525198116,0.09697170038644533,0.09326764820260638,0.03631708268325208,0.041968197377466966,0.07499118844936194,0.06499773442048143,0.02548996700557319,0.0975889091108973,0.044799953597153275,0.10027873581365598
2026-02-09,0.01774707711888106,0.10181338136406341,0.09507908355524398,0.10951521775148886,0.09764050816519111,0.09170707977530672,0.03821330601183622,0.041649315761391054,0.0742102602079392,0.0646667786206724,0.023991847207291472,0.09667673763599453,0.04566869312646016,0.10142071369823988
2026-02-10,0.017920994261376732,0.10264481188462106,0.09573956754570843,0.1087881815056712,0.09687014255079272,0.09158968364322131,0.03916839848358844,0.04207235509316724,0.07445242043626113,0.06358663286691098,0.024499190774552305,0.09644780483857325,0.04556098098666208,0.100658835128893
2026-02-11,0.01924223620501962,0.10081296866679332,0.09517743066655134,0.10852125939500484,0.0955152714148182,0.08898958731634768,0.03820170148447125,0.0397794051871978,0.0714980147759009,0.06063372706183246,0.02406919081162386,0.09377697270776007,0.04508451572229004,0.11869771858438867
2026-02-12,0.019452419954460013,0.09955872145279526,0.09547819919627508,0.10765807421967909,0.09647917254344986,0.09068681437719456,0.03750154211179869,0.03984038803055632,0.07282950112505465,0.06121818577133559,0.024541718018556286,0.09404730271124807,0.04566029823802379,0.11504766224957266
2026-02-13,0.018972844183102112,0.1008935911833466,0.09435519555177944,0.1098456909517914,0.09388769441016254,0.09121027831751548,0.03891254900406826,0.03958943512976728,0.07348799807300746,0.06138728649527708,0.023934183119870982,0.09461556992703954,0.045885318328741466,0.11302236532453029
2026-02-17,0.01882800896801812,0.10012458596234149,0.09466351468636981,0.10921681635589957,0.09566261012669522,0.0909808590757516,0.037410024852167566,0.039518291799477016,0.07266349162719547,0.062338400229636576,0.022950068698904022,0.09456315263279826,0.04399142518113047,0.11708874980361457
2026-02-18,0.01929312097503091,0.0994870651438771,0.09287323820670446,0.10915939068112485,0.0964255883819513,0.09158360363691358,0.03702661575285835,0.04007907560296513,0.07249696741395661,0.06318570358009998,0.022438751417896093,0.09449682572525896,0.04336147042156905,0.11809258305979348
2026-02-19,0.019570020538363327,0.09992084419324572,0.0901965027140061,0.11121721962805786,0.0963458061017001,0.0903554704610492,0.03751612072759032,0.039457990906743394,0.07395153883961683,0.06252288115520589,0.02171550346125957,0.0986515411585279,0.04295230394736163,0.11562625616727214
2026-02-20,0.01963776379507657,0.09958147060346849,0.08801802797852284,0.11667576816321903,0.09449271489686921,0.08919643135374679,0.03778736680151706,0.04033117149171512,0.0751421100516869,0.06161783707904202,0.02179092380246977,0.09706146900531902,0.04436537541246687,0.11430156956488018
2026-02-23,0.02001791448117649,0.10022184358108462,0.08638327522805615,0.11404544995403601,0.09602515836363852,0.08869793877044291,0.037162736434757614,0.040128107909479516,0.07468876406109856,0.06144463012340964,0.021968646150527148,0.09767934969578648,0.04491013380877219,0.11662605143773407
2026-02-24,0.01968227589532276,0.09697172212332912,0.08658172769510317,0.11489400367051472,0.09814680906004439,0.08748480332968828,0.03673583209749419,0.04136393323555958,0.07486392030041542,0.06113568422146899,0.021883138715461624,0.09786657680817229,0.046019067422718885,0.11637050542470655
2026-02-25,0.019539422618475206,0.09633518105483012,0.08648456630615646,0.1134669750916416,0.09791636632209456,0.0877045952573994,0.03603543039209746,0.04016469232606063,0.07415928223386932,0.06309511073067096,0.021514326559551426,0.09709691503499253,0.04577391120075093,0.12071322487140927
2026-02-26,0.02012124053740704,0.09071425207074607,0.0875912950122753,0.11374092753114502,0.09896567102701492,0.08795493262261923,0.03717910528883399,0.040376765405704035,0.07626119168674973,0.06369273899359951,0.020879039034996768,0.09827537493958809,0.043797108237437425,0.12045035761188284
2026-02-27,0.020228382585841725,0.08888619043984422,0.08875184641552446,0.11423926024899424,0.09960618158608817,0.08674239082557504,0.03608089384417219,0.04048907865021524,0.07902678623991266,0.06253714631203912,0.020957201929378777,0.09903228480636782,0.043725675333774965,0.11969668078227139
2026-03-02,0.01972185803876733,0.08920292227819078,0.08794884811502313,0.11334244218190866,0.09921034961954847,0.08658561463070914,0.03617960722328012,0.041940602881615094,0.07979428164978944,0.0626803027942427,0.020956613375001203,0.09940906682613532,0.04363193248421185,0.11939555790157691
2026-03-03,0.02024451269869787,0.09277344781304811,0.08626091376446726,0.11421407484903946,0.0986937864829026,0.08506792885199393,0.03647980542834688,0.038863754584872394,0.08195271636226018,0.06063559767362916,0.02101900053363673,0.10228156415393935,0.04358054073644458,0.11793235606672149
2026-03-04,0.021070751971343425,0.09240212468489759,0.08509509344779245,0.1160789099001046,0.09751198448500557,0.08456426805614128,0.03633658394416036,0.03801880563503882,0.08186412620324698,0.06112180248334739,0.020808725866453954,0.10161188974054175,0.04361453875292516,0.11990039482900079
2026-03-05,0.020285740394066654,0.09271077682821101,0.08802526045604307,0.11306474711189861,0.09771338679567783,0.08492794197228584,0.0326073117088406,0.038369733557729324,0.08230703288123044,0.0613667415994598,0.021075532990248485,0.10152870541458332,0.04279917306385116,0.12321791522587373
2026-03-06,0.020141570420054426,0.09365443643514611,0.08885165666740232,0.11063527269850178,0.09738976555927435,0.08656181059459868,0.03394390063411417,0.03610089497933682,0.08195369072602753,0.060576450220705784,0.020887877089676248,0.10283059505482141,0.043629478209921926,0.12284260071041854
2026-03-09,0.021558020973076027,0.09077094102218944,0.08604746958077844,0.11297246521656809,0.09741792203819091,0.08508242550575382,0.033836187772926685,0.03688760438511035,0.08135351213944857,0.058783105491685285,0.02137187418311865,0.10283368724949637,0.04325134319572713,0.12783344124593016
2026-03-10,0.02108364316288957,0.09092682925494742,0.08729643134515662,0.11297411023907288,0.09790083963150484,0.08298538988262506,0.03352316596691139,0.03674585686964932,0.08155783686297087,0.05902887303855982,0.02166694885293846,0.10150519036431081,0.04297054915628399,0.12983433537217903
2026-03-11,0.021773256016170077,0.09008607878857396,0.08569020905262412,0.11466546174557561,0.09854943468523224,0.08266096631601229,0.032830449080828106,0.03647589311492323,0.08225798398061245,0.05983535488329957,0.020958543728855382,0.10190757943436883,0.04384735974195149,0.12846142943097288
2026-03-12,0.021453454939295128,0.09052659782682677,0.08546778045134566,0.11413022039774476,0.09859422141009358,0.0825589875980574,0.032978134332885545,0.03554369629742656,0.08191878451008457,0.05926670178855374,0.021348455188941618,0.1036931204442911,0.0429556105125947,0.1295642343018588
2026-03-13,0.021588733218050663,0.09146470297163328,0.08799883810627787,0.11450746966338636,0.09626275052805487,0.08311314737311659,0.03396823274689087,0.035291833643716956,0.08065643993486027,0.06088872349564475,0.021030219591786404,0.10310307676306464,0.042614078940715214,0.1275117530228012
2026-03-16,0.021574749492367103,0.0910152251242983,0.08699727695438977,0.11535949334685479,0.09628138204058463,0.08178408399646712,0.03376599591117004,0.036057213484452906,0.08127206992095677,0.06165057121443251,0.02083188429455687,0.10303436228268349,0.043545484023799944,0.12683020791298577
2026-03-17,0.021552007279090478,0.09060774971609852,0.08706141391780824,0.11554493773139962,0.09752644339817979,0.08093146857595292,0.03325949146742011,0.035403149147904524,0.08188474471731122,0.061418325813027475,0.021130166410640035,0.10191140231113649,0.04405931987038829,0.12770937964364226
2026-03-18,0.021383286013051644,0.09162273931183135,0.08604773102171033,0.11500615243459374,0.09890687312736147,0.08184555182469498,0.03258772855504805,0.03616343554350174,0.08112613128239671,0.06430000304772134,0.020264607778186762,0.10168665773956179,0.04348452127817636,0.12557458104216382
2026-03-19,0.021430848660581907,0.09155020355772858,0.08443064943409818,0.1145338968083075,0.0991175031476262,0.0829928364437205,0.032913350906523794,0.03552643938394453,0.08237043766497529,0.06429071419938857,0.02083389159023154,0.10087940512007151,0.043780902094762486,0.1253489209880393
2026-03-20,0.02349890022837763,0.10000000000021254,0.10000000000021254,0.10000000000000003,0.10000000000021254,0.09031956643062333,0.03234980348128315,0.03669001889898124,0.08517043074816488,0.06500783023821825,0.02230099736560246,0.10000000000021254,0.04466245260768646,0.10000000000021254
2026-03-23,0.022276665956092918,0.09967990508142649,0.09799771782031957,0.10075128301074097,0.10060159929581947,0.09020375020739023,0.03392904001415156,0.03828843960005922,0.08553342990775084,0.06574295044047776,0.022774116721639696,0.09919977027282612,0.045694773377908664,0.09732655829339638
2026-03-24,0.020677635309994783,0.09829416882508236,0.09829403375853737,0.10094664950823394,0.09999618996720722,0.08992222148999217,0.034389649476013924,0.039999034157533295,0.08578281708665239,0.06577676600361804,0.0225668190302683,0.09759092468045011,0.04647334790652033,0.09928974279989579
2026-03-25,0.020089708480747162,0.09804044787820446,0.09794424946822472,0.10066411360350401,0.10093164924501527,0.08895291666060644,0.034410495365026585,0.04045326976898764,0.08533485071365007,0.06608725881572687,0.023540887088370235,0.0961476125653792,0.04688633664206042,0.10051620370449679
2026-03-26,0.0201823782866331,0.0990245848695958,0.09936413331432968,0.09908311463714584,0.1016439985802563,0.09062467110704277,0.034335137035117085,0.03989425609530453,0.08637129034282993,0.06559650811737965,0.02250064261971462,0.09741583961219857,0.04591479935458303,0.0980486460278692
2026-03-27,0.02753884827835512,0.09913120363785165,0.09844840071113076,0.09862973064374511,0.09839677519345444,0.08970719150446514,0.034364323200725626,0.03925748028383528,0.08800070845741459,0.06419643081674456,0.022732355438049048,0.09719827809678254,0.04593455679193123,0.09646371694551485
2026-03-30,0.02621147256094561,0.09958011390255644,0.09938919883952092,0.0963047070875086,0.09895459563408236,0.09248572165621723,0.033718304203164975,0.038905181085562394,0.08953290861994104,0.06499208479438101,0.02240899294946546,0.09914409674503566,0.04385279732315824,0.09451982459845994
2026-03-31,0.026165149709693285,0.09934844460042802,0.09794853671751357,0.09901705003376213,0.10003688736901058,0.09094151184092708,0.03445873329031748,0.039445916190082565,0.08902130446327561,0.06441629619522592,0.022811298214866868,0.09649805753297107,0.04420576632460076,0.09568504751732503
2026-04-01,0.02687961700201197,0.09925793985981275,0.097323352545156,0.09970645872030971,0.09972564449616857,0.0901825862231188,0.033945385279720665,0.03945858885608977,0.08993223224673422,0.06434109268620343,0.022709195161654597,0.09574073641495807,0.044485454687939824,0.09631171582012157
2026-04-02,0.027104127263654233,0.09947394869911741,0.09663967135262147,0.0993946834894739,0.10060362902483624,0.08939144388870943,0.034019418162326655,0.039021816238392605,0.09095430924967847,0.0628356604247966,0.022535103629478012,0.09630885167515955,0.04419322448046749,0.09752411242128788
2026-04-06,0.02710900490671589,0.09967724158043001,0.09756490310605895,0.10072031395368532,0.10063526805088156,0.09053806146751686,0.03457850330930522,0.03810994394205116,0.09133778649713754,0.06268212217986595,0.023131652220714078,0.09534497728014618,0.0418481092698059,0.09672211223568539
2026-04-07,0.02718558211191621,0.09831901578589143,0.09840552789634842,0.09982402403088186,0.10166380351528255,0.09003943927398456,0.03392395312955177,0.03800382791533876,0.09129510309361612,0.06324495482333631,0.024860590715677807,0.0951135079421533,0.04048477373433073,0.09763589603169015
2026-04-08,0.02629415313387583,0.09803399510774391,0.09746060536032404,0.1011379570772833,0.0990222584722166,0.09015410995355545,0.034861580968435925,0.03947778234639806,0.08905841929589929,0.06402193750027632,0.025462588173660726,0.09352386052956656,0.04240366202094013,0.09908709005982393
2026-04-09,0.026577364581307477,0.09681317195949082,0.09879517142708936,0.1018923907879961,0.09995060254326657,0.08923535428363964,0.034966176043712285,0.03961394886807517,0.08916975465213578,0.0631421236481647,0.026314684070183635,0.09207593147652568,0.04260469328764332,0.09884863237076964
2026-04-10,0.02601857546410861,0.09626789827648424,0.09835187858639621,0.1020089428506338,0.10127578277435387,0.08852085634085563,0.03424289269141481,0.0392147309351572,0.08915781910420278,0.06346755867011442,0.02607129646157626,0.09170595080443439,0.04320544640776341,0.10049037063250445
2026-04-13,0.025370244989508253,0.09606002721037214,0.09715773833350567,0.10294831564079206,0.09995986688268892,0.0880308804702149,0.03424837003073481,0.04110314561783372,0.0890464048354524,0.0638806889250042,0.025502484664912443,0.09211809515350425,0.04379086340998602,0.10078287383548998
2026-04-14,0.025473451208362047,0.09563879055444428,0.09616309355644448,0.10351962133034977,0.09892323195403899,0.08828453423818604,0.03410623136713698,0.040390514796595264,0.08859443958825518,0.06406577296372001,0.02591642622353512,0.09122315172971093,0.044095489217341424,0.10360525127187939
2026-04-15,0.02586354446597418,0.09587769192952723,0.0960490259867093,0.10516296921656279,0.10032939082820769,0.08668737312857315,0.033935520414554075,0.03845691291812924,0.08981362312507754,0.06361596507717719,0.025807886894168304,0.09231086760375329,0.043970085903849966,0.10211914250773615
2026-04-16,0.026444916301150798,0.09615139103400565,0.0970591579798354,0.10403797394820165,0.10121061874782504,0.08725810116425281,0.03153400013186776,0.03865897172137905,0.08951684561574912,0.0638320720902063,0.026624210851645406,0.09311949727038729,0.04321351390004062,0.10133872924345314
2026-04-17,0.025431493616695888,0.0945997531748601,0.09717710040516256,0.10347780184062842,0.10041255059734584,0.08669508299992987,0.033895240068758895,0.03873709614832947,0.08976931445399229,0.06420944711662617,0.026640458007913894,0.09241485603117089,0.04400387227717911,0.10253593326140649
2026-04-20,0.025365409644926184,0.09632545955503066,0.09628538988956006,0.10421338995162438,0.09810429934258212,0.08728494752299776,0.03457475239409575,0.039483306100736,0.0885912557977798,0.06387268521464981,0.02638351140168575,0.09168343795974268,0.044261821574515206,0.10357033365007384
2026-04-21,0.025597761856785785,0.09703629168921929,0.09660260726731201,0.10353135285968312,0.09782226763396741,0.08763167112902608,0.03500512622971868,0.038829966337637675,0.08868054617642007,0.06434370065461,0.026258798597282123,0.091739512692764,0.044151143368686245,0.10276925350688763
2026-04-22,0.026435244221368063,0.09680387852193154,0.09506723583390259,0.10400111200256656,0.10833691435654103,0.08541649313860387,0.03532205391122346,0.038646160371215224,0.08736444102413939,0.06413936834156318,0.02578612175012805,0.09046546545811268,0.04446450439739543,0.097751006671309
2026-04-23,0.026170920031920283,0.09624560038246217,0.09531749148857599,0.10454741874281748,0.10799584145071263,0.08483195504395794,0.034640033820433194,0.03739911046193228,0.0868172878770333,0.06382792548718584,0.026188389430003196,0.09124681402838233,0.04405992689644021,0.10071128485814305
2026-04-24,0.026137271507495716,0.0963499683564036,0.09567431568053288,0.10212451408148007,0.10854854096081537,0.0844855034381855,0.035760938713013654,0.037819069793931466,0.08594505493725854,0.06388852911121051,0.02641099420894062,0.09054262503112508,0.0444950102574188,0.1018176639221882
2026-04-27,0.02623738247636037,0.097455706235061,0.0934429036353133,0.10561893274077382,0.10509994581226809,0.08429629360684776,0.03591907236978142,0.03651468718922688,0.08755207621661613,0.06329997325973195,0.027004161342163067,0.09174442837098655,0.04493955891437385,0.10087487783049576
2026-04-28,0.025736277007467535,0.09803268223172229,0.0953981290141245,0.10397632347378771,0.10525965200971386,0.08512761897557804,0.03659361676779874,0.03644413703777227,0.08757286313139724,0.06359025243422291,0.02728301861158583,0.09353792789981731,0.04318407940238843,0.09826342200262345
2026-04-29,0.02597055556775394,0.09536380646638759,0.09584481982955838,0.10554805779928578,0.10386292340612352,0.08619740173780414,0.035264051530474315,0.0361418734621929,0.08734439048640803,0.0638856865672371,0.02735614305110433,0.0941200075699073,0.04345170814300848,0.09964857438275423
2026-04-30,0.026163069591628795,0.09621332172548923,0.0951781822857834,0.10622512069342688,0.0996270659858096,0.07555882611564378,0.037363548111499716,0.03716857243364776,0.08760645964672573,0.06250735662181586,0.02820304722974535,0.1026022898811137,0.044954683882386035,0.1006284557952841
2026-05-01,0.026762654130434077,0.09577478606061596,0.09181882317409507,0.1057576385219199,0.09603609369481321,0.07422058186722459,0.03744121207167979,0.03820283716833458,0.09104228504577808,0.06832229839600927,0.027482040303020074,0.1027518527030113,0.04561244204051566,0.09877445482254861
2026-05-04,0.026426716688639832,0.0959324451753219,0.09063125829374427,0.10642701662642522,0.09643337192814873,0.07488507013612274,0.03547594904215393,0.037028824652329546,0.09217794949253263,0.06951923962747338,0.02670052720710598,0.1042669144581179,0.045107473802940966,0.09898724286894296
2026-05-05,0.02612239288545175,0.09395899217091751,0.08426556154088764,0.10582878591190656,0.09404162280348254,0.07048279765053839,0.035824531268852954,0.037046187952996704,0.09069982497017484,0.06923412692984948,0.02794945944128529,0.10148207792916285,0.0655234112386303,0.097540227305863
2026-05-06,0.025764695780770043,0.09275853739153878,0.0843265704473335,0.1055948391338514,0.09380505101118414,0.0680679935070201,0.03554514066106747,0.036560474205618976,0.08773342486267333,0.06876450155109376,0.029647761935075703,0.10090715764464266,0.07031113776259978,0.10021271410553033
2026-05-07,0.025557597417486835,0.09499305866024502,0.08352779233219888,0.10658094060918116,0.0916023701664864,0.06982307564594922,0.03676111476173548,0.03752881331756871,0.08726711715890101,0.06956004774394023,0.029547320003423333,0.10076061712935958,0.06722788185136588,0.09926225320215819
2026-05-08,0.025057906344714,0.09427907286831916,0.08366773252084804,0.10657573402687848,0.09071086955948415,0.06945253629365912,0.036669875851901255,0.03783873980664404,0.08729718596093382,0.07051247883087684,0.02978821750520013,0.0996053541767692,0.06974832969077503,0.09879596656299654
2026-05-11,0.024205805183617802,0.0921712240423024,0.08449405273521729,0.10750500129594727,0.09051138206401645,0.06690526591294106,0.036428036303848,0.03823765939577613,0.08593362854136545,0.06959620545381959,0.030014590573715937,0.10113504784285578,0.06938676491266747,0.10347533574190936
2026-05-12,0.024578278222130562,0.09274660439061866,0.08198756278216429,0.10803502755800463,0.09166158047912083,0.06715822680672913,0.036924793381442146,0.037505553627505725,0.08683596847176255,0.06955192256091518,0.029110618582164932,0.10039830890141298,0.06891291650105433,0.10459263773497417
2026-05-13,0.025858353732106258,0.0920659811130407,0.08270618146015112,0.10848707119519325,0.09030891999446809,0.06651341220990321,0.03632808799769588,0.03772854840704746,0.08709977059382007,0.06998135550343382,0.028280184565657573,0.10092216264487287,0.06879959652410911,0.10492037405850071
2026-05-14,0.02618989091284798,0.09144841731396473,0.08173144532674878,0.10727220008026171,0.09140146206351281,0.06531147408120544,0.03681287424847104,0.03894425211381892,0.08810793953849246,0.0694079536103276,0.02749913040487893,0.10029642480205783,0.07042893678181507,0.10514759872159685
2026-05-15,0.026118272874120996,0.09232515462109321,0.08222091800802085,0.10747235792015608,0.09028314425098194,0.066830501994054,0.03696071408087375,0.03713224272995651,0.08632383407943672,0.06924488182737867,0.027820943178162374,0.10160338609082908,0.06925197228502229,0.10641167605991343
2026-05-18,0.025645114267178012,0.09414095505633507,0.0835428672935919,0.10623147570515065,0.09267795842612579,0.06969412421694152,0.03781456634104348,0.035950639948748,0.0853061903049819,0.06998541329009517,0.026968027573426583,0.10153557735274352,0.06687250338811088,0.10363458683552758
2026-05-19,0.02523895992374021,0.09378209310896153,0.08313397137925367,0.10711639502826882,0.09469675370947002,0.06991917634123568,0.03770889656855978,0.03631494423134513,0.08708742186641566,0.07038361459693823,0.02707357552014527,0.10244486127238152,0.06449255879042308,0.10060677766286144
2026-05-20,0.02467587374620487,0.09288580643709628,0.0841962175806499,0.10691173770835816,0.09512987156259665,0.06950081622932555,0.038462737394455916,0.03791996102178495,0.08618749731018613,0.07151622848520998,0.0277931031319392,0.10101483557803631,0.06618790275629881,0.09761741105785719
2026-05-21,0.025170428456988705,0.09208543915783649,0.08426673838820771,0.10637066855340396,0.09654751411913887,0.06891267421832462,0.03769284824661246,0.0368086610830712,0.08684687236380956,0.07197096977552483,0.027678465197821942,0.10167525943156236,0.06430571805617848,0.09966774295151884
2026-05-22,0.025403087473785564,0.09129068386453537,0.08577102561683388,0.10520121758098522,0.09538519559260554,0.07044813197504778,0.038187387758196786,0.03798313610056874,0.08465386912208339,0.07190765894997034,0.028296841501469203,0.10171525761572027,0.06364013271485541,0.10011637413334243
2026-05-26,0.025257816881967685,0.08999591471207266,0.085774560403184,0.10523437843892873,0.09543619220810624,0.06887482226266105,0.039122119532097654,0.04189014248680964,0.08412373365578235,0.07188068685889584,0.028706034700336547,0.10140093737991084,0.06614484246343975,0.09615781801580704
2026-05-27,0.02558706261449956,0.09037672935040722,0.08727074191684742,0.10526508843444354,0.09278566029646185,0.07038946066612248,0.03932913791641671,0.040005411838005836,0.08422696161428296,0.07179136490878521,0.029414381503012642,0.10109356449862186,0.06669489329022002,0.09576954115187289
2026-05-28,0.025898677105348225,0.09018934327158021,0.08702753008551425,0.10548950259696013,0.09022383915495215,0.0694230449203264,0.03996141745103029,0.038954183068944624,0.08396607515161773,0.07113935352838006,0.02894628517028623,0.10153366748959147,0.07238678148048705,0.09486029952498118
2026-05-29,0.02571522516327245,0.08867540791359108,0.0874768549211612,0.10470320969507409,0.08857199272916713,0.06994206830183541,0.03896260260886531,0.040527126459244736,0.08353873024800068,0.07259628815749226,0.0286742959449028,0.09979006479880621,0.07461135351496598,0.09621477954362069
2026-06-01,0.025121874658010135,0.0899200194626233,0.08811471428403828,0.10319335575455045,0.0876071778762496,0.06897480534202816,0.039283655905506976,0.042247577044545785,0.08060793831295504,0.07524335113658576,0.02940388132397822,0.09708620491903734,0.07385256859609542,0.09934287538379562
2026-06-02,0.025058579573690565,0.08683521197745356,0.0892827120081911,0.1056847624920222,0.0867649406948093,0.06948493103008774,0.03979344138512471,0.04367039570570146,0.07919933202154983,0.0738027475192853,0.029544202677091964,0.09688383308893446,0.07425103085244046,0.09974387897361743
2026-06-03,0.025664469724935086,0.08722020951399939,0.08910413438141525,0.10267799785891779,0.08493105551779938,0.06939802940342349,0.040441589852114844,0.04245777839891014,0.07919844343788417,0.0743298191750508,0.02930284573659683,0.09719777619916957,0.08026351004614396,0.09781234075363951
2026-06-04,0.025679507651433627,0.08722779268018882,0.08798016294501138,0.10563602726545689,0.08480641994075112,0.06902582768499937,0.04118240182713616,0.04208848682747989,0.07964805839804616,0.07278595691117312,0.029176689748451834,0.09699544110751569,0.08280403384610391,0.09496319316625199
2026-06-05,0.02707453548385861,0.08853015403138124,0.08739653796110275,0.10679713089067884,0.08623977841938951,0.07123304221966789,0.042021085688762526,0.04051554135819481,0.08120592630928601,0.07168080567930016,0.029074716287969413,0.09851417296689538,0.07716674613033037,0.09254982657318252
2026-06-08,0.024028842921867775,0.0889569231476,0.08874969716490407,0.10688399109719807,0.08595218006513253,0.07228065753278579,0.04268759298041498,0.04022455790958056,0.08050324753643966,0.0717709438361495,0.0298874445857973,0.09802602411932128,0.07776065748622299,0.09228723961658562
2026-06-09,0.024168534305678148,0.09045268910212065,0.0896086897795597,0.10714392011996046,0.08590482607723557,0.07339653474010258,0.042690578424156266,0.041296367936139264,0.07967626447324609,0.0727264240362455,0.02927938915732355,0.09904455742662216,0.07452648838594757,0.09008473603566249
2026-06-10,0.024512069093359342,0.09013045929603274,0.08876344444855028,0.10655884371694598,0.0858083966391411,0.07478534387174744,0.042264365616089886,0.04061053400585865,0.08030279417188062,0.07380244382953946,0.02869439093007633,0.09885540022427276,0.07224732345081974,0.09266419070568563
2026-06-11,0.02463849743236893,0.08915983994060817,0.0881825354936942,0.1081951948874603,0.08491377077162673,0.07107584908753069,0.04301970311030668,0.04038296688956858,0.08122615062687667,0.073392398985143,0.030074510779778317,0.09822198566744543,0.07443552178060082,0.0930810745469914
2026-06-12,0.024926650601924238,0.08879831974100769,0.08609068746618573,0.10830438803790801,0.0864925621286486,0.07086807381000428,0.04348597177655551,0.04010123449965778,0.08072129728222384,0.07260807641240942,0.029968310647876622,0.09989889363251739,0.07489685778429996,0.09283867617878083
2026-06-15,0.025970018628403733,0.08834880692742132,0.08709919964495517,0.10955435720540256,0.08771267972858823,0.07090951692227151,0.040968607754171875,0.04069399792042938,0.08061034737284659,0.07201823452777557,0.03004046186512129,0.09946250482917296,0.07355759778940833,0.09305366888403149
2026-06-16,0.026360916819728943,0.08850554693295196,0.08810442208863836,0.10857152461032184,0.08886054144672721,0.07346736222772904,0.03958976105664356,0.04093916061921345,0.08075385701799564,0.07203528629277144,0.02923641362589884,0.09974787004882939,0.07352147520800291,0.09030586200454763
2026-06-17,0.027137028265855675,0.08634882520883126,0.08730825761052596,0.1078020465466671,0.09359336991714791,0.07341310583919948,0.03852658156934111,0.0402601240361533,0.08080838873666774,0.07279006651980488,0.02896457272918777,0.09775217070778923,0.07087138267911791,0.09442407963371051
2026-06-18,0.023303901444789114,0.09400954534224831,0.10000000000044278,0.10000000000000002,0.10000000000044278,0.06518935721685444,0.03869674216364299,0.037732739478800396,0.07550139548041919,0.069457977272524,0.0278201403217577,0.10000000000044278,0.06828820127719282,0.10000000000044278
2026-06-22,0.02377019294437072,0.09350343377684724,0.09866897241645306,0.10032173756579682,0.09702590040951978,0.06410614930683786,0.039141666971352636,0.035768598394772415,0.0771841198983568,0.06908168727433023,0.027512542769883352,0.10065898861000983,0.07056145092406468,0.10269455873740463
2026-06-23,0.023745475070685213,0.09657146356825573,0.09823258589194954,0.09906847619796623,0.0953808785703885,0.0648914559930514,0.03942654946276947,0.035959113945851245,0.07935393218243514,0.06747121137293757,0.02788165063893033,0.1021893753775142,0.07220864260918317,0.09761918911808215
2026-06-24,0.023368334464418997,0.09695341023644766,0.09752632935423698,0.10086144054598632,0.09688261798432689,0.0654758583829675,0.0412757988194148,0.035616618166622295,0.07939725254906645,0.06682802580916736,0.028014061049272596,0.1015741344902709,0.06976501596012359,0.09646110218767776
2026-06-25,0.02344129639352356,0.09613310832110276,0.09839305366246794,0.10131555144689895,0.09669403368164389,0.06595610897528494,0.04115522261054901,0.035505277848146125,0.07934206995490618,0.06676673012671641,0.02862176027276674,0.10111569212537849,0.06901813395821038,0.0965419606224046
2026-06-26,0.025280078715165133,0.09416150110537454,0.09989446366787086,0.09865065263202369,0.09856769273861365,0.06737643244020543,0.04072384944652838,0.033904417826198116,0.08258614724565588,0.06688235710300475,0.02739826993213248,0.10244440613737406,0.06676654268234185,0.09536318832751112
2026-06-29,0.025313194780892154,0.09342473380547209,0.09862976568990987,0.10085999762399336,0.10117029203036687,0.06526374073882882,0.04000066194967934,0.03312619914372808,0.08696396040258639,0.0653068812287627,0.026795511934300038,0.10371033157431458,0.06555892551311977,0.09387580358404579
2026-06-30,0.02488752937407242,0.09259843708667054,0.09995101222615348,0.09959546730542078,0.10474251657902296,0.06442520177334876,0.03948427054263685,0.033538235059704394,0.08188637888627104,0.06587537781722215,0.0265193248658643,0.10143113928892465,0.06570441156560958,0.09936069762907807
2026-07-01,0.02524253506546241,0.09465255809451206,0.10200555452255904,0.09891458658331073,0.10672666991856798,0.06364807539221363,0.03965716198159452,0.03231569157963231,0.08111437527378317,0.06550424941889288,0.025850857471441654,0.10264709066227665,0.06419493518358177,0.0975256588521711
2026-07-02,0.02431063597634358,0.09528826952960377,0.10320642732524307,0.09652645398568575,0.1095566581330584,0.06615425686670424,0.03879976456758792,0.03196293183914016,0.08107341619343979,0.06521844789159954,0.02517564838466511,0.10378499758815982,0.0604824925793851,0.09845959913938385
2026-07-06,0.02431448167645997,0.09433480619184506,0.10423681356350456,0.09672941291698778,0.11037612579591907,0.06558323655865016,0.0386933269751266,0.03168588915326557,0.08039444425279003,0.06543958047186933,0.024690705906016745,0.10195530091640885,0.059964919510848744,0.10160095611030738
2026-07-07,0.023172474453246144,0.09651383243409618,0.10451119890889987,0.09527531115420657,0.10820643628757923,0.06641514991062707,0.03687257988066202,0.03248149450201729,0.0794352307190545,0.06694701672772164,0.024401393408397018,0.10410743809896895,0.05947241785154733,0.10218802566297616
2026-07-08,0.023182008016210606,0.09529250620958625,0.10424939089753324,0.09414806096798782,0.10634378199523548,0.06581776063732353,0.03697295459871983,0.03281999011934268,0.08374870420781368,0.06684405997520881,0.023852591890818252,0.10428136056681055,0.0575083932607892,0.10493843665662003
2026-07-09,0.023270568792252297,0.09497173660430872,0.10362470517707742,0.09745468978820084,0.10432385148540355,0.06503204848988459,0.03760502712269431,0.03320178615575933,0.08232418280433397,0.06680579109277268,0.023835405675815317,0.10236299369525657,0.06050601956194562,0.10468119355429464
2026-07-10,0.02159527357802681,0.09560020635116506,0.10485790730326418,0.09686818373020306,0.10672688214562173,0.06636779685420642,0.03687773906793327,0.03393757240405433,0.0806034700703065,0.06860640539365027,0.023596164065930725,0.10180289346132243,0.05862488619114363,0.1039346193831714
2026-07-13,0.021137061588068416,0.0962202211405302,0.10670608120587882,0.09832450196381086,0.1049940319178646,0.06632079733129459,0.03660323818043921,0.033141763661236494,0.08006064648913333,0.06926988024883658,0.023584445949202483,0.10281041090617711,0.05829459031755221,0.1025323290999751
2026-07-14,0.021477274390651238,0.0956880979102724,0.10814627921945251,0.09889666466562261,0.10549296432828859,0.06607700621660209,0.03677567152037641,0.03186942895222606,0.07962129891982377,0.0696669845207776,0.024069433388400625,0.10324846193556846,0.05896688562677134,0.10000354840516625
2026-07-15,0.021311075488458647,0.09583476688302944,0.10830198506988295,0.097596428106728,0.10525243072300776,0.06617072015147168,0.037561221064076125,0.03252073650789807,0.07870351359872188,0.06922051765162782,0.02557090539731531,0.10220016788585558,0.058564878177789347,0.10119065329413747
2026-07-16,0.01969710665279998,0.09659633889123108,0.10733469754984297,0.09758877892343754,0.10666694538278863,0.06856283279713642,0.03784955905506213,0.03271408509420881,0.07745848901115183,0.06882596965279096,0.025206709434370696,0.10258890718348675,0.05802344410108725,0.1008861362706049
2026-07-17,0.019851357508773475,0.09579304574080165,0.10843788406888667,0.09712776589349571,0.1090099075270828,0.06960105316109419,0.038098218002091386,0.033282389973862736,0.0750005785670205,0.06952603291874816,0.02489256595729801,0.10226809388131085,0.05776450212789287,0.09934660467164083
2026-07-20,0.021528662419379285,0.09485399714728929,0.10776825785061069,0.09858450215030284,0.1101419338715358,0.0683393614338859,0.03819976540379168,0.03269626776496387,0.07572654927336907,0.06872187506949666,0.024159958727512167,0.10195768185708318,0.058219549217682874,0.09910163781309679
2026-07-21,0.020982502135734347,0.09443437225403258,0.10536882152957713,0.09938436907217021,0.10714176735546371,0.06587410263618756,0.038826607347676644,0.03449231051011822,0.07708673721426726,0.06948388079379166,0.02523403100422309,0.10033566193906186,0.06051844984412845,0.10083638636356713
2026-07-22,0.02130109195482059,0.09416293528200169,0.10684739481247817,0.10082193369869143,0.0985689793608831,0.06581194505143054,0.040512181010997926,0.03503090153816754,0.07871942444335861,0.06889723307304818,0.024925030498722384,0.10131038236695587,0.0629906490077968,0.1000999179006472
2026-07-23,0.02068005130914998,0.0944717148356529,0.1074178027087697,0.1018246284829408,0.10151084653954572,0.06632267675117154,0.03933478911388773,0.034612286806572565,0.07790303859765216,0.06796293386228269,0.024795664771626216,0.10161484402465192,0.06195178587050431,0.09959693632559193
2026-07-24,0.020372037438020008,0.09525498124349908,0.10898002636592721,0.10016175792327985,0.10403820068451318,0.06884400286737125,0.03869776910836354,0.034874606068998885,0.07649481694604722,0.06771948175808438,0.024704223358531938,0.10130962250154338,0.05946123334314542,0.09908724039267483
2026-07-27,0.019689326984713106,0.09648899972633865,0.10890400524610827,0.10133291263610562,0.10354357450827638,0.07142045712979792,0.03766114189830434,0.03367435735659798,0.07719459674145057,0.06752202820916647,0.023649512001972708,0.10171085081984593,0.057883435894740085,0.09932480084658192
2026-07-28,0.020248513734289857,0.09769568553576034,0.11238806706497927,0.10140250603335373,0.1042980466935537,0.07388483507094458,0.03619330928865769,0.03231393837296379,0.0762333031078972,0.0681735901496067,0.02307615103349018,0.10269453506106403,0.05220741817281861,0.09919010068062036
2026-07-29,0.020530849951950658,0.10020437713071764,0.1136681789035751,0.10220638998419226,0.10745810920026339,0.07599363469975935,0.03566507362326265,0.029822027095084302,0.07571497220181077,0.06945869923339872,0.02310009289096187,0.10577442493445093,0.05169904859197344,0.08870412155859889
2026-07-30,0.021813677970251792,0.1076371177700488,0.10944966587346983,0.10285338191541482,0.10562558156610077,0.07026761433290735,0.03694617014354742,0.029312740171977707,0.07703460895399154,0.06779093962389464,0.02339143811744537,0.11164909831605073,0.05476749051780561,0.08146047472709358
2026-07-31,0.021015839570852943,0.10509361206278617,0.11519536696725055,0.1027092288067386,0.10438926218965354,0.06876949174353879,0.04726149848137647,0.02979790173119996,0.061149337328080915,0.07066270342805533,0.022825665540795837,0.11110469381265602,0.05522983060503652,0.08479556773197831
2026-08-03,0.021302449195028314,0.10488662982312416,0.11834138013879411,0.102467477205338,0.10339012558883091,0.06747879486087216,0.04465890543976671,0.02828850803060666,0.059161569852580996,0.07129081611233505,0.023437788064397887,0.1102272180289342,0.05514961136784013,0.08991872629155077
2026-08-04,0.02192377944514744,0.10410455622231256,0.11859768966068351,0.10149630710697793,0.103257136445654,0.07035899800311285,0.04655052507773714,0.02878819336646687,0.06083600495139397,0.07160176847444476,0.022232966354183235,0.11095552018440702,0.04816237767915501,0.09113417702832359
2026-08-05,0.02136567482722623,0.10426345362685854,0.11933749134924142,0.09936507758337651,0.10333945981613918,0.07199532123510563,0.0480156625825637,0.0277863476684098,0.05974183958687239,0.07158073187065943,0.021983528895117,0.10946715823857667,0.047749976339987656,0.09400827637986593
2026-08-06,0.021213311725277975,0.10373212251249146,0.1210761221968632,0.09919112137301787,0.10265153653815355,0.07209028384635639,0.04756273884214996,0.02781643782853364,0.05866485633944517,0.07307321362287589,0.022111616828613186,0.10827735710958686,0.048348933743302,0.09419034749333291
2026-08-07,0.021354962994810715,0.10433538434499666,0.12071975959435159,0.09749203196430634,0.10114963925195519,0.07253762731311511,0.047105626683580856,0.028190246791681226,0.06142694809995296,0.07325914526583124,0.02243503759537865,0.1083370438854124,0.04901991232907365,0.09263663388555345
