date,ALAB,ANET,APH,AVGO,CIEN,CLS,COHR,CRDO,DELL,FN,GLW,HPE,LITE,MPWR,MRVL,MU,SMCI,SNDK,STX,WDC
2022-01-03,,0.1,0.10000000000076796,0.1,0.026749955115528086,0.0031450220854679035,0.0341567811790243,,0.08989798807785683,0.010626709033780865,0.07809692785440855,0.052227923407214875,0.02033196973696765,0.05937184929132464,0.10000000000076796,0.1,0.007183225334731504,,0.06268839496457464,0.055523253917584205
2022-01-04,,0.09665108203711932,0.09941388474846251,0.10030209651762106,0.02599626996813038,0.003267105492377407,0.03530424462530997,,0.09148467665634476,0.010663694809015472,0.0791043142742682,0.05393910447471742,0.020166658558474992,0.05846813407631481,0.0979411169606045,0.09974959475342111,0.007380291205591772,,0.06373979865659342,0.056427932185632954
2022-01-05,,0.09508079318868273,0.09994420269089928,0.09843079754215889,0.026444189641035266,0.003318707463807556,0.035107550393245396,,0.09298733280496295,0.010616891287958884,0.08137953039112962,0.055522246793113864,0.02024640165727404,0.05608944673935743,0.09549789610256106,0.1001123819622794,0.007259712140536673,,0.064578823104209,0.05738309609678794
2022-01-06,,0.09482050150395929,0.10011019203641804,0.0976489678791995,0.026150099585226613,0.003245522844093779,0.034813538335536465,,0.09318448712881729,0.01067201769354009,0.08183468802339751,0.0557735416480465,0.020221822825266765,0.05671534770304368,0.09728168941935728,0.10159829557483686,0.007234488991645024,,0.06331388452121728,0.055380914286398034
2022-01-07,,0.09405897485669419,0.09807186271032899,0.09637507716255858,0.026074819444996625,0.0032153371864789265,0.03542091172435254,,0.09456574968091269,0.010892043478719677,0.08232910468397975,0.05720546333355512,0.02066657986491888,0.05511299499988178,0.09610425386502022,0.10189452733904648,0.0071931856776466675,,0.06354252939145007,0.05727658459945874
2022-01-10,,0.09513127168887603,0.09734492988469778,0.09639117249587531,0.026611866441701926,0.003130346449753762,0.035070975487989306,,0.09712069390212462,0.010761002367409914,0.08117462516671861,0.056511433706247484,0.020719855020972972,0.055527496699188716,0.09458178126247092,0.10081431064590249,0.0071693934759139094,,0.06521016999110196,0.0567286753130542
2022-01-11,,0.09541141667600501,0.09732718183134684,0.09562146543709843,0.026043814414345272,0.003225357762829816,0.03540090403346401,,0.09687895693836769,0.010695356999162365,0.08142244836811645,0.056180297147402906,0.020814762262008627,0.05536651568768461,0.09833531566959204,0.10030553318852355,0.007238842709959287,,0.06311867660408436,0.056613154270008646
2022-01-12,,0.09529606022405544,0.09767010242687843,0.095670716585236,0.02581461026278027,0.003253952361086067,0.034847960426377285,,0.09641800224471246,0.01071400455631247,0.08168642947039212,0.05651605916121134,0.020822352062112227,0.054841106008019655,0.09687330345877634,0.10126317727029843,0.00722590808874045,,0.06399279132304023,0.05709346406997077
2022-01-13,,0.09554046174979668,0.09803148856371094,0.09332244857814576,0.025822659238553734,0.003374129599212391,0.034753125413894,,0.09844131928311699,0.01070559001444996,0.08292422065977553,0.05863088735241797,0.020726503059098685,0.05391084568303106,0.09121811044187736,0.10355280053229815,0.0074127906064896595,,0.06364439014633956,0.05798822907779157
2022-01-14,,0.09414924369819559,0.09733300092584776,0.09281982749440981,0.025455047738499336,0.0033548887486599525,0.03506294059874447,,0.09857374043982181,0.010653733956900125,0.08033103921787084,0.05857377286601484,0.020855460621413642,0.05424520675114981,0.09589505121618905,0.10493649313353598,0.007429040804670864,,0.062483293267480415,0.05784821852059565
2022-01-18,,0.095218639099405,0.09830177278915544,0.09277691990257557,0.02577790414153916,0.003319875903542312,0.034792882850523094,,0.09995024583880106,0.010633100651232682,0.08194981499788163,0.05964917520986905,0.02104860806352084,0.05318961576448087,0.09251348396794991,0.1033237909400728,0.007761956153936102,,0.062266993571131204,0.05752522015438329
2022-01-19,,0.09611832676127291,0.09894804946039287,0.09278818350053382,0.02570515880553131,0.0033105513831246432,0.034380557421330595,,0.09969147845803528,0.010594716385142637,0.08234180543489024,0.059038776893340875,0.020601451086437676,0.05416802059100064,0.09378534143802614,0.10252281287520572,0.007260357894144527,,0.06188606008653086,0.056858351525059296
2022-01-20,,0.09582670047507282,0.10075805203369187,0.09233962546731835,0.02549225790291407,0.003360668480961676,0.03426852991574196,,0.10126126342505563,0.010944726976620477,0.08245567076328204,0.06023356292852387,0.021039862376871325,0.05423545062558828,0.09241144035558206,0.09928955534548539,0.007465520772758978,,0.06224695377152161,0.05637015838300951
2022-01-21,,0.0955470916356016,0.10203440408685907,0.09213808385803546,0.02572930257883016,0.003438228453541875,0.03454741256276774,,0.1005281290371058,0.0113305794501245,0.08435427252095576,0.05976505464850821,0.021206479357329205,0.05464368891434518,0.09286949319499532,0.09804858135303658,0.00742401485201841,,0.060650198639088757,0.05574498485685644
2022-01-24,,0.09655176919717474,0.10023883516668777,0.09351070907783778,0.02526425469596183,0.0033528758759725635,0.03486837319303421,,0.09862482781244199,0.011493742158932417,0.08481148434533135,0.059565291660359725,0.0214195897053924,0.05501185008043595,0.0923119318847516,0.09911722028444651,0.007415034716445515,,0.06158617307647821,0.05485603706831535
2022-01-25,,0.09608292310963269,0.10279293521563401,0.09413295714006834,0.02612903843823827,0.0035921192568699333,0.03437528466181931,,0.10227492597216628,0.010994962038309927,0.08665518998694398,0.060084666584135915,0.02121488742838708,0.052526488316710196,0.08760606013752933,0.09857497212722384,0.007291038813913935,,0.06144516904437006,0.05422638172804694
2022-01-26,,0.09508000142247773,0.10136796979902568,0.09662564558166838,0.025555147388549367,0.003522027602562885,0.03338329661033626,,0.10031725840315028,0.010644535939101656,0.09467290780201994,0.058908988077246024,0.02132355954892682,0.0521878886377084,0.0869813217993133,0.09833001797731956,0.007078784969699411,,0.06129239714029644,0.05272825130059793
2022-01-27,,0.09603733698996486,0.10043679954787861,0.09470304357289704,0.025461180557297663,0.0037884249752589616,0.03283820823469297,,0.10129045333655029,0.010703689907815225,0.09863956623653601,0.05916675577596682,0.02141113313278316,0.05021258457457778,0.08404815477606309,0.09521299575752852,0.0070927952950800705,,0.0665605757554185,0.05239630157369033
2022-01-28,,0.09607808349359118,0.10140636725546064,0.09611258101441363,0.02546562765252411,0.003982522937161026,0.03263103188103346,,0.10093987444322636,0.010869945310681632,0.10057893471233342,0.05931696879593766,0.02097401300418951,0.050555061140608794,0.08440798432992783,0.09419000437259405,0.007215632327433676,,0.06751538418248339,0.047759983146399614
2022-01-31,,0.09624488985632632,0.10137196657801104,0.09730013077286354,0.025246782552657793,0.003847904068054219,0.033372410151174266,,0.09873877675889789,0.010901341231751557,0.09720549741996655,0.05817683008364289,0.02124107644493439,0.05324495536135097,0.08801882841318134,0.09469808276162532,0.0070129018560711,,0.06542526896128951,0.047952356728201403
2022-02-01,,0.09565769440064852,0.10005624300256502,0.09782440180394043,0.025027438692308883,0.003944860407557571,0.03328860795443071,,0.10113267953964386,0.00972209851011199,0.09691180593615042,0.05946891083361717,0.020854681105802898,0.0533423741238292,0.08859586612652359,0.09310105753484228,0.0072076141686073575,,0.06544682095199324,0.04841684490742686
2022-02-02,,0.09491297844193054,0.0999539964418832,0.09786117176594056,0.024680327017084745,0.003822685571625254,0.032924191847197436,,0.10086683146190267,0.009532363819779085,0.09645105931034971,0.0592506933459107,0.020624867589218474,0.05347992576484928,0.08909313127933834,0.09497901414186871,0.0074391873393205785,,0.06577474381479725,0.04835283104700327
2022-02-03,,0.09523518471420708,0.10126183953760227,0.09719792037441136,0.024651804468416836,0.003923978275685184,0.03234768016612125,,0.103490758980798,0.009783023644302375,0.09915093140558509,0.06039551565150569,0.01819281050456576,0.05222310744922346,0.08503066392042392,0.09493681848971323,0.006881821611183497,,0.06651852442513018,0.04877761638112475
2022-02-04,,0.09496627077908265,0.10050464048217278,0.09823564257451814,0.024943536918983947,0.003772662146266496,0.03275479607778552,,0.10234954904365559,0.00962894794693014,0.09778391173831745,0.06012545321235877,0.018990974039288882,0.0529728180392637,0.08799872474928103,0.09360855680330944,0.006665563623737811,,0.06654427783033746,0.04815367399471027
2022-02-07,,0.0949181510189943,0.09950892202675488,0.09794335332489394,0.024727737319958403,0.003670903453768669,0.03328187238954219,,0.10269061695643995,0.00942989374768853,0.09785042302862425,0.06041757434795648,0.01946578169457062,0.052600988431966936,0.08838860192361608,0.0932801750482423,0.006629915434213256,,0.06700691679751986,0.04818817305524938
2022-02-08,,0.09369735342782531,0.09822777755047511,0.09777936333171826,0.024425686995003727,0.003572245514718714,0.0335830708956799,,0.10222744593709641,0.009537663132404854,0.09694468467772123,0.05971231965815373,0.019593216177128926,0.05267946914009516,0.09251194050731254,0.09496867334846454,0.006581217869142015,,0.06634996672725221,0.0476079051098072
2022-02-09,,0.09597819399938477,0.09754380498708401,0.09728197184417112,0.024041916699410013,0.003616155969108095,0.03442748605950372,,0.10115280256748324,0.009571182505397976,0.09511303361471185,0.05898862062093623,0.019596357315603274,0.05354273338715125,0.09174091575143846,0.09708399508064366,0.006434763927151602,,0.06552468224647469,0.048361383424346115
2022-02-10,,0.09553808584272447,0.09601958888417318,0.09534380386102762,0.02405836920934309,0.0036345348833459004,0.03492725131589787,,0.1024425217598412,0.009596832213897784,0.0955061456366171,0.059984234275562126,0.019685994050282082,0.0525461321546678,0.0884199386611254,0.10172225055595771,0.006541472223830244,,0.06531573441120846,0.04871711006049795
2022-02-11,,0.09323415831494883,0.09527176346689374,0.09476503641152033,0.024195925051971122,0.003688225914039747,0.034975830584133914,,0.1029215748492016,0.009635646843905658,0.09636112801273972,0.060957689155069224,0.019645715720911925,0.05588145829476763,0.08343876434481452,0.10285301527764008,0.006592017323803246,,0.0660175226226247,0.04956452781101408
2022-02-14,,0.09506216113092043,0.09563452656631301,0.09600863866014656,0.024264958300291736,0.003704343387671194,0.035532335720408405,,0.10163340742984452,0.009576013068313153,0.0952977016756366,0.05991329133124944,0.019483543407153872,0.05713193583041607,0.08335097958342004,0.10317729964789848,0.006618472981737399,,0.06467640314204649,0.048933988136532665
2022-02-15,,0.09582239001501446,0.09307721417301648,0.0953349313851096,0.0248454679928111,0.003683056462561737,0.03586157778060919,,0.09889649446451486,0.009375035903593188,0.09264423792255727,0.058869730777359866,0.019374689267416784,0.06021791266084858,0.08702173317672088,0.1051581408168534,0.006573868692891086,,0.06391925470464146,0.0493242638034801
2022-02-16,,0.09712494351297268,0.09269334293846555,0.09383372486494834,0.024977547667162158,0.003651146516194017,0.036716522984058135,,0.099143901191946,0.009476602027965153,0.09270166445195752,0.05941642065652428,0.020106178867626577,0.06104108357674217,0.08397360929086368,0.10453104618310224,0.006549037451538422,,0.0646090604760628,0.04945416734187016
2022-02-17,,0.09709070381879263,0.09323927624070694,0.09327661356646921,0.025477014059020777,0.0036970953753478995,0.037447101601352555,,0.09987300885817647,0.009526790497056525,0.09270408299903196,0.05951131292504071,0.020532033337901646,0.05916826710051382,0.08069040162845907,0.10464349590428387,0.006569721950000532,,0.06582025739169511,0.05073282274615018
2022-02-18,,0.09534691052313406,0.09495022882560993,0.09422865415177985,0.025613958064804352,0.0037390225641560754,0.036945640943463344,,0.10014266532080983,0.00959917532651841,0.09436713108057657,0.06039556368844667,0.020288537772644385,0.05913880749362722,0.08112525733974527,0.10215279135997496,0.006668954694066973,,0.06491579327295653,0.05038090757768563
2022-02-22,,0.0938332932275711,0.09495880231102014,0.09546839987288888,0.026081327408205256,0.0036986357126328325,0.036805979476007264,,0.0987957238864192,0.009577470839955,0.09457874729915332,0.060042739771271066,0.020256047563678478,0.05920823532079753,0.08173737566133664,0.10367830559736277,0.006789433510300086,,0.06519530614511636,0.04929417639628417
2022-02-23,,0.09326476318551775,0.09561983070692825,0.09573550371532656,0.02609809078567839,0.0037134919760499034,0.03638658369363871,,0.10057371918060425,0.009693667321096769,0.0949199282184992,0.06030334682065813,0.0203721990216977,0.0581137064642455,0.08140890420545696,0.10248017771267849,0.00692837636403446,,0.06524591401377988,0.0491417966141091
2022-02-24,,0.09404726126839319,0.0960914213947294,0.09684427901621065,0.02601935661731716,0.0036183938559027086,0.037093059776650734,,0.09767346551337894,0.009686710720382793,0.09418887986266786,0.05822332124524965,0.020808476278072092,0.06049075227470696,0.08398548117437969,0.10272921134078287,0.006850232118620998,,0.06334843074788366,0.04830126679467074
2022-02-25,,0.09564974513300281,0.09780503857223354,0.0976938105506075,0.026154230201548404,0.003731991175278587,0.037178716507642526,,0.08940565330403763,0.009732203524221652,0.0950374043526401,0.056983648452067596,0.021226461860089155,0.06096260326438552,0.0846889380527256,0.10368575843418582,0.006985796035202074,,0.06401002715454548,0.049067973425585915
2022-02-28,,0.09614668668229791,0.09788061090566536,0.09873209164956545,0.02635168101676855,0.003719518455724827,0.03698734332520197,,0.08956577164507032,0.00981629965386388,0.09445627536279307,0.05732633647688009,0.020912753651897587,0.061255535551407544,0.08511323603996372,0.10343938810476938,0.006909458581091709,,0.06363718875415235,0.04774982414288628
2022-03-01,,0.0953950713758447,0.09857380388196614,0.09908900786961758,0.026766207464487705,0.0037114073425990753,0.03741108536381064,,0.0905437594666157,0.009804729366870771,0.09313616929473381,0.05729546757664591,0.021243901178039266,0.06033416919599106,0.08366932452284599,0.10366018426598486,0.007268879082340031,,0.06417748689937286,0.047919345852233834
2022-03-02,,0.09483699314053716,0.09657022658202939,0.09689246312192976,0.0265960056038478,0.0036555338012988115,0.03706731289630471,,0.0927639160137151,0.009615228468902979,0.09170238661159787,0.060213533797588446,0.021104408832175955,0.05961576774789403,0.083053711987375,0.10688240209004012,0.007318344573762698,,0.0642602434610495,0.04785152126995057
2022-03-03,,0.09448455321835293,0.09860234829786739,0.09758321766998695,0.026671482322314116,0.0037588208996734537,0.03747640214413591,,0.09272375014859902,0.00964849183601685,0.09300856233613305,0.06044541862113294,0.021006806115223677,0.05768058440737797,0.081628298808142,0.1040814042733367,0.007440142490129537,,0.06482763088789431,0.04893208552368321
2022-03-04,,0.09536516420000167,0.10083381945229024,0.10292927679079278,0.026101212236254882,0.0036991408007545214,0.03571339900150653,,0.093884416604728,0.009606123859599792,0.093337768047782,0.060782161671278125,0.02030838217664788,0.05685799442099232,0.08121617796765607,0.0979279468805484,0.007519748541581181,,0.0654863300000073,0.04843093734757822
2022-03-07,,0.09681341975899467,0.10125524275019322,0.10354056943140762,0.024434519510109113,0.003668285980978164,0.035730590344671624,,0.09363867091182167,0.009951954170180195,0.09417969330762521,0.061281639881067516,0.021241512755224897,0.055083549766520606,0.0824573221362769,0.09510813605915672,0.007684814114103956,,0.06670171667316052,0.04722836244850744
2022-03-08,,,,0.20214193099627722,,,0.07037207072375902,,,,,,0.04008265617323831,0.11026283842716947,0.16805453699671746,0.1875835114180754,0.01487489842934771,,0.11698971707460858,0.08963783976080687
2022-03-09,,,,0.20269231539731758,,,0.07086030095384513,,,,,,0.04051381312907214,0.11301878117578748,0.16779310487426627,0.18688911856674875,0.014782318595562774,,0.11288355856236476,0.09056668874503497
2022-03-10,,,,0.20460194227406894,,,0.07089090836010457,,,,,,0.04094680438367799,0.11330505914444856,0.16849853761041525,0.18260667168379552,0.015015023075168532,,0.11363710414611097,0.09049794932220966
2022-03-11,,,,0.2060351382056353,,,0.07413701672110626,,,,,,0.04106388576501851,0.11206242746450498,0.166942556584821,0.17978095288625082,0.01554798067182881,,0.11438876686542622,0.09004127483540819
2022-03-14,,,,0.20895860435337124,,,0.07313103206344711,,,,,,0.03947049724269089,0.11280312562369876,0.164588461784152,0.17700268341667305,0.015658662428610026,,0.11693510398737922,0.09145182909997777
2022-03-15,,,,0.2068545631825687,,,0.07154958474865318,,,,,,0.038921096504788845,0.11711102220452091,0.17031663817089696,0.17675771427061399,0.015282994382678442,,0.1136882369662861,0.08951814956899301
2022-03-16,,,,0.20259700443491502,,,0.07169780748442083,,,,,,0.038436304555896736,0.11682732769911428,0.17066118010345557,0.18405984095634362,0.014948485757675708,,0.11092943148277169,0.08984261752540677
2022-03-17,,,,0.19930133235001501,,,0.07263213686486493,,,,,,0.03842272504188344,0.11869772853405779,0.1701941866661149,0.18431995600395584,0.014529778436569682,,0.11178179274525447,0.09012036335728395
2022-03-18,,0.10000000000000002,0.10000000000054068,0.10000000000000002,0.021996409370730514,0.0037850959595961825,0.036307646238576845,,0.09498145560232742,0.00981920415400113,0.08843105173769328,0.06195265949103689,0.020110507590915348,0.05488080579489312,0.10000000000054068,0.10000000000000002,0.007614422685506842,,0.05602054362138494,0.04410019775225614
2022-03-21,,0.10132347156710535,0.09985200152263066,0.09916231264136531,0.021837909371920417,0.0038799333445493924,0.035682956458733164,,0.09662819225500043,0.009808134223765136,0.08856339149584884,0.0624715284617403,0.019811225469633344,0.054605101148329546,0.09990893843364614,0.09944656936679554,0.00769101750608916,,0.055219359965683966,0.04410795676716342
2022-03-22,,0.10302855756005523,0.09808922681477615,0.09956632488951436,0.021679828661997323,0.0038091671307884578,0.03659913150041718,,0.09656863120472779,0.009737191623793742,0.08869696476062905,0.06198061097092098,0.01981964671843047,0.0546712236821537,0.09945391192928259,0.09912073299431023,0.007594028943062442,,0.05533197355643518,0.04425284705870505
2022-03-23,,0.10317131839674983,0.0983958235965795,0.09988254066300764,0.021530807968008447,0.0038175954975846614,0.03599716948947371,,0.09800265358914063,0.009840253112651496,0.08889200031974553,0.06276158126034795,0.02004117962945973,0.055074845403921636,0.09835180809338954,0.09700284696253976,0.007659332040615946,,0.05528527895365069,0.04429296502313324
2022-03-24,,0.1044060228202868,0.09649248274162135,0.1007532800931369,0.021665489658701888,0.0037209781608375536,0.036464703735881863,,0.0962476470309308,0.009697994355769374,0.08756558920213751,0.06094895253799273,0.020335793842946485,0.05676739491624303,0.10165694854720102,0.09670514516455714,0.0074187227423879515,,0.054804099673466805,0.04434875477590086
2022-03-25,,0.10306896025668086,0.09648512119835086,0.10083795431743443,0.02166283853142318,0.003724637523580437,0.036883986903153296,,0.09823923065207907,0.009651467236808903,0.08731979348982177,0.06244240080510842,0.020471704860756144,0.05624036042582799,0.10206776208235974,0.09626689784479543,0.007293219802190364,,0.052887006345516276,0.04445665772411288
2022-03-28,,0.1036233887136647,0.09641099387287543,0.10121418084444,0.021657019372080973,0.003686872921802888,0.03676997105590444,,0.09721461665588915,0.009399248075037768,0.08617113993829394,0.061732389823869256,0.0201350339620378,0.05695171207700043,0.10171018243556908,0.09822386584969085,0.00726175884590628,,0.053565470028769005,0.04427215552716794
2022-03-29,,0.10282324092447839,0.09668880888601326,0.10083682662300596,0.021721716596886972,0.0036428508119345504,0.036664435659078363,,0.09672323699708753,0.009637937980192827,0.08547720840495676,0.06127451559778344,0.020268153471697456,0.0574646076722511,0.10242382097239904,0.09926470283738877,0.007219169785960806,,0.053350685370421126,0.04451808140846375
2022-03-30,,0.10333869496003424,0.09814942634885948,0.10145454682225401,0.022023062413927257,0.003632965342988484,0.036961624279611485,,0.09770186695507671,0.00967405544155919,0.08583987304862659,0.0617178940565244,0.02033763027741566,0.056038230060040446,0.10057414882996554,0.09791584290709551,0.006903382299881872,,0.053293348266751715,0.044443407689387565
2022-03-31,,0.10593867117729,0.09830676727132506,0.10319128689828244,0.022208302900573355,0.00369934141693584,0.037222137697573994,,0.09204137453401008,0.009849624793835634,0.08593272534634167,0.06083536564244776,0.02066959919489966,0.056700359667793805,0.1005281097731329,0.09821793043331661,0.006762872284950136,,0.05341490719908373,0.04448062376820738
2022-04-01,,0.10764370376217143,0.09981838341721407,0.1041040056881118,0.02262248770479526,0.003744866952710897,0.03736308686181152,,0.0906193974860462,0.010201813622035611,0.08567460495346478,0.06000814171821591,0.020484207918278423,0.05490766831439077,0.10102834201874475,0.09729811973365901,0.0068155117862279445,,0.05381379328131613,0.04385186478080538
2022-04-04,,0.1086781224232867,0.09903122118659426,0.10403999676453833,0.022581096698360587,0.003662445904005337,0.03640924688198097,,0.09048199072181137,0.01005572912431213,0.08507946528570813,0.05933217175309465,0.0202115570291744,0.05545676008622722,0.10227836445273744,0.09784554872006668,0.006707042409342601,,0.05403705719687359,0.044112183361885694
2022-04-05,,0.11102226531076997,0.10013346970938568,0.10397967152273353,0.022632024458599364,0.0036400854967676382,0.036391519961540164,,0.09215885873136356,0.010099897340780812,0.0857491193217547,0.059388156770267174,0.020369423130107346,0.05297184487407329,0.09899385709840848,0.09717751767050131,0.006691080558315925,,0.05410499227646919,0.04449621576816191
2022-04-06,,0.10653570918243473,0.10097639765807741,0.10443868471322448,0.022571859736179964,0.003702084533765845,0.03691587264143152,,0.09141961304857153,0.010050018558058078,0.08610148848359413,0.06004183238442636,0.02036498602424152,0.05341049920263287,0.09873342050903552,0.0985194101553567,0.006651678479524932,,0.0541960311581112,0.04537041353133311
2022-04-07,,0.10711207513478074,0.10199273603635545,0.10446911041637913,0.02251071468639948,0.0036935889357775633,0.03603327695135883,,0.09248808672476477,0.009994764911327636,0.08470570199137949,0.06157616684277427,0.020208566679771733,0.053889924002616246,0.097423146730924,0.09769615821464525,0.006637484916685564,,0.054379771894142406,0.045188724929917504
2022-04-08,,0.10736068879013365,0.1028313303588244,0.1033633504898668,0.02294223203019957,0.0037765773475763494,0.03602229635687132,,0.09349600479251816,0.009907936979418653,0.08541458913962507,0.06312188709375802,0.02021777223193216,0.051777048110834674,0.09531984914513128,0.09790253519450112,0.006743201227999427,,0.05431452995929988,0.04548817075150944
2022-04-11,,0.10611199629961754,0.10247509341374031,0.10423635909601978,0.022925048172714683,0.0037478321548105307,0.03576797945949386,,0.09432396132749843,0.009905882122111865,0.08583668931512237,0.06306681152036114,0.020165311686973792,0.05068638783687747,0.09332838554592551,0.09941441381661138,0.00684244438878635,,0.0550499564737996,0.04611544736953548
2022-04-12,,0.10658945962205488,0.1027371923766959,0.105216690481731,0.022612784831888253,0.0037842079880977615,0.03568658313181256,,0.09473196280067242,0.009947057628849768,0.08566421641614703,0.06152858097300927,0.020130790335857292,0.051488871188227966,0.0926054900213166,0.09954033308175415,0.006791626297835434,,0.054259520217658994,0.04668463260639076
2022-04-13,,0.10801730499245232,0.10115112451863878,0.10470636649847026,0.02261999192069318,0.0037846380674225314,0.03570047985352939,,0.09356494600523171,0.009875533889596267,0.08500831410668586,0.060782891986869106,0.020564827458563285,0.05305832914597658,0.09580008964452547,0.09840316600556362,0.006834254073560301,,0.05391607538160933,0.04621166645061215
2022-04-14,,0.10671163915990901,0.10156380151700488,0.10401477153769913,0.022637201830522702,0.0038212489515709056,0.03519754148646886,,0.09521748983870543,0.009897142128428727,0.0867886361941344,0.06195638582811968,0.020080039527878256,0.05304111041987134,0.09461642903423459,0.09781402432282185,0.007183136000318338,,0.05356455476955998,0.04589484745275201
2022-04-18,,0.10529462569774574,0.10049454165343241,0.10514415407404566,0.022375050650483185,0.003742002479515321,0.03492534948314647,,0.09514739749353003,0.009895988129180959,0.08628222739015515,0.06259404118488822,0.019812812803637357,0.05449164187755502,0.0947540563037787,0.09812145901429735,0.007116773923128913,,0.053512216537188496,0.046295661304291
2022-04-19,,0.10503348391509175,0.09912117954918735,0.1047289160665516,0.022346919882553967,0.0036856420995093273,0.035080155747132725,,0.09409469760328637,0.010008867632511043,0.08638811274111131,0.0627119369716751,0.01969909901284839,0.054640091448328126,0.09563072047046867,0.09801024436773305,0.008474008817123641,,0.05348773792894287,0.04685818574594469
2022-04-20,,0.10309795690882069,0.10062839183983677,0.10411443724653002,0.0224577189052392,0.003742634245846947,0.034904929751138576,,0.09559267477298398,0.010239332522798478,0.08583257959183943,0.06395736290901367,0.0198162376151796,0.05372157566694983,0.09387935243436318,0.09812185174108981,0.008515421391493356,,0.054241184507179824,0.047136357949696665
2022-04-21,,0.09963737949389338,0.10158082370314371,0.10562432641596517,0.022789787945747063,0.0037644032029125565,0.03511651629256099,,0.09611028325219091,0.010289966455275334,0.08764076170543005,0.06456635726213818,0.019716584406325108,0.0528544948666192,0.09147003398514039,0.09721970213837004,0.008237631007598925,,0.054458804867224535,0.04892214299946448
2022-04-22,,0.09977225097186504,0.10080040450942729,0.10696654008487738,0.022958321796470945,0.003790611883731734,0.035478460453025745,,0.095602160791432,0.010178242692793903,0.08753025552332347,0.06375840182576921,0.019903806102835625,0.05253183236700961,0.09127020483035723,0.09729617643574821,0.008379681580534983,,0.05451941001965798,0.04926323813113944
2022-04-25,,0.09948232874834331,0.10119298203717125,0.10567528696913117,0.02316861849666662,0.0037100652906986893,0.03523459077257384,,0.09498439752310946,0.010216931330584279,0.08781559785761842,0.06222075843184887,0.01999609975021837,0.05388453532961738,0.09337377626921685,0.09689891256036862,0.008330252707477524,,0.053755152626428854,0.05005971329892658
2022-04-26,,0.09933327871841643,0.1011292076445694,0.10378678006250508,0.02296480965370118,0.0037261028849553514,0.034972187259531655,,0.0963705298855584,0.010267161448193389,0.09342714326266112,0.0628544921784858,0.019869538252794854,0.0520981237727881,0.09184201385457517,0.09559415486758628,0.008301537328908577,,0.053290504311424056,0.05017243461334509
2022-04-27,,0.09906271111457524,0.1031100891782166,0.10342839536888326,0.022588832975355792,0.003716414772529118,0.034916924634296416,,0.09623285086438252,0.010290565015721582,0.09463456379209197,0.06307712557158626,0.019299772545702278,0.051732625463828036,0.0897436576577483,0.09447312756014839,0.008352181933952131,,0.054815761821409334,0.0505243997295726
2022-04-28,,0.09989411700798033,0.10399628721278457,0.10295366258400117,0.02260142477387898,0.0038323908613475542,0.03466365044295764,,0.09558893931251018,0.01023426461024675,0.09182056350447305,0.061951026356852894,0.019098798591810136,0.05229847137973164,0.09293640272886457,0.09587145697065462,0.008279009843770642,,0.052934931528035016,0.051044602290100216
2022-04-29,,0.09843831611217024,0.10423522503513874,0.10150667062791606,0.022552038189835727,0.0038961353511683715,0.03509984560989003,,0.09630198846333664,0.010258101876068352,0.0915421974549456,0.06273483355173659,0.019229183552618847,0.05117791390018111,0.09101782946326767,0.09602046149614343,0.008348032886188914,,0.05449208339116087,0.053149143038232816
2022-05-02,,0.0990841697724832,0.10217721443392726,0.10336177757080342,0.022617827278151252,0.003675503409796024,0.034698279949170505,,0.09527760324705543,0.010175070313230903,0.09156370914166372,0.061245629036568536,0.01926102976066565,0.05260169801846708,0.09223650710250578,0.09733990626387112,0.00822425307983921,,0.053640785092566395,0.05281903652923468
2022-05-03,,0.09372965172634126,0.10118508895546564,0.10271142679219998,0.022244873434247008,0.0037190283357561725,0.03469638048276084,,0.09458074229230745,0.009479481544057937,0.09064983635331779,0.06070649268859066,0.018745171877870066,0.05776283089872879,0.09138444785507883,0.0968517469069058,0.008290229474949895,,0.05375713166196123,0.059505438719460596
2022-05-04,,0.09333600189795352,0.10030014083610067,0.10298725772121166,0.021889106326891873,0.003611120688291225,0.03542244000485707,,0.09315838619661898,0.009163081785172363,0.09026593540161044,0.06094632521151795,0.019702570048917324,0.058262285456757795,0.09192588921360599,0.09656328606042719,0.010486196469901423,,0.05342456902494176,0.05855540765522281
2022-05-05,,0.09162884289670149,0.10043809614306266,0.10319849029293629,0.02168780286057188,0.003601493974068525,0.03531660143295613,,0.0936879434758395,0.009054744377761492,0.09204700567100133,0.0628320390281374,0.020364886314125686,0.05722774703718123,0.08873894068671993,0.0974677666822099,0.010196597917146525,,0.05321813336337578,0.059292867846204245
2022-05-06,,0.09264827258759553,0.10059046290498654,0.10411287714338165,0.02173646626924349,0.0035829968117426086,0.03479662223421082,,0.09150767756091194,0.009155927214216016,0.0939346805702599,0.0625456390463228,0.020657316991261082,0.056916091074136664,0.08872954179360147,0.09711477374496796,0.009977055348173723,,0.053760746561301906,0.05823285214368592
2022-05-09,,0.08877471728190561,0.10235978394374812,0.10494717504450142,0.021577165734431077,0.003539199144880404,0.035074628527021846,,0.09425932496426187,0.00913401625858639,0.09467543311730542,0.06563950354526149,0.02097696748508305,0.05413325290654091,0.0857552434587144,0.09733198291340754,0.009942096472480703,,0.05431608875796515,0.05756342044390451
2022-05-10,,0.08962263013886647,0.10068588516313114,0.10654139498265386,0.0212913731822939,0.00354520037973791,0.036225540810037545,,0.0932447294940487,0.009103369023427354,0.09368135447915854,0.06603851840758575,0.021159256838716514,0.053978790618410794,0.08650212838603523,0.09712260136426526,0.010131270911888294,,0.05372618044644811,0.05739977537329468
2022-05-11,,0.09022925669524326,0.10260737385342136,0.10695958156008335,0.02137347377217075,0.00362187530917099,0.037748767763132164,,0.09363689225388586,0.009466286506286151,0.09334920142716378,0.06524726755211553,0.021749056188126042,0.05199225959827916,0.08478480814064984,0.09712343424737203,0.010078465507867826,,0.05268644873035207,0.057345550894679874
2022-05-12,,0.08900145421959739,0.10297149498381855,0.10772814171409807,0.021221817325245664,0.003581156340351725,0.036913162135564996,,0.09228612293816255,0.009367725523661578,0.09423822993652858,0.06545670867532401,0.021238589774296955,0.05219643667131626,0.08453789671428213,0.09820998676950095,0.010450374587819895,,0.05341460596770471,0.05718609572272594
2022-05-13,,0.09107150713073381,0.10112992513255382,0.10613467963810164,0.02108117905867451,0.0036182335487312694,0.03609707133057296,,0.09091289831986342,0.009350740758512976,0.09103675694565738,0.06389897366156316,0.02100206884538269,0.0554813781436673,0.08891242114637003,0.09971791875908777,0.010215292402954919,,0.05278410695140075,0.05755484822617151
2022-05-16,,0.08945729377844835,0.10112968473592057,0.10668313304791141,0.021028854966127098,0.003719664465008364,0.035655011994178275,,0.09228330238960415,0.00924298020938171,0.09158276526349557,0.06498518214809071,0.020637757064342396,0.054438615481489844,0.08653677390554099,0.09925570480278875,0.010433873628645346,,0.05502434686708423,0.05790505525194213
2022-05-17,,0.08773030053166621,0.09932134348325583,0.10682363068540725,0.021056562218873188,0.0037757025525083665,0.03581607726761633,,0.09167041904102878,0.00903854953480563,0.09051482526885105,0.06540283251035987,0.02055523491322857,0.05542512266107844,0.08769229920158386,0.10063828804449312,0.010297066428312822,,0.05553357139723127,0.05870817425969948
2022-05-18,,0.08835004968969802,0.10017143055307161,0.10569626581765469,0.021163204911538468,0.0038802749658733552,0.036880633465184345,,0.08970845531154527,0.009081069550167112,0.0895762063470618,0.06482798544143416,0.021060920237094185,0.05433405182871758,0.08724046856714075,0.10120227031468576,0.010509642242139417,,0.05651600111360154,0.05980106964339198
2022-05-19,,0.08928486969232391,0.10215693228581608,0.10367846824317087,0.02114013824068013,0.003848941961284373,0.03489788147934386,,0.08725961671811593,0.009061107710534129,0.0904095576704353,0.06350877013965817,0.021289546501611883,0.056479105078152826,0.08823355738906892,0.10136349062160548,0.010378987322593503,,0.056859630648407336,0.06014939829719733
2022-05-20,,0.0914654527428364,0.10431064727107614,0.10406151570918218,0.02131495542353045,0.00372399396907433,0.035491312317427394,,0.08578611745811703,0.009205343254264179,0.09007632198977598,0.06019323328487789,0.021540493531847307,0.05716184035894875,0.0886621871396996,0.10147411594637457,0.010321552046220987,,0.05571742796616879,0.05949348959057804
2022-05-23,,0.09029372697038268,0.10474780055845734,0.09984392755204127,0.021268455930980867,0.003766487429841511,0.03675237567505555,,0.08751320260935977,0.009123714758746283,0.09097953269729686,0.06110055748825523,0.02136875805872927,0.0566196417869277,0.08913777278271769,0.10152504393814815,0.010153183574908875,,0.05639433596136665,0.05941148222678431
2022-05-24,,0.09021893325431779,0.10682070431967153,0.10202545042073267,0.021231048860345908,0.0038169235255978515,0.03490895418055059,,0.0889230161621297,0.009178467175604959,0.09192268527753594,0.06295788639847916,0.021010987308872943,0.05390106680281389,0.08722474904175616,0.09960192640003313,0.009989388891731694,,0.056133059116455906,0.06013475286337011
2022-05-25,,0.08933235197765818,0.10416712168345131,0.10119409412329848,0.02109136400053553,0.003723655755173154,0.03371364750817015,,0.09219255245612562,0.009048748231363707,0.09111411480769817,0.06307249397548925,0.02081548229464356,0.0546186663026988,0.08794025578673913,0.09937971719249962,0.010064590082053812,,0.057089279970461156,0.06144186385194049
2022-05-26,,0.08904551505490095,0.10269926667659668,0.10158379113213534,0.020835733246729878,0.003685281233936715,0.03363944759114391,,0.09071259907173822,0.009070272040691937,0.09225652213259446,0.06184090241010444,0.020452676761305785,0.05549549135849962,0.09004247495213501,0.10017711598864476,0.009861721065306797,,0.0573980679278542,0.06120312135568118
2022-05-27,,0.08675671354360391,0.10004564948131421,0.10281328578554377,0.02059820825645043,0.0036468998479834247,0.03427862398458409,,0.09772242752049551,0.008833729137866158,0.08918236607476465,0.06179820848446543,0.020048005226428033,0.05722813120091479,0.09183061025906228,0.09939566684732352,0.00945954546620004,,0.05642746401695409,0.05993446486604581
2022-05-31,,0.08471049005186848,0.1004775915386991,0.10332876256621178,0.02022751248549968,0.0037267766374391663,0.03487749531351578,,0.09956163581102197,0.008844564487606208,0.09059357432000392,0.061708435653230295,0.019845271034580086,0.05728412069370234,0.09020263710767402,0.10118257833385318,0.009667902107720002,,0.05471453589807794,0.05904611595929608
2022-06-01,,0.0848280051563705,0.09877071901278654,0.10276231700926562,0.02056128403138697,0.003744681853362975,0.03474004445275333,,0.10155485366264111,0.008843905527547114,0.09015288410805689,0.06282233877418639,0.020095351531310913,0.057281501934641155,0.08905034301478107,0.10135260004976732,0.010049530293512255,,0.05439568555735724,0.05899395403027262
2022-06-02,,0.08639177931735785,0.10022141634151965,0.1009234196321925,0.019835969675227473,0.003696871148843427,0.03497990813416552,,0.10037750855921397,0.008825068089439649,0.09074201133651731,0.05816049621736375,0.01990802228648787,0.05900600142462736,0.09203638418147282,0.10145659059633694,0.010520221130022605,,0.053740026391499815,0.05917830553771151
2022-06-03,,0.08629588210071008,0.1013761742588791,0.10130333724907659,0.019590909325846274,0.003798684109497129,0.03509833682196862,,0.10259225590874833,0.008967390606732675,0.09148714607547599,0.06021159430439927,0.01952656934726845,0.058618797203004114,0.09077010590587149,0.0967346239352152,0.010685183536527657,,0.053945110868234,0.058997898442544994
2022-06-06,,0.08630875959004884,0.10156258554397023,0.10052239746799807,0.019758306164335954,0.003804947508795784,0.03605114502537294,,0.10034942343165829,0.008992466510959566,0.09126024986071611,0.06057004126955389,0.019891744478717423,0.059577125880418136,0.09161750833374133,0.0970370630120467,0.010672707952726236,,0.05360534580338999,0.05841818216555065
2022-06-07,,0.08590095683902439,0.10085345784159325,0.10139589510636351,0.019224637351913473,0.0037843165777366977,0.03577738123086761,,0.10141607057012586,0.00897423438759724,0.09009073456376024,0.060354512540382876,0.020203570988335643,0.05979039688147114,0.09249608076783265,0.09637110869660447,0.010787014543636965,,0.05426833755347769,0.05831129355927628
2022-06-08,,0.086474430877489,0.10123644024183341,0.10205899191609095,0.01953694869750394,0.0038295506918155048,0.035734364562417645,,0.10164014270778263,0.009077260755361052,0.091790398737405,0.05997889448440109,0.020374156525820548,0.05891239332949696,0.09171139755743009,0.09522780951648613,0.010622176494456575,,0.05482112037176164,0.05697352253244789
2022-06-09,,0.08503914167203783,0.10221196188231031,0.1032957411541421,0.01940913124727247,0.003869817055005285,0.03484556138858931,,0.10466927199880455,0.009134556421018847,0.0903934313174353,0.060579087601212826,0.02029270551843366,0.058821626804721056,0.08978202501486184,0.09431601902625189,0.010114298823476853,,0.05582135228571568,0.0574042707887102
2022-06-10,,0.08490943503319448,0.1033918567994892,0.10406478669909776,0.019432122675937174,0.003958001773616132,0.03555840296976512,,0.10582144435790157,0.009131205885704137,0.09090920071189028,0.06076479132988551,0.020627735469362474,0.05812807691798364,0.08743079208793446,0.09267692434986552,0.010175150672456293,,0.056257923332962465,0.05676214893295373
2022-06-13,,0.08655425924120326,0.10486902160786571,0.10463209019970368,0.01968797668570774,0.003929329344847381,0.03590249275179223,,0.10684835465798122,0.009191961240885445,0.09168060384572625,0.06154866260905953,0.020740480624012504,0.0561674933096303,0.08438277039179264,0.09146216060621326,0.010277980399910801,,0.05651522776268733,0.05560913472098074
2022-06-14,,0.08644940225611951,0.10544683270226402,0.10518557904495904,0.01923592692583974,0.0039833118568242615,0.03539285140939443,,0.10708063802500216,0.009153520255509646,0.0921660770680449,0.06135397785846272,0.02073193395319832,0.05855550128806031,0.08398606752123558,0.09126408384306735,0.010160574594604945,,0.0554930773579464,0.05436064403946662
2022-06-15,,0.0860651237312858,0.10483996769496641,0.10503406319997675,0.019808350319782633,0.004005444109183441,0.03509512489213848,,0.10681294981769465,0.009148371668879506,0.09267428419872159,0.062230919100013125,0.020696664220624463,0.05921566529048014,0.08399938311357497,0.0906236895671006,0.010209718400903425,,0.05514758164732191,0.0543926990273522
2022-06-16,,0.08889064084415048,0.1051799894199576,0.10510615368319519,0.019844782226469855,0.003840272375466645,0.03513686274610519,,0.10851776192257126,0.009115963153024495,0.09426668527995997,0.06262824871198827,0.02055280650925751,0.058335708018231756,0.08150290927710667,0.0894734771235912,0.009823376197932004,,0.05426842190174603,0.053515940609245874
2022-06-17,,0.08922863795304734,0.10000000000036204,0.09999999999999998,0.01911287399686453,0.0037285211294254437,0.034471355515038604,0.006926667575124784,0.09488408713586591,0.008885050355188932,0.08542312092220254,0.05624496014405741,0.01927191805487859,0.06215783054850123,0.10000000000036204,0.09999999999999998,0.009423808680541903,,0.05464434831907702,0.05559681966946168
2022-06-21,,0.09027755679507955,0.09883422380044612,0.09905012070851565,0.019183665059777116,0.003838005327012341,0.03448960880410666,0.007216778870234212,0.09634560611399107,0.00906742660993599,0.08431967931588873,0.057106164203072865,0.01938934223928845,0.06302580631161615,0.10008122820407137,0.09989583729425851,0.00963843399585765,,0.05354972360142948,0.054690792745418035
2022-06-22,,0.09067507521096814,0.10017642074505374,0.09893801739892472,0.019293360878851636,0.0038152104044114348,0.033950431847722146,0.007104962617726468,0.09649435378600331,0.009093611974157782,0.0839591840656135,0.0571106156323985,0.0195192064606014,0.06218440269633349,0.10002669646534641,0.10042933885244697,0.009429394252368837,,0.053543630480072615,0.054256086230998694
2022-06-23,,0.09261907270518605,0.10075904506910639,0.09860051124453997,0.020056575739641598,0.0037269548536064067,0.034806974542912435,0.006789236795004073,0.09681595067151018,0.00910572028056291,0.08374765207380194,0.0564504185383937,0.01946076455295685,0.061732436174591836,0.0993596578097037,0.09981929557151947,0.009004240220466449,,0.0526308057787543,0.054514687377741705
2022-06-24,,0.09352196520484683,0.09982450929419778,0.09756583686357465,0.019682462877118095,0.003704713878731012,0.03543247799349313,0.006741065655780564,0.09576243842297066,0.009310237104857956,0.08377671753636637,0.05629519384488318,0.01971925875454458,0.06249471586594444,0.09990826356539147,0.10015845820152372,0.008917020531281955,,0.05323624486233231,0.05394841954216138
2022-06-27,,0.09265893196085632,0.10035802046251015,0.09693094537194631,0.019552243515668807,0.0038585700020640737,0.0356800416950133,0.006280302920150969,0.09563662198652946,0.009281114582707336,0.08510747253860056,0.056562499996528744,0.0197334627331701,0.062114130689998874,0.0987700611253526,0.1007175057308589,0.00901707663332444,,0.05323572381070822,0.05450527424401089
2022-06-28,,0.09179264185314104,0.10101049840241956,0.09820221026440783,0.019801590592431605,0.003856944202073916,0.03482597788101204,0.006464825541855581,0.09579726167570309,0.009290336163362074,0.0854293528743839,0.05654444921640116,0.01983862442165832,0.06081386222836737,0.09660716427617379,0.10190844322444696,0.008963562640662358,,0.05380621033434475,0.05504604420715471
2022-06-29,,0.09308956739780339,0.10223389499840287,0.09834087605047855,0.020017055899043786,0.003843780234782436,0.03452060766550696,0.006417544848542985,0.09446971052261621,0.009573020607309368,0.08654984815819904,0.05587886954948005,0.020258006466992717,0.06114644720310967,0.09613966209449161,0.10044342897045314,0.008969657978471936,,0.05368110830982356,0.05442691304449165
2022-06-30,,0.09322471124978884,0.10366062148138068,0.09877158834717105,0.0203079523703085,0.0038618288639918432,0.034348609458019305,0.00653731799834784,0.09311408471373218,0.009576511554823629,0.0854504297581555,0.05627273866618195,0.020149507108565348,0.06062635860477587,0.09569050841894491,0.10072648785017875,0.008893634691526436,,0.054352217205560736,0.05443489165854669
2022-07-01,,0.09516552279985778,0.10513320908604361,0.09948332631066048,0.02079234533347524,0.00392886485101672,0.03394188322719644,0.006494892188874741,0.08845444462886283,0.009820807562743077,0.08864257318326477,0.056356006626684656,0.020257190347715406,0.05905262253551836,0.09583958886766332,0.09985422681326976,0.008868965138505807,,0.05387457268589844,0.05403895781274849
2022-07-05,,0.09688168960401287,0.10427325372332191,0.09808414113914214,0.02051922541052091,0.003807966010193341,0.033037289055207565,0.006538885480455435,0.08828636549765599,0.009778825979409028,0.08698929384234542,0.05522237810663404,0.01972995978912411,0.05907120818207194,0.09564665196887587,0.10447959903209737,0.008737741732988918,,0.055003727830101656,0.05391179761584143
2022-07-06,,0.09883404041618907,0.10457487858158453,0.09874813687688695,0.02059045442278009,0.0038211741428674953,0.03206113297211047,0.006197386744030503,0.08593340040538229,0.009700114747877277,0.08720850263832274,0.05458541080182693,0.019719170227157006,0.058791435708417134,0.09701264084864185,0.10506610558059681,0.008718792309844835,,0.05483925294049121,0.0535979696349928
2022-07-07,,0.09905247880297864,0.1035450735356704,0.09896629950207068,0.02020334930856883,0.003852778956151042,0.03209400640289213,0.00655219137619469,0.08467892805928438,0.009538196033475433,0.08649417324311975,0.05403574813333258,0.019415400212887363,0.05967510944631629,0.1000554232168218,0.10448257166376589,0.008719579956106692,,0.05539292142624311,0.05324577072412025
2022-07-08,,0.09943243469348921,0.1029655036864147,0.09840246795627995,0.020524686643619595,0.003777807716739665,0.03188468290384774,0.006497101939367922,0.08415702798435827,0.009496778326955946,0.08592461351509824,0.054360253695999346,0.019812338598623087,0.06058941694335429,0.10035254736278718,0.10437689633921912,0.008689539387706434,,0.055355015543863656,0.053400886762275425
2022-07-11,,0.0998862416035627,0.10332032088744807,0.0969668257268976,0.02066244206183212,0.0037739725468386607,0.03184041328617841,0.006214903848026794,0.08475434989788455,0.009580604724486208,0.08695761610412091,0.0548277068351555,0.019743356055040497,0.060845066176197136,0.0982877887189597,0.10381127009813106,0.008817180036978955,,0.055903578550790284,0.05380636284147082
2022-07-12,,0.09649882104123715,0.10251958026512846,0.09665736716699772,0.02043628211489697,0.0038227646497117924,0.03129113749152985,0.006225393201039006,0.08588008218044028,0.009689644718320567,0.08674131544851921,0.05505623029585836,0.019508863186457743,0.06017467516736491,0.09891735137603368,0.10618062112922749,0.008947480697191578,,0.05621777123062636,0.0552346186394189
2022-07-13,,0.09649380355294297,0.10205306736807927,0.09667376735866172,0.020705491781827096,0.003798969798090011,0.03134945208942215,0.005975400946427821,0.08607187901897358,0.009531788879402855,0.08638059665895721,0.05444530154629154,0.019627266668137733,0.0604015955892484,0.10021252459712406,0.10566261914192808,0.008984176296487408,,0.056046615793726454,0.05558568291427166
2022-07-14,,0.09675973296148885,0.10238414618237866,0.09662993517465779,0.020352835793715638,0.0037497853815294576,0.03144094253354353,0.005968671800604161,0.08473206734159734,0.009503228941053064,0.08517627187449972,0.05417918184774375,0.019759529897144208,0.06142873823312538,0.10167498559178162,0.10592939782124208,0.008921722174933077,,0.05649422096140809,0.05491460548755363
2022-07-15,,0.09661618380901543,0.10182622072471273,0.09608943637523427,0.020176744713510785,0.003705140955251197,0.03178343437193378,0.005927894773443605,0.08389022416232822,0.00944043487082882,0.08609739623900103,0.053823179093191176,0.01993905933977548,0.06198699907873102,0.10137828206755983,0.10688215071559848,0.008902095294443217,,0.05645548081345767,0.05507964260198322
2022-07-18,,0.09644989319974523,0.10122230393754375,0.09620424357371091,0.02020860354806736,0.0037369863848270065,0.031679550671620496,0.005978844617948969,0.0835682481583905,0.009402812008101688,0.08567840643306904,0.05382921884343135,0.019884667247916366,0.06225282268274071,0.10306710203920551,0.10594277703977799,0.009061822473076,,0.056883237353482274,0.054948459787344965
2022-07-19,,0.09645577840200849,0.10086170781840882,0.09578184246009475,0.020296963560174755,0.0037156282138366588,0.031175635463754722,0.006175904188323882,0.08240061119523402,0.00947350895420969,0.08579348855327053,0.054127886466451273,0.0197097176924514,0.062395496900657384,0.10604679468235165,0.10499213746163807,0.008986808175601395,,0.05696071189987058,0.05464937791166197
2022-07-20,,0.09518379061197499,0.10095455698592777,0.09479380632063499,0.020100732635980098,0.003754084915072524,0.03185317290491861,0.0061545917741642284,0.08139884965599573,0.009444226071013414,0.08513138744885766,0.053873944813299476,0.01984929350894736,0.0637124274077831,0.10768559634280778,0.10494854425288469,0.009202708396215368,,0.05698815481889073,0.05497013113463145
2022-07-21,,0.09468462086863093,0.10120803930112234,0.09454108723094157,0.01993907579519699,0.0037961503078059312,0.031881198018401585,0.006006723085903868,0.08104367558263703,0.009607995464091097,0.0849343097783606,0.05357626805181674,0.01976647407634805,0.0647074633709978,0.10783435584267917,0.10392338837239709,0.01025786745036422,,0.05721213768013733,0.055079169722167615
2022-07-22,,0.09440397816555458,0.10426022633659943,0.09657131746003314,0.019976862104980057,0.0038444519478253204,0.03238187294867523,0.0058741752091648535,0.08115417902185472,0.00972794698863027,0.08648312444583318,0.054176261796808546,0.02006713366436925,0.06396426110394329,0.10605882579939548,0.10326496218812233,0.01039412839669104,,0.05419301381457621,0.053203278606943044
2022-07-25,,0.09572947018835104,0.10432012991192258,0.09706417527650295,0.020045476980406464,0.003914832394827217,0.03208606853285713,0.00610066477741513,0.08238397996497739,0.009709174551171018,0.0870957124945409,0.05478144873982362,0.01999514240532683,0.06327978061766604,0.1037882664989375,0.10174821133005225,0.010804873517954824,,0.054211402136796094,0.052941189680471096
2022-07-26,,0.09602524886660557,0.1047421343121936,0.09714978232552432,0.02011359027627313,0.0037077873553457235,0.03234222452753164,0.006614793427247381,0.08202915681966477,0.009920923699664503,0.088624064863232,0.05472586868919982,0.020323583238012966,0.06235533115846391,0.10172495632437407,0.1013716880375166,0.010691574617526284,,0.05421627570961603,0.05332101575200772
2022-07-27,,0.0973862765297678,0.10751793972822038,0.09629275689788182,0.019830470859620444,0.0036342066938387773,0.03145733941355382,0.006989903477926938,0.08027462720537377,0.00977785082497741,0.08749918596282526,0.05329726461543588,0.019910988515549944,0.0639138008144737,0.10453639245704928,0.10093386603974486,0.01019945222673151,,0.05373987295260412,0.0528078047844243
2022-07-28,,0.10108883072569184,0.10887094918746935,0.09555700948800845,0.02007625532070605,0.0036854596574659826,0.03110048343515146,0.007526768942370473,0.07921515292848734,0.009806674878572967,0.08673922423501908,0.05272595149332684,0.019786062940577998,0.06405312782536111,0.10419351035218516,0.09946709545481136,0.01037134458754897,,0.05355073708460926,0.05218536146263626
2022-07-29,,0.10110483650168292,0.10835408148651166,0.09486912310924032,0.020017113266053595,0.0036564908201588073,0.03093866833359692,0.00785900595731022,0.07932437995745133,0.009920287823618474,0.086950422366377,0.05267436812416845,0.02008008079589048,0.06406687767275382,0.10670728872455591,0.0979858700333227,0.010425406963062451,,0.053072080259700394,0.051993617804544534
2022-08-01,,0.10206428913455849,0.10738306289749223,0.09501011971165904,0.02007699756963098,0.003621390973746095,0.03109694782292881,0.0072681820547331275,0.07996498880867105,0.009890307657014149,0.08599799780352275,0.05328781542056526,0.02012449808094741,0.06360140216611353,0.10607338530896941,0.09907357459556305,0.010661545264523285,,0.052784268385886,0.052019226343475354
2022-08-02,,0.10138703681796822,0.10723175909212997,0.09402087355608477,0.01998982404151908,0.003642519287788246,0.03099361480920341,0.007455098812507957,0.07785430722582282,0.009955989903627628,0.08532138556288993,0.05237550663873633,0.020133628311329695,0.06959287462694344,0.10664198997695173,0.09887460997824062,0.010850804213154564,,0.05237504184917105,0.05130313529593054
2022-08-03,,0.10316700260300175,0.10574278546349307,0.09450200711221814,0.01975045629900735,0.0037580514834595906,0.030545840029981862,0.007645713766576271,0.07636909064581046,0.009733608542241907,0.0842924859175477,0.051525792000239996,0.020232762230993483,0.07071581940494186,0.10888119933646778,0.09942356914108263,0.010780390475254125,,0.05187275419384454,0.05106067135383759
2022-08-04,,0.10380685691661848,0.1058550518949073,0.09530868314684145,0.01980161333203623,0.00370305794176582,0.0305414864692826,0.007756555526324453,0.07575352201923173,0.009823431821823835,0.08391627433921714,0.05141390062924586,0.019687293527294928,0.0712034001629102,0.10697008949998679,0.09999462037347823,0.011099603868527343,,0.051907480652067045,0.05145707787844064
2022-08-05,,0.10720059170117185,0.10635729229673707,0.09541856125647195,0.02003340503092718,0.0037081806770145435,0.030401049952845743,0.007651140566996904,0.07812034836414264,0.009777825695215063,0.08266373394116337,0.05184456629948064,0.019735744571561024,0.07155773975065702,0.10654604640403662,0.09663882851557727,0.011123402244052871,,0.05250406771703185,0.048717475014916384
2022-08-08,,0.1060486612394494,0.10689641801931697,0.09483753201252221,0.02000779099207639,0.0037464178159480085,0.030682545022198086,0.007584566174587476,0.07849538640207,0.009729528278467398,0.08331765766124552,0.052255492815326945,0.02008196501864035,0.07242372951037317,0.10459535972066777,0.09554937886969964,0.011559207343694314,,0.052792551541559186,0.04939581156215712
2022-08-09,,0.10623491234630722,0.10864481251670048,0.09567651260583299,0.02034950178366619,0.0037940239835225938,0.03036628040985489,0.007767064257054049,0.08045817795734671,0.009843424799801237,0.08481044272787311,0.05280292612661081,0.020055538142180824,0.07143589084935494,0.09965736888066999,0.09500874747584037,0.011378264070129327,,0.051993473997043876,0.04972263707021041
2022-08-10,,0.10747788170620555,0.1069868459333643,0.09487401492641304,0.02036935856855456,0.003850992063236929,0.02980592041858556,0.0077014369164665145,0.08094055500030178,0.009871274914988615,0.08465260984465876,0.0521106464763845,0.019897701406943923,0.07119200393889549,0.10258769164247915,0.09466021774027918,0.011968164792899652,,0.05189243373313941,0.049160249976203045
2022-08-11,,0.1064060332403058,0.10655823574882421,0.09408686352013927,0.01999911612785622,0.0038211205479305537,0.03009987513874061,0.007074831164756746,0.08163739924387466,0.009875348194920409,0.08555606494296261,0.05288795333557727,0.019993738339332056,0.06949431886548836,0.10030498653216514,0.09620503256283469,0.012068761209349679,,0.053319797134842,0.05061052415009965
2022-08-12,,0.10494144117482031,0.1064828731160158,0.09440928469471942,0.020256769852709623,0.003758013034146422,0.02971161141601679,0.007232662083529084,0.0810634218569167,0.009913609846260316,0.08474676424752878,0.05226457994128722,0.01997126911251733,0.06936624380851211,0.10134621083295618,0.09838500892005082,0.012032036277657709,,0.05286381152431214,0.051254388260043346
2022-08-15,,0.10639047788040847,0.10659295628174068,0.09442992398378723,0.020407770635137573,0.0037183417684954548,0.02983805628141131,0.0069687229971503025,0.08106653871802402,0.009949857322691791,0.08383641070657091,0.052432331020372785,0.020366153603576936,0.07053992266852455,0.1013618968398721,0.09770168177073825,0.012319816988571113,,0.05200883606800824,0.050070304464918315
2022-08-16,,0.10765788207267518,0.10681630528387331,0.09345393646273654,0.020640825645749643,0.0038053824917165997,0.0306743417925875,0.006967706065787112,0.08179289226519923,0.01146351509730744,0.08452863014282737,0.05289903720407697,0.01900313575001201,0.06993234655204758,0.09964470769200649,0.09673161074865014,0.012185540787536288,,0.051931330972448654,0.04987087297276196
2022-08-17,,0.10921180082661094,0.10883949774930318,0.09289780593598676,0.020643696252883023,0.0038210605461263293,0.030424668502036387,0.007292482220099463,0.08199145975762968,0.011466482839101975,0.0837450138771375,0.05380474829687416,0.019304057118899307,0.0697206277428255,0.09822671412308671,0.09503353183482288,0.012694504077815786,,0.051183434275674455,0.04969841402308593
2022-08-18,,0.10929310372598314,0.10689699269426245,0.09405792187046234,0.020775810454864437,0.0038328070005240467,0.031751330919465096,0.0072872759342552645,0.08184602864615378,0.011552056330521197,0.08288178852276432,0.053354179318617245,0.019544773165482237,0.06907040038279562,0.0993383219770714,0.09485497587584894,0.013182186221785802,,0.05142444812442176,0.0490555988347208
2022-08-19,,0.10952723553674033,0.1081236218292441,0.0944665703528029,0.021046644877638767,0.0038032697281548435,0.03190215970667974,0.006948642107012909,0.08158372104151253,0.011425493429660876,0.08321791705079472,0.05342320990371596,0.019920948379821356,0.06855587718212024,0.09904307581714686,0.09321483466967431,0.013098542748893214,,0.05160233740700452,0.049095898231381954
2022-08-22,,0.11037980955509473,0.10886512853775743,0.09384267911787074,0.021134412468199273,0.003845463423439639,0.03230915204819136,0.0072744027569211145,0.08260121629432668,0.011641270698373766,0.08324558940511986,0.05342872177090852,0.020359915012335507,0.06776807356282373,0.09779554878069767,0.09259179661349028,0.013126198400256648,,0.05089726257537722,0.04889335897881575
2022-08-23,,0.11019342802273172,0.10899811280842232,0.09398332691419699,0.021009588185657808,0.0038658767507296966,0.03272931627467047,0.007109254641761395,0.08278291506269728,0.011185907567211707,0.08297353218869676,0.05333983154205412,0.02038978052305863,0.06863340640056761,0.09903111320928916,0.0918367916838725,0.013078300018597038,,0.05022213134006809,0.04863738686571664
2022-08-24,,0.10898241844005624,0.10829791939458823,0.0941652221981636,0.02097650142060683,0.003847413454162625,0.032284563014853655,0.007286226735338096,0.08218600988400397,0.011164155900710711,0.08279283024591473,0.05324217814107128,0.02026296554894753,0.06858996293851584,0.10026932958700543,0.0925065394157161,0.013588494144754602,,0.05054254960918088,0.04901471992640979
2022-08-25,,0.10666941908080167,0.10690936274300913,0.0947551824663101,0.020928221935958932,0.0038124302628830516,0.03108846167649653,0.007320528470852281,0.08211997897731196,0.011190762093908058,0.08233105214221488,0.053329456596717256,0.019275344643606317,0.06888634771116982,0.10268608637148965,0.09425901733323076,0.013954121447450854,,0.05112745625266208,0.04935676979392658
2022-08-26,,0.11022585439845499,0.10956380396904267,0.09541451676142045,0.021515884704663608,0.003855112716270148,0.03154376378702981,0.007008604013727588,0.07542107251674005,0.011470418886200383,0.08474889407252287,0.052597150887249006,0.019893618230799832,0.06791106749004905,0.09941315908323876,0.09443715265080625,0.013916330690382672,,0.05121705540723406,0.04984653973416765
2022-08-29,,0.1107293911206154,0.11026790432407564,0.09575338621726658,0.021056810025978596,0.003885762608844921,0.031065316198953107,0.007242414691057598,0.07511742407806572,0.011429213861500547,0.085373452970071,0.05328975660199248,0.019996151113279615,0.06674140389415158,0.09863755323279053,0.09492258674506435,0.014035995991125209,,0.05060897062528899,0.049846505699878134
2022-08-30,,0.11182043472801556,0.11089161597463677,0.0956378535505897,0.02136633008407684,0.0037718978496323247,0.029966687232726778,0.007408166404604653,0.07446480948556991,0.01139454501650155,0.08698127667230275,0.053746435830455824,0.020051411430939917,0.06805078678457992,0.09810617396107911,0.09507022472946355,0.013261780599832892,,0.049086536362818546,0.048923033302173416
2022-08-31,,0.11233248196123502,0.11163995792150377,0.09571996607821667,0.021298224163958365,0.0038696503243662046,0.030024377979721097,0.007291378294614755,0.07289504508148452,0.011480266969033674,0.0878055914740531,0.05437246946728796,0.020044464451619514,0.06737756076621675,0.09702973520525632,0.09680787300488233,0.013575054847131781,,0.04804719938388003,0.048388702625538196
2022-09-01,,0.11203580233765478,0.11361453022900574,0.0962374213038523,0.019440046847257853,0.0037275292027611285,0.028839744518588024,0.007009886657125146,0.07308937376255806,0.011230412110232872,0.08819561448633072,0.054456794548358,0.019591472592762255,0.06468218660261073,0.09710592903546046,0.10006539085727612,0.013460439914380912,,0.04821326230255941,0.04900416269122552
2022-09-02,,0.11272033891782712,0.11296108037819771,0.09830566755824029,0.019032047970904655,0.0037939307013454097,0.028308680474900632,0.00699809480946478,0.07381519887453365,0.011194658825196897,0.08694851978794772,0.05435033145500531,0.019580080321055487,0.0647909258703318,0.09725792669223043,0.09899109935393055,0.01379980251530046,,0.048195019001817274,0.04895659649176971
2022-09-06,,0.1141153010937561,0.11450364149737431,0.09889144295487033,0.01854843881229922,0.0037721289894867664,0.02740935137440846,0.007106546969042948,0.0735630427529565,0.011337046407145095,0.08685361609044512,0.054503389736404936,0.019486437643123068,0.06464948530799078,0.09682134141030234,0.09800790273426581,0.013293080650853112,,0.04856723894843729,0.04857056662683769
2022-09-07,,0.11501200336996456,0.11498154009974233,0.09874150888918763,0.01863931659779158,0.0038070674394585437,0.02720380504716527,0.006921750634461407,0.07375347311899899,0.011312254227838868,0.0861019453935631,0.05420880826349086,0.019357440139974025,0.06496536403117119,0.09888507162619536,0.09614932229982491,0.013465188722084093,,0.04804664515276629,0.04844749494632086
2022-09-08,,0.11571054465865449,0.11425444123843748,0.09868033053806871,0.018511100073324002,0.0037591386665125352,0.027433787045209095,0.006794262403629801,0.07371699226909267,0.011283826515853555,0.08515815230451543,0.0536882069792463,0.019449339540418557,0.0656691289030572,0.10032067992191446,0.09539814065934485,0.013625608059368915,,0.04771784624950534,0.04882847397384652
2022-09-09,,0.11460567635391031,0.11328439734238444,0.09835070357210457,0.01827584965352503,0.0037473142332095184,0.02765664989577237,0.006590775586447966,0.07449002895027892,0.011225541614438651,0.08455897341898634,0.05280618880867215,0.019166838512781472,0.06550219931426667,0.10137288965149353,0.09679262522342999,0.013715739789106715,,0.04855650036372405,0.04930110771546737
2022-09-12,,0.11397398479732808,0.11300363949869054,0.09879053573728144,0.01823131868506523,0.00380250748441436,0.027824926763644016,0.006641814844854731,0.07478793391448678,0.01136293712687812,0.0855491420636417,0.05368350804875069,0.019191854681130383,0.06488748258728763,0.10151601339730545,0.0968018236162473,0.01355169025878293,,0.04810279471402375,0.04829609178018682
2022-09-13,,0.11501154255427831,0.11526189659206526,0.09872359444327117,0.0182873797902668,0.0037992733108069762,0.02836532582222689,0.0070563134295713965,0.07456638142842306,0.011506729848321906,0.0861299374170492,0.053931432909582896,0.019490374995311786,0.0643571186710372,0.10189411091031875,0.09402395508931077,0.013546127177022966,,0.0479277551645035,0.046120750446631165
2022-09-14,,0.11719126533196964,0.11485810190876697,0.10013807296066482,0.01832580808599644,0.0038119175510158416,0.027571447338029666,0.00701607626476796,0.0743019705274338,0.011737191605903793,0.08615472161829395,0.053349948897382725,0.019352539033024443,0.0654481147882184,0.10263890287843024,0.09306356973911815,0.013737033317329683,,0.04640740343562255,0.04489591471803097
2022-09-15,,0.11436553898514297,0.11540880858207432,0.09997917468707707,0.018463492191393236,0.0038232791082185944,0.0279252842916592,0.006700191115795884,0.07474867130345796,0.011716014354577219,0.08696269559719187,0.05450540942208266,0.018997325377628698,0.06509949053336699,0.10093224244701039,0.09417103870852894,0.01425887868135227,,0.04682136974514071,0.045121094868301036
2022-09-16,,0.1000000000005041,0.1000000000005041,0.10000000000000002,0.019867824414632678,0.003697786510737608,0.027418911810489232,0.007476404557817774,0.081440991838784,0.011603290566327381,0.09158054560266381,0.05631997764545721,0.02001864552165891,0.06961097137260315,0.1000000000005041,0.10000000000000002,0.013698786228042291,,0.049477050284737284,0.04778881364453637
2022-09-19,,0.09983008294112464,0.10109148917515014,0.10034087678015062,0.019655289021919608,0.0037355772787196324,0.02719687972022016,0.007577165147778857,0.08148954384942242,0.011716398086747787,0.09291293757406424,0.05630857506655182,0.019891486607714462,0.06986080728642843,0.10011614629394378,0.09909378222958837,0.012797979704284234,,0.04916098320882302,0.04722400002736774
2022-09-20,,0.10098430560921155,0.10161686901419972,0.1005083550619815,0.01970824486731605,0.0036743626004408364,0.027444832466312654,0.007766935300878739,0.08115631223775087,0.011735913184999234,0.09275028780095168,0.056353518368571914,0.019870577436301662,0.0701496384585243,0.10011310466383129,0.09846747055937419,0.012566102778574754,,0.04840738610272392,0.04672578348805512
2022-09-21,,0.10178551265416715,0.10216887816255603,0.09923867464518166,0.019982561241646452,0.0036344251007685443,0.027605394223282755,0.00780547411344261,0.08158758331804938,0.011766255968267398,0.09179984906734909,0.05613118352722904,0.020040086125311652,0.06959776630920153,0.10148257258725035,0.09810043227495797,0.01252645536721719,,0.04856943319437628,0.046177462119744855
2022-09-22,,0.10287430385087394,0.10116208238522342,0.10043864839456942,0.020578992704872553,0.0036654293421773078,0.026707404895690554,0.0077257629814935025,0.0822663792688031,0.011735976425634743,0.09274154019258703,0.056519627852738445,0.020112279219064815,0.06719153217137193,0.09931188930619289,0.09935901721668655,0.012592835150825902,,0.049075272277158584,0.045941026364035235
2022-09-23,,0.10188128279042351,0.10151270731282226,0.09993343705309302,0.02064621003447937,0.0035866585891852756,0.02625225421522605,0.007969365247894534,0.08164814334233743,0.011643332092514625,0.09273924648244462,0.05615265145426482,0.020144327463000964,0.06621676126567913,0.10005557409745662,0.10162055423044718,0.012587156751532482,,0.04885391645126492,0.046556421125933244
2022-09-26,,0.1028111007784913,0.10250440284483493,0.10021698210964354,0.02054191356102063,0.003531754229931755,0.02627369331070958,0.0080781115838289,0.08121522172381497,0.011702740847710558,0.09314255516216456,0.056487824292023876,0.019983113130648423,0.06679129656854799,0.10025718542533046,0.10094561666231655,0.012506829537446014,,0.04765919988626726,0.04535045834526877
2022-09-27,,0.10355787784895307,0.10146238055783573,0.09985771500885468,0.02066352393301403,0.0035317607582984914,0.025808026712577134,0.007961556655881542,0.08043986098036879,0.011885131230323477,0.09097546476401201,0.0560680471505745,0.020174764674583227,0.06697812138649265,0.10105867147472118,0.10337859102240386,0.01270497113160009,,0.048154380465130764,0.04533915424437478
2022-09-28,,0.10684389212839784,0.10108942675681085,0.09816550547439022,0.021186090334531574,0.003596996191306343,0.025379023242214357,0.008125126266084382,0.08025765604593739,0.012044521452473037,0.0904890795560759,0.05604083420950839,0.02004172243712442,0.06695382079585892,0.10185682694501738,0.10226261197654808,0.012970819887631362,,0.04761433013808126,0.04508171616200844
2022-09-29,,0.10782738559572613,0.1015606009622311,0.09737229618400857,0.02106862673083599,0.0036002594872788693,0.025346788370041253,0.008105438385185676,0.07976888369927762,0.012171462166434395,0.09199908352643867,0.056757533092810335,0.020165896331607418,0.0661010845025748,0.10057443971348831,0.10300652010894205,0.013020208791147441,,0.046649137549630855,0.04490435480234038
2022-09-30,,0.10704282145004407,0.10109373266798571,0.09687608896881485,0.021042796607279746,0.0036108471425149442,0.02509694590409829,0.007694897253956298,0.08032573196133952,0.012317888650549565,0.09095876791403269,0.05673973100928226,0.020087800341724603,0.06636989467469066,0.10161365579323574,0.10400794559315414,0.013275963177254409,,0.04602142004943214,0.045823070840610165
2022-10-03,,0.10612323954263778,0.10123598913912123,0.09644617376139024,0.020759952848000394,0.003607365567843194,0.025213125547119554,0.007653994409440912,0.08165839968763804,0.012230816404153683,0.09049337582367947,0.05661128547328985,0.0200761307317943,0.06657846741079992,0.10190443233160673,0.1038956164999659,0.013314718346916058,,0.04581793728348008,0.046378979191122785
2022-10-04,,0.10587312995129856,0.09979481916601443,0.09674276885756034,0.02058655117914701,0.0036117525105359358,0.025557512117730795,0.007542678886892094,0.08140689103532375,0.012098776908849106,0.09126135795513979,0.05614463789909748,0.020028421138999126,0.06650515570861289,0.10291636017266592,0.1035089451460454,0.013415966521443104,,0.045544445192909205,0.04745982965173513
2022-10-05,,0.1053075970910359,0.09927260041805695,0.09682880738621238,0.02016408840231339,0.0035676435386753293,0.025322201687550592,0.0074335438584561386,0.08144941586690138,0.012419793073302323,0.08971958883668159,0.05612104759523139,0.019862587378296357,0.0668134665799949,0.10487621295581553,0.10403620370086264,0.013373195870899513,,0.045522353243278975,0.047909652516434774
2022-10-06,,0.10620401565933076,0.10036926610843395,0.09611117688075087,0.02003961054853903,0.003580305930491671,0.02514729795824517,0.0074181439180691965,0.08103506925562938,0.012741587222972322,0.09067075823486297,0.056079960132693445,0.01990349801262767,0.06635116981523745,0.10433494121055413,0.1041720570439161,0.013609028357370946,,0.04428597346775973,0.04794614024251505
2022-10-07,,0.10678381232844687,0.1024367590515814,0.09721749789868857,0.020425784390862952,0.0037306289558737635,0.025671284623654395,0.007434901410623287,0.07871872160554887,0.013075357192689636,0.09226047004627684,0.05704715826941568,0.02058163681525019,0.06406759486423234,0.09695131812294921,0.10621965848103654,0.013755642032486528,,0.044969554957177506,0.04865221895320542
2022-10-10,,0.1037098885092545,0.10447224474949184,0.0953429396340844,0.020700848595624134,0.003739904161717216,0.024883288286379254,0.007232534998481404,0.08103087897524851,0.01328859304441055,0.09426725159011722,0.058142372968055786,0.021084044966970472,0.06285277388475662,0.09527970308394007,0.10655298183342918,0.013526907817074343,,0.045131625484284114,0.04876121741668046
2022-10-11,,0.10270802392293409,0.10329880685025755,0.09517114040368689,0.02058630489820774,0.0037208754952120842,0.024621341179456573,0.0069967466181786245,0.08060504031374563,0.013143199405200163,0.09468267971341167,0.05852238193167894,0.02114292644885861,0.06061379056738658,0.0926500073557069,0.11286510135424346,0.01358924305757577,,0.04548176229605448,0.049600628188204314
2022-10-12,,0.10048183743067926,0.1036176058604018,0.09608062713130353,0.020989529436508524,0.0037983549048602647,0.023958893144482053,0.007426445172179829,0.08126659465142674,0.013123300691210996,0.09637403413169596,0.05974261014666469,0.020766512326894835,0.060330261908462135,0.09195747401074121,0.111988300498782,0.01289982712388087,,0.04582606661758541,0.04937172481223991
2022-10-13,,0.09828726529955013,0.1042208281465613,0.09531914466357526,0.020813245266609996,0.0037910104743932083,0.023566526723843517,0.007747196190062566,0.08210339624031794,0.012983785050218246,0.09556091876637514,0.06057608328452759,0.020196904136430178,0.06046244904447129,0.09241132607831415,0.11367279877631983,0.013274651705456665,,0.04579268331115784,0.0492197868418151
2022-10-14,,0.09820912658712673,0.10447787953886621,0.0961990507017956,0.021257357179615185,0.0038256055044720125,0.02289416994677064,0.007680389154789183,0.0831502484662807,0.012975190587832103,0.0976958030532762,0.06151681518552084,0.019849400594783753,0.05827186876593425,0.09042636958126551,0.11298755898458522,0.013445443776431434,,0.04609674611366504,0.04904097627698933
2022-10-17,,0.09987904510547804,0.1053770997968733,0.09574454278843968,0.02115958173838979,0.003922451985154559,0.022994341988298538,0.007680555944588244,0.08170836395881477,0.013102431528023678,0.09869670870106767,0.060893563148281,0.02054978020577479,0.05818367572359456,0.09032527266634681,0.11184798680589622,0.013632716299060103,,0.04624142417334937,0.04806045744256887
2022-10-18,,0.10128947583031743,0.10625481670061451,0.09539705432677306,0.02158945498474136,0.003987457186391618,0.023092388170522775,0.007849872990089508,0.0816446539326481,0.013210952539700747,0.09919509996061114,0.06115188257319502,0.0208891444822824,0.05793451321080409,0.08979582247951287,0.10968317779332572,0.013405058166561665,,0.04605114432548286,0.04757803034642524
2022-10-19,,0.10026716557530582,0.10643227977664897,0.09563103949378314,0.021500941014447498,0.003965059059687787,0.022695463758231487,0.007759678545015159,0.08167792517633761,0.012917758336541503,0.099078154109149,0.06100886789191671,0.02077699253027354,0.05787811403496501,0.09076915383170588,0.11083422691071952,0.013506655811436688,,0.04602607757863082,0.047274446565203916
2022-10-20,,0.10073032466001995,0.10488428122759769,0.09444824317626094,0.021386308915367788,0.003947152049096301,0.02254901001113137,0.007993438434843014,0.08245906464015666,0.013235361937016243,0.09734592229864295,0.060807973652528234,0.02072110014336872,0.05830795033442566,0.09063265697296187,0.11211569997610599,0.014879819066855898,,0.046147556825082287,0.04740813567853834
2022-10-21,,0.10094549001591333,0.10403167354261768,0.09457611899799631,0.021590873723406557,0.003820886273047329,0.022340907589058868,0.0078359574143624,0.08350939281791322,0.013240634614757113,0.09709235615423015,0.06129856740582928,0.020279668167193177,0.05859811716749876,0.09008851182079411,0.11209545051047708,0.014991320503180715,,0.04640907074177307,0.04725500253995078
2022-10-24,,0.1008682392694093,0.10379428331049584,0.09575330786117431,0.021840328678105113,0.003918247988997684,0.022304261505995782,0.007866225149434095,0.08424161518904752,0.013398928780055545,0.09730591451744887,0.06209559884304671,0.020369559649421852,0.05809727728908891,0.08734498809564606,0.11217266155003026,0.01459832439539395,,0.04677698266430136,0.04725325526290681
2022-10-25,,0.10082260331179878,0.10363364208913359,0.09478868103257089,0.022212907316914773,0.004489245240844509,0.023010354682935365,0.008533972533264244,0.08384800615153201,0.013816887444622523,0.09378559977073173,0.06187100810541639,0.020412973629391342,0.0589828004062654,0.09074098668539407,0.10951262935236186,0.015274969675467234,,0.04734865922009565,0.0469140733512597
2022-10-26,,0.09853890580255291,0.10526287866218512,0.09597768941004604,0.022839188396343295,0.004456330809027448,0.023418781181099774,0.008785985340903897,0.08485412902005321,0.013787374895220075,0.09669223837461441,0.06308739851598567,0.020449366464951324,0.058071746988771045,0.08748355206759934,0.10978050826616119,0.01510554570220293,,0.044025755338610494,0.047382624763671805
2022-10-27,,0.107401951197713,0.10602667407413349,0.09459040849598661,0.02331846104445642,0.004401091639430025,0.02291214620490667,0.00891204527719477,0.0845372136241848,0.013757872483794164,0.0957146982190651,0.06328944872124849,0.020301708124497563,0.05735062685793238,0.0902022910693401,0.10315543315320795,0.015332107451879223,,0.0427675742864718,0.04602824807455748
2022-10-28,,0.10660895428175624,0.1067472023366855,0.09553271855471805,0.023253047409076768,0.0043909906078155115,0.022981438055806238,0.00889458979620922,0.08530120671220917,0.013565525199274628,0.09421379274951855,0.06300573431418792,0.02030366500023137,0.05864561080811342,0.0898401273553963,0.10386612832080669,0.015347481312452681,,0.04120151052033784,0.04630027666540382
2022-10-31,,0.1074462325743943,0.10723683266806566,0.09618758192352515,0.02339054833323293,0.004417813584959529,0.022715361786043223,0.009025653084122318,0.08473444095606682,0.013867405027662616,0.09445743326540115,0.06325535644421935,0.020441281305893254,0.05812883715371874,0.08806347006390826,0.10526585133617938,0.015747714802640634,,0.040237171945775314,0.04538101374419137
2022-11-01,,0.11148451953113375,0.10669005296291423,0.09404061373574692,0.022986693187359165,0.004377274000896866,0.0228181230733471,0.008965992371049426,0.0848427901969725,0.013826904871739543,0.09396117116978031,0.0625226304051651,0.020336092384845857,0.05870262593498494,0.08663947698145608,0.10490328143325738,0.01594917319997829,,0.04067163753166822,0.04628094702770444
2022-11-02,,0.11218859059837796,0.1056413565024692,0.0941237331648214,0.022783202456825427,0.004357047659080615,0.02233164455305647,0.008879692652485744,0.08387471201844633,0.013860528183449423,0.09401427854365203,0.06262194006057896,0.020301837503675535,0.05776130630657614,0.08733677570229714,0.10490869194077067,0.018470052641488,,0.0404717526223067,0.04607285688964229
2022-11-03,,0.1109928063921061,0.10737627759586083,0.09289723351183343,0.02278229839807063,0.004310179890242551,0.021852220426986577,0.009339860435103955,0.0842163115386745,0.014062391492870085,0.09572791824064947,0.06255344748755658,0.020333666629320346,0.05846366573892812,0.08454476579003414,0.10640662348534369,0.01841546388127591,,0.04021274007071699,0.04551212899442597
2022-11-04,,0.11445353874006804,0.10608771507418702,0.09355149903016038,0.022032964173283588,0.004199427000932508,0.021232386955999025,0.009110991963745551,0.08442402724573339,0.013353471584223441,0.09484933332922052,0.06204110315075398,0.01929412882116332,0.05919959557207427,0.08498247189188998,0.10745220522064984,0.01703544833047013,,0.040724618195564534,0.04597507371988056
2022-11-07,,0.11321794333867806,0.10451984272987723,0.09475912813924599,0.021745781240034737,0.00420473692134383,0.020942544527068296,0.008679534905239792,0.08568205893811517,0.013119429092027709,0.09464997146797632,0.06235260322515658,0.018821498208975572,0.0588625774739073,0.08550203664625802,0.10727966128744894,0.017016933223960362,,0.04154109257946822,0.047102626055217804
2022-11-08,,0.11169134295987905,0.104562760142565,0.0959763661026414,0.021107667224753504,0.004308454854027663,0.019706221001192036,0.00886923707391552,0.0868001532377057,0.014371924664732645,0.09424582040056007,0.06229338399185931,0.01576853938793666,0.05940366011172567,0.08592446603461329,0.10891297678104266,0.01724291630645605,,0.0418509794236586,0.04696313030073526
2022-11-09,,0.11018160949963975,0.10622194581893099,0.09688045711812691,0.02024047636044643,0.004417142831095226,0.021932696671329622,0.008893874641584773,0.0874999679072729,0.014293645802015661,0.09493071767495236,0.0633235484668713,0.015289308516080886,0.059350034286016616,0.08215630126592231,0.10985335902890721,0.017427888989320368,,0.041377535181861776,0.04572948993962499
2022-11-10,,0.1059209624249553,0.1049017716639453,0.09733535992949534,0.020195714667263446,0.004257943166249754,0.022220768595845562,0.008837749002044723,0.08638134126189749,0.014243469144429845,0.09338405240896909,0.06181044542110191,0.014559580554775096,0.06221588886713132,0.08884193780635136,0.11004852058108683,0.017126032249850025,,0.04095781983717126,0.04676064241743648
2022-11-11,,0.10462398385023956,0.10272887903834216,0.09702912119482575,0.020126766839386665,0.004221611965764051,0.023963659827311027,0.008966204888468507,0.08619253853775807,0.01402313522478925,0.09265908596278603,0.06204464276330375,0.01450636673633085,0.061718608968642764,0.08804177615128723,0.11139184618431816,0.017281356932158678,,0.042425207553476375,0.04805520738081114
2022-11-14,,0.10745602795386504,0.10255650225022055,0.09680171512487884,0.02012238804407231,0.0042462266046372436,0.023595252813950574,0.00888730677791282,0.08587536613207568,0.01392355579432959,0.09191203055257456,0.06255129730265724,0.014312780934210552,0.06128157366451366,0.08817633525947556,0.11087960242597787,0.0170763232593593,,0.04214754366579191,0.04819817143949668
2022-11-15,,0.10666154918249006,0.10195301083853972,0.09710080630586722,0.020170621404009433,0.004144712908826868,0.025321125699664288,0.009123935819661153,0.0844996517076312,0.013863808802579706,0.09120917488813897,0.06217578742253291,0.014314760351405886,0.0627661415301923,0.08979704395942648,0.11114545486870456,0.017782550399654234,,0.04086981160692934,0.0471000523037456
2022-11-16,,0.10907836725451232,0.1051551280078045,0.09837926886422035,0.02024099193244405,0.0043174752913862175,0.023927253552702893,0.008850613042131666,0.08534144426416641,0.014439025841125983,0.09233474988318577,0.06353756600675155,0.014400334066353422,0.06045007402247399,0.08815824350940098,0.10767661103168577,0.017450959555872964,,0.04109588450926749,0.0451660093645138
2022-11-17,,0.10951266084483605,0.10420437817846824,0.09781504749605764,0.01991329953776591,0.004214183773138746,0.023205912461519176,0.008568608750749768,0.08596284676206103,0.014477407212931488,0.09125293420101838,0.06433021343690998,0.014192439218363889,0.060089714050262595,0.09102810982545655,0.10668610761257691,0.018363262254396284,,0.04118624313049232,0.04499663125299514
2022-11-18,,0.11137668770594972,0.10428678223209378,0.09753497512449254,0.020220862973488223,0.004171507492097839,0.022770506583647928,0.008754047584364969,0.08575405696682685,0.014529739702092313,0.09204900742584116,0.06471633869687195,0.014252812654396834,0.059743329395968846,0.09031007085266791,0.10547226389129694,0.018076138514633827,,0.0409481728283791,0.045032699374889365
2022-11-21,,0.11251764498577202,0.10579269046085103,0.09953577927829763,0.020353616705182175,0.004189465042306878,0.02262655330368711,0.008701557740380377,0.08525713028722738,0.014577173433936151,0.09296999595685518,0.06486515859654897,0.014153207328379028,0.0593352085341603,0.08672884987227074,0.10462923746818031,0.017852240196290354,,0.04127147658758055,0.04464301422209383
2022-11-22,,0.11163207159166603,0.10446568705660736,0.10007667250892371,0.0196902601750588,0.004144709308041715,0.022372655857198633,0.008775229991925353,0.08926313613315875,0.014469444448622013,0.0920626522442075,0.06392637258288292,0.01392459169445349,0.05907361416904865,0.08789167588610622,0.10527188908033723,0.01832449285542192,,0.04050144518034247,0.044133399235997336
2022-11-23,,0.11149280040319,0.10354076427426717,0.09985807130104832,0.01965363279946288,0.004101435491285263,0.022903697325444908,0.008695292116687474,0.08994474084830334,0.014318813574214643,0.09107762839001682,0.06406130735283296,0.013865492462968896,0.0588013123529928,0.08865393612938581,0.10491043813851017,0.01883772537135493,,0.04060821496907209,0.044674696698961555
2022-11-25,,0.11062764462432152,0.10417518748345156,0.09943920642560924,0.019748230005784004,0.004151505725616527,0.02284937118049918,0.008665213731570039,0.09030204354343024,0.014402257140122223,0.0919165878241791,0.06441824415372956,0.014069890104480847,0.05805757552392049,0.08751741853122283,0.10431082180999526,0.0194785615616362,,0.04067936913926644,0.0451908714911647
2022-11-28,,0.11185012473156658,0.10355202063942272,0.10058396577730153,0.019573165564878786,0.004145935385111263,0.022844109200104476,0.008734137135210781,0.09052986147583961,0.01455848080774549,0.09157771321120206,0.06487782495164084,0.014036904952782217,0.05735260179324937,0.08919939796906151,0.10211484973842848,0.019679314368989394,,0.039941218826232514,0.04484837347123238
2022-11-29,,0.11218462191383634,0.1032827009192692,0.10070078618197341,0.01991261414041708,0.004120358498362906,0.022427912121365755,0.008605482441062545,0.09064404586582149,0.01454086785292046,0.09263741530136986,0.06465531365576692,0.013869060208069972,0.05740103773784069,0.08991200088503279,0.10129863868376082,0.019533272542481578,,0.03938325076943193,0.04489062028121628
2022-11-30,,0.11173482550267912,0.10258500420201627,0.10178619215398084,0.019796272859476518,0.004052586532567447,0.022336304006004854,0.008258429514186193,0.08915740295712447,0.014527431530459331,0.09046136239811245,0.0671803751374754,0.013608810229748174,0.059007966984495216,0.0932445654879014,0.10129791512841271,0.01841708621628874,,0.03876068870417649,0.043786780454894515
2022-12-01,,0.11268632833658714,0.10363006152288924,0.10223186505661434,0.01976891589565687,0.00409743543198486,0.022828611629822148,0.00862492885066373,0.08981855343398533,0.014655400114840846,0.09118275183780955,0.06763385268480408,0.013514363392039973,0.05936421557493105,0.09134303413467426,0.09795501783786778,0.018558149707897993,,0.03920570284923047,0.042900811707700354
2022-12-02,,0.11007230490731457,0.10455312919886342,0.10147359037823207,0.020035738412024846,0.00413977553448387,0.023394763872857514,0.008974451530746547,0.09006703866519965,0.014800046290459149,0.09159040845492004,0.06789900885324006,0.013837322815633492,0.06016361274398365,0.09106964138756787,0.09763879001433716,0.017980710768093454,,0.03939109319836079,0.04291857297368197
2022-12-05,,0.11055464418648782,0.10519140526413111,0.10165934842418155,0.02057558246601544,0.004081740072821525,0.023348869966675175,0.009107784309579162,0.08900917301581296,0.014808338927507575,0.0920761030562236,0.0673058712850583,0.013994502601869485,0.06013773488841876,0.08929790455592916,0.09850395951391774,0.01764719830474906,,0.03968133491362815,0.043018504246993335
2022-12-06,,0.10918507610179518,0.10536743159922055,0.10246054248704446,0.02059571788706732,0.0041262694019272295,0.02239537750882079,0.009172146515940633,0.08925973048953031,0.014923587357933449,0.09300202392303951,0.068590855987087,0.013783052241891932,0.059341728505890826,0.0868329593241391,0.09946291741204345,0.018567524023485268,,0.04031362101812676,0.042619438215016216
2022-12-07,,0.10799524866619249,0.10589288864922794,0.10172319473749442,0.020226193713337528,0.004161138471957749,0.022452130457090172,0.009493422894364582,0.08864345745962895,0.014837244872778122,0.09321508497984737,0.06824327975142391,0.013605441535523913,0.06041634614479397,0.0859167877163746,0.10044022505626934,0.018676717456286553,,0.04086270485500785,0.04319849258240063
2022-12-08,,0.1064888316933567,0.10513205314189744,0.1016179085520765,0.02363950643176314,0.004163585522631568,0.023172541989333446,0.009194359814450445,0.0871166622005916,0.014808380120198882,0.09144959107525134,0.06747303253432,0.014279942923043977,0.06164254861175637,0.08652641102769269,0.10043817284276475,0.018100873996524002,,0.04127826487908521,0.043477332643261986
2022-12-09,,0.10666941487791197,0.10419766999100796,0.10463508137857817,0.023250677592099277,0.004149571793797925,0.022381596025648983,0.009165484869666224,0.08656601117634873,0.014813693863448649,0.09093377037661828,0.06713723222417793,0.014008384381324849,0.06206584335274888,0.0865040670111794,0.10023403253118507,0.017808395737416282,,0.04121148290531153,0.04426758991152986
2022-12-12,,0.10723383939702372,0.1044701828012252,0.10500153641464671,0.022970338438940894,0.004037588401256288,0.022046033645735978,0.00875825743439985,0.08714315999421962,0.014567482736683282,0.09062012672887912,0.06682898870575357,0.013768152939940792,0.06200095764143531,0.08705674730566858,0.09930064795721927,0.018568393895115977,,0.041567067690103675,0.04406049787175222
2022-12-13,,0.10756100356404305,0.1053673488626243,0.1061998667275116,0.0224467518903819,0.004171335596649002,0.023583697396678514,0.008836559420199808,0.08594292882368026,0.014581256115817101,0.09070432073155164,0.06544150707967011,0.01381145154405296,0.06252555873681692,0.08771949362459712,0.09765145415972909,0.018481685340236247,,0.04142075493440359,0.04355302545135677
2022-12-14,,0.10693286988109899,0.10624386679769204,0.10801064027617885,0.022771365338912376,0.004211116491073007,0.023123088621917465,0.009035045015446132,0.08456879932268523,0.014501002099817577,0.09104257341493685,0.06597369797941499,0.013724466434941941,0.06234026351636235,0.08693642586362758,0.09760240526454478,0.018703290753254567,,0.040807377493557256,0.04347170543453809
2022-12-15,,0.107615178020923,0.10652292499132462,0.11015143742721077,0.02284088432440624,0.004237148060146904,0.02263834268229188,0.008892975326845177,0.08380256628682854,0.014620402562390365,0.09275714118594414,0.0673770373502169,0.013919549179211095,0.061688915596570755,0.08568959931687711,0.0977083474220024,0.017549136550479783,,0.04096524290347002,0.04102317081286033
2022-12-16,,0.10000000000049704,0.10000000000049704,0.1,0.0235197827018686,0.004134753709673803,0.02260349699415769,0.009085395398191328,0.08841665031433481,0.015281868629975761,0.09282206509126385,0.06993265852304978,0.01384587560783509,0.0620848403918369,0.10000000000049704,0.1,0.017762589837435398,,0.0402129448620998,0.040297077936786135
2022-12-19,,0.10047071904664147,0.09916275608911783,0.10024162475214574,0.023925254188214614,0.0041237668770656875,0.022175709979012102,0.008869165798328476,0.08910504806535859,0.015473055371952085,0.0924913631478093,0.07020683524419855,0.013670556863715069,0.06164852220812111,0.09991372858938075,0.10071531028113628,0.01746923167494626,,0.039914648350728964,0.04042270347212713
2022-12-20,,0.10008925992957571,0.09972618698826,0.09940944536029771,0.024328786709082135,0.0041546980802272745,0.022272318761288913,0.008961290545257836,0.08912393504945491,0.01613006503898569,0.09207835030258897,0.07122520183455489,0.013601042167466104,0.06157982953095841,0.09857113224764347,0.0989334395076161,0.018616589840843616,,0.04003474635008031,0.041163681755818
2022-12-21,,0.10019337185588764,0.09931359833400184,0.10142208094155292,0.02413396210816145,0.004181737854424129,0.022007007204383776,0.008863822430079703,0.08852581948480193,0.01618563885694002,0.09245607967375011,0.07089097109345542,0.01343767667415128,0.06241527015688412,0.10006179875534936,0.09870643400393089,0.018508626984202796,,0.03892686714694263,0.03976923644110003
2022-12-22,,0.09972539693865806,0.10036215546525332,0.10197457664633995,0.024408376619280553,0.0041507060248527055,0.022300251800812035,0.009032143894035588,0.09033334987014634,0.016075292197231437,0.09290544604193834,0.0720166232396018,0.01377361519410257,0.06033108276711989,0.09744425630561772,0.09729033272139204,0.018502420013165134,,0.03971940698780041,0.03965456727265207
2022-12-23,,0.099034780185424,0.09984089521912062,0.10160192997932124,0.024512339837566063,0.004167533584981628,0.02201401668935697,0.008780872548954632,0.09008298869289987,0.016078308334206756,0.09330101678668759,0.07202688479680795,0.013733174825132465,0.06073029923840801,0.09762626449614031,0.09859940514069337,0.018502361603381753,,0.039865828304141517,0.0395010997367752
2022-12-27,,0.09836456018177261,0.10058464383380325,0.10192752618361219,0.024704033650056575,0.004159861805034381,0.021994363225370843,0.00855847912912724,0.09085940236140191,0.01621381186294008,0.0938039082276051,0.07274682912946175,0.01380837401871088,0.059325256510328085,0.09452463308575723,0.0983502378624451,0.018686153237247788,,0.04112636187791652,0.04026156381740859
2022-12-28,,0.1001887420364457,0.10029909093727207,0.10196812956081354,0.024826830557371556,0.004186646764166034,0.02180450105818331,0.008531962409280534,0.09078653982014327,0.016012169163587053,0.09385355743303812,0.07251808035293071,0.013648254655497233,0.05985364517396159,0.09434398785744623,0.09809681016635964,0.018450561166380896,,0.0409711475848082,0.03965934330231419
2022-12-29,,0.09958078278158991,0.09969054305400687,0.10130094969071989,0.024915914723717823,0.004204745154113056,0.02271631136641887,0.008822921643303448,0.0905930034346836,0.015907962674791724,0.09278504017529715,0.0719582542006407,0.013791484776660676,0.06046952471632066,0.09517056918082037,0.09828724854367848,0.018207363381157676,,0.04132800554462765,0.04026937495745137
2022-12-30,,0.0990907981180392,0.0990147877014085,0.10161113975307191,0.02501082647122015,0.004277211931881703,0.023066884471496508,0.008896962572170094,0.09144308318781115,0.01583981641615002,0.09269137996192334,0.07213314320946851,0.01400297929737312,0.06048661866313805,0.09592678108482039,0.09699415563178693,0.018259214679136222,,0.0410168243616971,0.04023739248740709
2023-01-03,,0.0989553072895847,0.0995226043304876,0.10070430372257533,0.024928068137995994,0.004304936847110085,0.022936124606492934,0.008706884737848563,0.0931563041958297,0.016171786570083377,0.09455176023914057,0.07269610887438042,0.014166552127117055,0.05871711003546332,0.093320537629754,0.09787966643532658,0.01866488779906189,,0.040503418675427484,0.04011363774632054
2023-01-04,,0.09161558941279989,0.09934733678188917,0.10027134156597689,0.023890341704086455,0.004218500802866399,0.023253875196265164,0.008394223868094774,0.09172907690545547,0.01558951633219838,0.09750069632104126,0.07305208906253419,0.01404353498794255,0.060310764571738555,0.09339883272714222,0.10356672651000288,0.018006596104832528,,0.04030801268162038,0.04150294446351296
2023-01-05,,0.08882730395670824,0.0991568364325409,0.10017946400056632,0.024099054368113555,0.004141642615682515,0.023015080312012583,0.008040559318081182,0.09234180366552239,0.015544769678669445,0.09911849843854444,0.07392179037117937,0.014186014402883628,0.05895492655774418,0.08925701401397301,0.10542856195178614,0.017736154638654036,,0.041429147799334216,0.04462137747800388
2023-01-06,,0.08779202771435887,0.09766639421342274,0.10216757620907255,0.024116237017141624,0.004118088200100017,0.023075473320329505,0.008086479606454084,0.09219408726243745,0.015173181937413486,0.09813264954947801,0.07395608217970534,0.014141618700304295,0.060070660575522565,0.08924334669391781,0.10518463130504649,0.017924562845840836,,0.04164211121242827,0.045314791457025924
2023-01-09,,0.0890874629067588,0.09772398410025543,0.0994265132929215,0.024200815401096486,0.004220985600881506,0.024158561295229083,0.008390042862557723,0.091367981100713,0.01531795436259988,0.09756038468922537,0.0728200846419638,0.014394429137458045,0.062393504230833945,0.0907823812775112,0.10381498095547867,0.017882946411519274,,0.04097004805028574,0.04548693968271053
2023-01-10,,0.08888646147420552,0.09745196030573482,0.09869414057089539,0.02404529082752438,0.004309164014694571,0.02421795789829765,0.008458671181784498,0.09124628374944094,0.015262454431916104,0.09823157861657283,0.07280360891919571,0.014318353531958074,0.06272505184672361,0.0905172433305668,0.10489381450068382,0.01642413132060145,,0.04156105548303703,0.045952777996166844
2023-01-11,,0.08907200190548543,0.09837296589752843,0.0984666433682698,0.023564571964473792,0.004415007957568408,0.024216534750404837,0.008401009907479383,0.0870296526345231,0.015566375608701702,0.09900175295661616,0.07160242767014215,0.014239056059848638,0.06372922221895629,0.0932211893776538,0.10561455201875289,0.0157498570936419,,0.04179689594758801,0.045940282662365294
2023-01-12,,0.0895725806390538,0.09858497823695954,0.0990383222658015,0.023405363914101043,0.004494336653318992,0.02496654331387161,0.00873790720781566,0.08505164873388758,0.015736592497790716,0.09932694642792074,0.06907557634462025,0.014384452886652402,0.06402346669914813,0.09527079429053623,0.10408051563634514,0.016749517491893955,,0.04216516787377402,0.04533528888650875
2023-01-13,,0.08799424504231391,0.09795540112633737,0.09856855455327357,0.02347428692623168,0.004617152416989521,0.02539106959324673,0.009237258782064451,0.08568847408850934,0.01592927300948508,0.09804143867242308,0.06962060104659185,0.01447947271226983,0.06385568552003021,0.0986304415145141,0.10346723449046805,0.016780624375012525,,0.04182727569736518,0.04444151043287352
2023-01-17,,0.08869779191670107,0.09802707634741827,0.09828075192936997,0.02344046420212381,0.0046187512357126394,0.026066928422508757,0.009364802355977623,0.08503481842814885,0.01590639222551084,0.09744190904080581,0.06861710162795548,0.014567396543742365,0.0641596498462336,0.09920537103047274,0.10299928725702004,0.017609047579238604,,0.04148314337433186,0.04447931663672763
2023-01-18,,0.08827435152688566,0.0965631471146393,0.09823022571863053,0.023563344999706238,0.00456524502048927,0.026317240252473985,0.00943696148856365,0.08569004194532953,0.01567820343514256,0.0981629511547558,0.06835211455031444,0.014765504151178242,0.06404075754824527,0.09866315027059794,0.10319983091874152,0.016499670789734657,,0.04305134683746497,0.04494591227710648
2023-01-19,,0.08744237717315026,0.09664849221049837,0.09826018205910521,0.02362859134064781,0.00463503469467413,0.026605661619275384,0.009285957372662954,0.08616606814671203,0.015610115882546858,0.09958574932696661,0.06858058932020437,0.015113293529587011,0.06291787900174926,0.09583953226148952,0.10498693945022106,0.015127384892451572,,0.04355594743358609,0.04601020428447142
2023-01-20,,0.08855332043864661,0.09564845791034114,0.09761833697266095,0.023245206251466033,0.004641644247812974,0.026453741715170235,0.009437459059231589,0.0862350690254883,0.015596515039158673,0.0979952284500509,0.06784068298455136,0.014869643883638624,0.06397440186409173,0.09626709716486244,0.10679825016654947,0.015087604248148466,,0.04355490983338717,0.04618243074474334
2023-01-23,,0.08826186605893332,0.09307350686200812,0.09581459694500745,0.022817143370965923,0.0045364803903754376,0.026658210520964582,0.00949999914515878,0.08463274396964023,0.015267153918117277,0.09507866998371142,0.06626968148515434,0.014671067953716624,0.06644267483533482,0.10034669240952872,0.10876729060438733,0.014862821128408381,,0.044693040114064234,0.04830636030452306
2023-01-24,,0.09038805397741717,0.09400441319131798,0.09656784881184688,0.022407711949704406,0.004551947053063511,0.026463956849990325,0.010387116641932126,0.08392483271936715,0.015390796240265209,0.09439601967531236,0.06639509865826188,0.014361167331131918,0.06519437751908888,0.10001297312034269,0.10798897761803627,0.015836406527409135,,0.04408219821994515,0.04764610389556689
2023-01-25,,0.09010204691271664,0.09375913158325028,0.09670639701557728,0.022275313488902437,0.004539180104098766,0.026366196616489625,0.01060021083059572,0.08368156121511497,0.015117468505722818,0.09368423730441884,0.06622420211344994,0.014447249018541095,0.06598708814383378,0.1005300523177338,0.10844947994330234,0.015613853978811851,,0.04407391126043311,0.0478424196470067
2023-01-26,,0.08997482944933564,0.090605137551278,0.09660688728447557,0.02227142135540507,0.004420468720419741,0.026278261912290348,0.010399838459575853,0.08283413105197919,0.01485346854742662,0.09389984278924095,0.06509526030183811,0.014290991750699417,0.06572819602252897,0.10209477660260441,0.10823000280656751,0.015045808567255334,,0.04779389012839299,0.04957678669868628
2023-01-27,,0.0914458518919062,0.09082902723891033,0.09534694003654261,0.022227247477576127,0.004442160409688773,0.02630227948449389,0.010282626845731368,0.08140050926107659,0.014094377332280627,0.09484416960787416,0.06471562226759789,0.014368418079462666,0.0645496424874505,0.10177296075979236,0.11000359095016142,0.01467226966995602,,0.047743708268220664,0.050958597931277876
2023-01-30,,0.09186145033517923,0.09247847177005046,0.09588433951278612,0.022585044873452982,0.004388303321787323,0.025754299757649653,0.010267110993260536,0.08265518141267085,0.014222872690795906,0.09582018421488915,0.06573507642549944,0.014465720879293754,0.06332802341548513,0.09870799518304459,0.10872837693185268,0.014579471506033035,,0.04727576665698977,0.05126231011927925
2023-01-31,,0.09285016429390058,0.09363631663231879,0.09592610198998378,0.0230367876592731,0.004554239759747375,0.025715627399545273,0.010465269637285139,0.08331532535259409,0.01466173262395403,0.09059437953305755,0.06579592424571969,0.01457412388435869,0.0657901242321418,0.1008016657175031,0.10552706607491268,0.01451586494608338,,0.04768668256012309,0.0505526034574977
2023-02-01,,0.09332740755229367,0.09237825083376092,0.09587283686362712,0.022346465872682374,0.004467479441155256,0.025675157859827012,0.010479517556467971,0.08211264080412346,0.01434658644228099,0.08959677901803918,0.06369402592775822,0.014275950660166039,0.06858091821308412,0.1045443207517124,0.10631188849384168,0.015530613108061987,,0.048096099877620264,0.04836306072349731
2023-02-02,,0.09322321100256685,0.0913563602893855,0.09399704062786811,0.021591903861275418,0.004429631173383001,0.02598978592569526,0.010524824933657953,0.08254788562117663,0.014077224458818798,0.09008255725067728,0.06337646083974106,0.0142945253978255,0.06931567512194546,0.10794470106131875,0.10479632857920779,0.01556746590106488,,0.04824947957497192,0.0486349383794198
2023-02-03,,0.09378215649534835,0.09235649519435908,0.094488029735242,0.021480460724656578,0.0045124619655680775,0.025440804778199568,0.01059929676056783,0.08357757538920277,0.014287167391105051,0.09026219879485205,0.06414550717448926,0.014461819718579355,0.06796692800171598,0.10491930977170541,0.10531952000801313,0.016307455094087587,,0.0480914964857819,0.048001316516526
2023-02-06,,0.09384667718382564,0.09433520788174932,0.09685374127572281,0.021531920900573976,0.004551066453885896,0.024865934897421334,0.010926835649963608,0.08257546811825157,0.014458238991244305,0.09006151220328065,0.0645029411156071,0.01449292890921479,0.06818938998771443,0.10334132223674392,0.10314122256876827,0.01640378916409314,,0.048194375395187124,0.04772742706675213
2023-02-07,,0.095694217755745,0.09191600771563048,0.09693293947708316,0.02138640170844818,0.0043965739370989704,0.02504771679579315,0.010885995452407043,0.08290545984084312,0.013052989795200068,0.08868034642027552,0.063758869097382,0.01431175886895215,0.06945858402244055,0.10514190637448781,0.1046302453997029,0.015830786063118836,,0.048276046336672776,0.04769315493871831
2023-02-08,,0.09788703244546845,0.09287695495798548,0.09601078746523059,0.021268702900468662,0.004449240397891961,0.024619311451341993,0.01077319889652316,0.08353790840794802,0.013302430407875005,0.08953662834348232,0.06351600854697809,0.014418179769513179,0.06955019469367883,0.10248030256653941,0.10263967758569602,0.01663715042776811,,0.04863113290725869,0.04786515782835205
2023-02-09,,0.09743712783915666,0.09129902138756656,0.09510813437196704,0.020885979831167478,0.004386130366862067,0.024619520113452777,0.01075269145760443,0.08355318107473218,0.013163000742142182,0.0887948036260092,0.06415927315307793,0.014143710589254635,0.07635643111916196,0.10207096209094457,0.10201752807921294,0.016905561194294146,,0.047553682152724104,0.046793260810669014
2023-02-10,,0.09546471177246203,0.0910575628348638,0.09454989830550384,0.02088981018827133,0.004446966811823321,0.02440640738024122,0.010934505471075722,0.08520787230201186,0.013295891147784336,0.08964035547699302,0.06510867941859215,0.01396888004982644,0.07378844850311396,0.10114197103204842,0.10172992069859554,0.01755349125138017,,0.04873078983518863,0.048083837520224194
2023-02-13,,0.09606537859204288,0.09125800057298475,0.09442985445331158,0.0209743535713116,0.004452590889926741,0.024369921648472955,0.01117079766826734,0.085370748181854,0.01354629518924173,0.08944050596662338,0.0651090820874708,0.013713081871220027,0.07417885648498607,0.10214411714846283,0.1008340208741729,0.017403036260123246,,0.04807165099104888,0.04746770754847819
2023-02-14,,0.09847617585275667,0.0895475614092905,0.09330303312670904,0.020501081979573423,0.004426467584913623,0.024887343146627675,0.011051556727468883,0.08347544459663933,0.013308909499874606,0.0875867458765859,0.06372342883353956,0.013583109324244759,0.07595163088404232,0.10425236478672341,0.10268273826478472,0.01760266533192238,,0.04817058995849783,0.0474691528158053
2023-02-15,,0.09881684530412374,0.09058315465798229,0.09444352730772887,0.020520979348384004,0.004425060161661078,0.025755537450890483,0.005894855013112638,0.08323719289576062,0.01309561999952105,0.08843761728915421,0.06405933219884467,0.01374933117465087,0.07757963641203987,0.1034938281201572,0.10263058180804718,0.01768280313052802,,0.04796897374723569,0.04762512398017746
2023-02-16,,0.10025123019604507,0.09169865194440097,0.09452243314020066,0.020391916107904976,0.004417343070663197,0.02592747479920918,0.0059111302911472475,0.08417924110985212,0.013189978060979612,0.08888187841555027,0.06442468755678192,0.013582849319308667,0.07611892563177929,0.10241959113619407,0.10091932068230533,0.018466990216684662,,0.04765352373207575,0.04704283458891691
2023-02-17,,0.09918786685813749,0.09258347230673925,0.0950091834041249,0.020587134416511832,0.004381110528374759,0.025976307859725132,0.005661946248472724,0.08489045247679376,0.013376981778827944,0.0906834080524122,0.06493526532619667,0.013704831075910296,0.07543896130792276,0.10037996232147715,0.10056886650917002,0.01795228857298778,,0.0481195958106879,0.04656236514552738
2023-02-21,,0.0993581499751901,0.09167523114825354,0.09569370343211821,0.021190193831173085,0.00443597585973862,0.02526290694726257,0.005666863810861488,0.08622983000793695,0.013636176482966,0.09085979860321516,0.0653396338923639,0.013823351728971743,0.0746498356014693,0.09983292529938237,0.1011353769140593,0.017719600807399247,,0.04729590076778663,0.04619454488985161
2023-02-22,,0.10040524425266616,0.09118731696529071,0.09508608868529775,0.02135006805080341,0.004470777053634612,0.02539001827970052,0.006023486865258533,0.08639597296273326,0.013676287240623905,0.09073183296285774,0.06460776660026961,0.01388308890745654,0.07500832304762557,0.1010380263189098,0.1004099767879793,0.017507227612548967,,0.04699703723196654,0.04583146017437713
2023-02-23,,0.09965758598457669,0.09005749297237807,0.09459251193152962,0.02099866489745516,0.004426239408537681,0.02614262387355477,0.006026079227594234,0.08528233068093599,0.013538879505310596,0.08987033821167893,0.06345165331564889,0.013857237598138731,0.07551155014412372,0.10437025869496465,0.10161692202681942,0.018689245649055913,,0.04666426596925704,0.0452461199084399
2023-02-24,,0.10024900564871773,0.09016130557699696,0.09503334738918578,0.020520466023844726,0.004497991032029886,0.025386022841403635,0.006373553245245913,0.08572066003264346,0.013390193244727061,0.09019707934380057,0.06384696891586474,0.013079592338743548,0.07486204305807488,0.10284953305001175,0.10224010091151843,0.019761081476593466,,0.04665284150356951,0.04517821436702801
2023-02-27,,0.10185843215763374,0.09047101471599893,0.09611659273948173,0.020630446380351313,0.004470961440928591,0.025205379081085753,0.006244640193103267,0.08428314863758574,0.013598770025296995,0.0900112888190452,0.06388549891154395,0.012731875924120067,0.07528424460697732,0.10371168628774784,0.10151631031330735,0.02031427304723815,,0.04526651309051518,0.04439892362803895
2023-02-28,,0.10200831679323286,0.09081352136455478,0.09727424929955548,0.021328093198021376,0.004417640896666954,0.025528336480105447,0.006393690558793439,0.08331883432541484,0.01359315565382883,0.08876614406198888,0.06346070637507593,0.013002366703288505,0.07467514833621416,0.10524911005634512,0.10103670329537867,0.01962131172660648,,0.04533836337696572,0.04417430749796255
2023-03-01,,0.10192678156893278,0.09103466821217475,0.09713236024435254,0.021458167986252056,0.004438826995467069,0.025463496730361693,0.006380219123263313,0.08277640342446185,0.01345953307625336,0.08973592963349898,0.06322318959442687,0.012755387495113112,0.07497650620875632,0.1057919402482555,0.10021605238499003,0.02042597695466498,,0.04502956411610093,0.043774996002673816
2023-03-02,,0.10028756109853637,0.09168029278958034,0.09792474648048537,0.02154553570417304,0.004427593611585831,0.025322017224891764,0.006169864874911785,0.08218260966022131,0.013427087431194354,0.09009207750322627,0.06304671715603859,0.012834322775637348,0.07594095476231154,0.10755438316477432,0.09841276510471292,0.01966787247788179,,0.045464606572619824,0.04401899160721717
2023-03-03,,0.10245533149728447,0.09182644236487247,0.10252092917815385,0.02149120012901953,0.004454963091028961,0.025826326308896325,0.006151394333132433,0.08072123656682721,0.01345526923784513,0.09127509897494608,0.06159344084408587,0.012902351554675737,0.07724759584617029,0.10163692190637419,0.09824465491589456,0.019421093938811668,,0.04490464404836808,0.04387110526361315
2023-03-06,,0.10463840539397015,0.09246994248568573,0.10335193614867354,0.022443318281134272,0.004456731727041906,0.02524392890563997,0.006099957754528592,0.07989269778334553,0.013445541911737033,0.09250270618754197,0.06150638457038382,0.012805704846568258,0.07643948615996339,0.0983278548772103,0.09908274305903872,0.019636194913414718,,0.04434481396744374,0.04331165102667834
2023-03-07,,0.10661683886952004,0.09288303118709995,0.10377525932050431,0.02219510776946264,0.004497501555265484,0.024806622925691007,0.006025879919308491,0.07894082883668468,0.013510557358414313,0.0913711601203821,0.06200261169214809,0.012801623841450943,0.07708864831608543,0.0972383821388775,0.09852721494117278,0.020017007297147178,,0.04422451695406526,0.04347720695671975
2023-03-08,,0.10844101288263612,0.09227584744587132,0.10275741823340259,0.022400921647124337,0.00445052858322049,0.02435943777917934,0.005950269072055545,0.0788665970067023,0.013398096420708518,0.08925697313282643,0.061011941283996465,0.012928955165767057,0.07724126922419695,0.09997739218924141,0.0987140916221793,0.020364549430812246,,0.04438409065563873,0.043220608224440786
2023-03-09,,0.11095528940738741,0.09269595025062276,0.10334937455171686,0.022259988204690682,0.00443564818832076,0.024007713096374353,0.005861425685514106,0.07859397329858592,0.013596968513456709,0.0900604501920397,0.06073929995846257,0.012866579822157893,0.07700767811657644,0.09676888595185841,0.09853653914563754,0.020014838521578038,,0.04506012718360137,0.0431892699114184
2023-03-10,,0.11208025623271793,0.09318410696992295,0.10465000989278796,0.02276200634621455,0.0044349579953069035,0.023719648862199287,0.005629106746936994,0.0782231437004839,0.013620036925586429,0.09043312606549209,0.06063344477510207,0.012952406130415529,0.07662398966621503,0.09374449732904581,0.09982249030978912,0.019333014036020783,,0.04508089012944514,0.043072867886317444
2023-03-13,,0.1132838831663012,0.09367561890599746,0.10582079885379284,0.023028845135415928,0.004425112138772268,0.022975860438987954,0.005640870379881304,0.07857186368450676,0.013495993835301106,0.0906170478890167,0.05982268295515348,0.012755353789407805,0.07855902359453905,0.09291109725254819,0.09875029274216264,0.01873477949406522,,0.04442541376078524,0.04250546198336498
2023-03-14,,0.11603109426870743,0.09360392051586898,0.10659670557861951,0.023104978109132243,0.004350094093208644,0.022293937681517845,0.0053111918945223414,0.07917829936232879,0.013674293171633567,0.09037738065301763,0.05926720123398149,0.012578767852738105,0.07829387627283278,0.09274440772618554,0.09763716191216372,0.01909524978491442,,0.044110302836940986,0.041751137051686114
2023-03-15,,0.11825720570228343,0.09310978028151277,0.10717610790208995,0.02300577318373897,0.004230830190297928,0.022002065370677826,0.005202995948059023,0.08033683047099255,0.013182682924865153,0.08974184979252614,0.059187552713879196,0.012648788241921949,0.07675727086759176,0.09178684760278295,0.09889953127506412,0.019209786795195548,,0.04394030317049943,0.041323797566021295
2023-03-16,,0.12108740305922007,0.0921148242453935,0.10536668069597045,0.022751122615490102,0.0041021684842912345,0.02152152567550637,0.005015879129728313,0.0789224148377423,0.012732428211219978,0.08817400378548712,0.05891375086448771,0.01237280592886052,0.07757110174198556,0.09513314749197334,0.09997871356070523,0.019704670392976447,,0.04347525565261484,0.04106210362634699
2023-03-17,,0.10000000000067172,0.10000000000067172,0.10000000000000003,0.022885176945014726,0.004694276637823737,0.02462587407064744,0.005470162734223777,0.07746146953241034,0.013784505484035607,0.09337338806220145,0.06195205668798621,0.013091180507857752,0.07671286889016307,0.10000000000000003,0.10000000000067172,0.01960690182550566,,0.04576333004484226,0.04057880857527281
2023-03-20,,0.09896958684690874,0.09954166038905846,0.10047129077059376,0.022881094388536128,0.0047095642427725385,0.024547318825373907,0.0054144644708518175,0.07891473237713786,0.014009523132002103,0.09318941307853812,0.06244255466605514,0.013214469345976546,0.07645302210420239,0.09936077151485496,0.10006076347198095,0.01992538537684221,,0.04579786371558625,0.040096521282727934
2023-03-21,,0.10003761120998335,0.09915284611502359,0.0980628051691937,0.02254799991146272,0.004712064107224472,0.024358356008190033,0.005446200066801458,0.0791551559813625,0.013789324987671266,0.09319519636819659,0.06294375793539182,0.013244143820301325,0.07617667926410583,0.09995945866662452,0.10048670270906204,0.02161009934894859,,0.04525592252790417,0.03986567580255202
2023-03-22,,0.10064013326127638,0.09987812884617048,0.09890476997579307,0.022334681842198476,0.004766644564213457,0.02400095681634895,0.005299834816062508,0.07830322302876848,0.01375006213679202,0.09239705639708418,0.06254518622195088,0.013162556196368696,0.07609948952247844,0.09912411016814071,0.10140782578468262,0.022827894797302736,,0.044894312478620274,0.039663133145747625
2023-03-23,,0.10064512467757719,0.09890481413361486,0.09835609959386224,0.022032912871504398,0.004718578659515054,0.024005973555374743,0.005349501437145842,0.07629080825752703,0.013313996861768974,0.09020851002443964,0.06071861124455002,0.013095040520121035,0.0778752496789107,0.10245964237199967,0.10493263293364112,0.022696522339916095,,0.044801602780431125,0.03959437805810032
2023-03-24,,0.10118839011958955,0.1001111197769364,0.09872262199563157,0.022281147074386592,0.004729963112441674,0.024230807036420596,0.005424432258855377,0.07600653647248967,0.013453793309762936,0.09154699241199356,0.06104745170691934,0.013172937685686994,0.0747301815936016,0.10048360408765376,0.10554361899371405,0.022206617275671088,,0.04520582520371447,0.0399139598845308
2023-03-27,,0.10044661375431825,0.09955099160241733,0.09701669920005065,0.0219783027594906,0.004782458643775298,0.024447522962193314,0.005829126397251486,0.07713262549879207,0.013659098092319298,0.09274065670153,0.06431902904903251,0.01306211326407221,0.07401401053203743,0.10058815457587227,0.10298064453776318,0.02223525364948879,,0.04542603126273834,0.03979066751685713
2023-03-28,,0.09833732013270172,0.10016508727249986,0.09760208595335475,0.023187474136266813,0.004755934646007764,0.02472692202460309,0.0058624669055212285,0.0785126913220198,0.013733081356055941,0.09411011955410835,0.06458678106962003,0.013137673105687378,0.07360385220002842,0.09972840476443175,0.10303232344043495,0.020807686992729738,,0.044651384991921485,0.03945871013200685
2023-03-29,,0.09517325388425904,0.09927834141151536,0.09476551486515422,0.022703339246617743,0.004697176172562851,0.024960036651747085,0.005808065601081406,0.07774301044174847,0.013509297867441752,0.09349072639303556,0.06506529696168133,0.013078580957144145,0.07365270694583563,0.10212475272869814,0.10710566261209654,0.02071233860296347,,0.04569029730953506,0.04044160134688213
2023-03-30,,0.09413652875334633,0.09938097061589694,0.09506846682332362,0.02275082098440739,0.004681335250648945,0.02521858991924807,0.005831141852032664,0.07845891977480181,0.013511379547339402,0.09386845960149166,0.06520394445778321,0.013199976271984019,0.07406987704917116,0.1023338405309548,0.10529009280352118,0.020065185891656935,,0.04610529479770707,0.04082517507468475
2023-03-31,,0.096546284005313,0.09987952491275866,0.09556139676412068,0.022821570123275913,0.004736274522742168,0.02552289768770255,0.0059268060272946975,0.07852798436838408,0.013845136178628634,0.09434393324084812,0.0655873074199349,0.013286708968143556,0.07389816485225646,0.10164709705044307,0.09988954707622875,0.020543195961734286,,0.04653195629731998,0.040904214542870534
2023-04-03,,0.09687090791341801,0.09968036701131526,0.09609881862551832,0.022813233933223737,0.004664547260218352,0.02564660546545167,0.005870260047657784,0.08032999666261738,0.01362685065072841,0.09379317603859645,0.06753650005561007,0.013083466713525931,0.07300993839139137,0.09893695604495786,0.09913936434802445,0.021812554818457043,,0.04650419585745247,0.04058226016183534
2023-04-04,,0.09809499217340316,0.09959065342524909,0.09661818290926333,0.023214490196374366,0.004653386928831822,0.02571074981169481,0.00584630754463205,0.08166085463251586,0.013564778040519164,0.09415059691760239,0.06794484816538397,0.013210609838845928,0.07289722255649946,0.09728721606680339,0.09695904886370288,0.021594886284327076,,0.047059278228872806,0.03994189741547845
2023-04-05,,0.09695356234094964,0.09882663623744255,0.09698198211015448,0.023329087938856637,0.00462328079941985,0.025472076740504123,0.005893155791459671,0.08256910836446539,0.013565212402272792,0.09485311926660976,0.06787227218910633,0.01306997017496496,0.0723923408550614,0.09749804641317887,0.09780090774961665,0.021552819890887753,,0.04727400905094949,0.03947241168409955
2023-04-06,,0.09637208606010152,0.09949969554048184,0.09714401899105778,0.022994437424581692,0.0045998010167040615,0.02318044329661236,0.0059497721106778045,0.08239360824940717,0.012527107488519516,0.09557512136560546,0.06847925243684337,0.011936233141691533,0.07322697867092828,0.09656875856694867,0.1016440116365186,0.020345307480532208,,0.04753412153392023,0.040029244988867924
2023-04-10,,0.0953924011852379,0.09748039722206775,0.09497327217663903,0.023024277803963596,0.004568662362929758,0.023626467681770586,0.005852634383038294,0.08222380763417876,0.012360854217851651,0.09482476098907465,0.06727013861934167,0.01187337655713752,0.0733433211684094,0.09631941242757056,0.1065105052764012,0.020865120693907387,,0.04748303893477239,0.04200755066570797
2023-04-11,,0.09370892779886102,0.09758785525538943,0.09449065192369785,0.022838432286678874,0.004616232616977894,0.02350805704593619,0.005716970223227889,0.08291387609197842,0.012052244077052842,0.09549426753412338,0.06751085507537963,0.011759448119743063,0.07296554072657431,0.09617258165590899,0.10746073791147767,0.020599828198028157,,0.0480573138260786,0.04254617963288565
2023-04-12,,0.09551885727825726,0.09831192894492873,0.0944913552233032,0.022966329112139767,0.0047133809591263995,0.02353280273197618,0.00554551661094241,0.08415112705225367,0.012142653010339077,0.0955988046816846,0.06767845282283055,0.01147955796789482,0.07076310220956399,0.09552124072830316,0.10557042859149532,0.021437855057375832,,0.048087763557056504,0.0424888434605286
2023-04-13,,0.0965425720277971,0.09800318446144755,0.09468649070066819,0.02293291782544071,0.004690352027491895,0.0232784029015191,0.005742081411176139,0.0848659707075375,0.011790229626167312,0.0951478312853891,0.06725386228658893,0.011442744415845967,0.07167541983301089,0.09663030881573806,0.1063125357508853,0.02127027991473826,,0.04689644461429031,0.040838371394267735
2023-04-14,,0.09637950198302661,0.09788623873711298,0.09448859061124709,0.02276825207535213,0.004703613285873877,0.0232927754370599,0.0057325257053233575,0.0866024109648123,0.011738378804535132,0.09526915659421642,0.06717339327370218,0.011410167774565546,0.07214907349300863,0.09693172673653729,0.10629275437325769,0.02154815017471604,,0.0461569678474793,0.03947632212817342
2023-04-17,,0.09582487226406505,0.0980074077003825,0.09527124393401623,0.0220012843566782,0.004699849402582019,0.02344126127925582,0.005788544925367433,0.08746176324958949,0.011679283710841416,0.09475468443395471,0.06657787209377918,0.011598985217984728,0.07259539925870656,0.09692800619919538,0.10559636118884462,0.021720316126174997,,0.04616085790417461,0.039892006754407176
2023-04-18,,0.09498801616392313,0.09740138124733702,0.0956685717991951,0.02125122970390492,0.0046246317495955095,0.022810531225784917,0.005764805555059746,0.09025239679619224,0.011462626255988494,0.09369057453037698,0.06603159575305029,0.011623878521849698,0.07132838438032088,0.10084376503584547,0.10415801297719467,0.022707907062370764,,0.04595612375333721,0.03943556748867303
2023-04-19,,0.09452578695681331,0.0982619671176344,0.09823101187784165,0.02123733753215826,0.00464015489980043,0.023477375403372924,0.0057241133205537505,0.08898393823561315,0.011509876286589248,0.09454703481292126,0.06409269492528645,0.011895418894890026,0.07116755973983972,0.1001632997033341,0.10441661085004397,0.022021092210248835,,0.04602148241366126,0.03908324481939719
2023-04-20,,0.09428713536292266,0.09957042515374556,0.09940330111424336,0.02134817334840733,0.004645523156402854,0.023700646857319485,0.005716645373941449,0.08842447165907691,0.011733441162967737,0.0958674939343198,0.06315751459595703,0.011971832448357403,0.0724187053496269,0.09780408076195651,0.10739208155522008,0.021963565785753984,,0.042398433915882945,0.038196528463897914
2023-04-21,,0.09484188586192085,0.09942156232612356,0.09982080890913306,0.021560318232084957,0.004624685694386641,0.023833101340955447,0.00570740560349359,0.08911207104135084,0.011791366095535775,0.09505751573724461,0.06306502338818093,0.012259527183550329,0.072328586480454,0.09699695198631776,0.10716853926843309,0.02190802308476907,,0.042037271001482066,0.03846535676458335
2023-04-24,,0.09569863456370682,0.10007192420541786,0.10040778301450058,0.021511836522451002,0.0045981616872078366,0.024148062755505094,0.0056287987692201676,0.08859002909187731,0.011766318500734665,0.09569027805367367,0.06281779350197009,0.012453293520136391,0.0741929519419597,0.09679257344246477,0.10476823757012964,0.0201931136922186,,0.04266587340367978,0.03800433576314595
2023-04-25,,0.09649331231101771,0.09999357759734476,0.10119212719976238,0.02151504319814248,0.004545167872482684,0.023902153892572085,0.005314007545291894,0.08901827928790534,0.012045522773062686,0.09600646216333025,0.0636293502831172,0.012779869670804987,0.07277092071969793,0.09470800307981926,0.10521808286145858,0.01964560056435634,,0.043144099184598564,0.03807841979523483
2023-04-26,,0.09723273000022505,0.09800965026496758,0.09948240589232835,0.02124348726381767,0.004681883406845028,0.02382626232303662,0.005655753299117784,0.08823120729626997,0.011996505950975189,0.09339712839400315,0.06290365317041315,0.012781621925513157,0.07260756888416806,0.09699914878727986,0.10956732401122422,0.01982466332955187,,0.0430226553510196,0.03853635044924368
2023-04-27,,0.09665741801938471,0.09811188927466603,0.09879751276430486,0.021256942449468564,0.004433013533849145,0.02409692513612472,0.0056383971735149445,0.08971974168472774,0.011799304219811579,0.09399300964746551,0.0630298320172348,0.012788115629987414,0.07092004055554582,0.09733049923585846,0.10994039017899647,0.02038500757491196,,0.0429083607307144,0.038193600173432894
2023-04-28,,0.09671457929482967,0.09695757906910625,0.09798700669028043,0.021015618137665185,0.004185994264673832,0.024043911744488902,0.005365127773711322,0.08920943183830393,0.011634654736518533,0.0932732295014621,0.06194738282694499,0.012469012927569039,0.07161883755653341,0.09743896886629745,0.11197744793731977,0.02134386912502527,,0.043487015818680246,0.03933033189058955
2023-05-01,,0.09665198142219775,0.09791226054129062,0.09961449507135926,0.021037527449300826,0.0041172211485004,0.023934742339794708,0.005370740393733193,0.08966573146533226,0.011502514312828296,0.09275418091260264,0.06230060449239807,0.012454128431087223,0.07293848261355813,0.09839982483539515,0.10814826666497444,0.02122691011286607,,0.04319711995626541,0.0387732678365156
2023-05-02,,0.08363516600806457,0.09931838695521451,0.098278746670258,0.020939506216490968,0.004221700986472014,0.023907073082462517,0.005257157243853921,0.09426698253733141,0.011584232020155816,0.09364320867403558,0.06331785953987047,0.012515046650807887,0.07459625155731049,0.10000034212256848,0.11049703881835757,0.021670781146616587,,0.043153551674164105,0.03919696809596501
2023-05-03,,0.08246048852381709,0.09880596053855116,0.09854963781247475,0.020795103681602124,0.0042731665166649,0.024392757757655866,0.00507427864619241,0.09520014651943562,0.011745748227660403,0.09140119547234068,0.06205080217931451,0.012872412870140893,0.07411238009600978,0.1001908405733797,0.10893050242657398,0.02790123849099792,,0.04247593994458891,0.0387673997225994
2023-05-04,,0.08466526503839376,0.09917860400711316,0.09878989615245896,0.020718675031575602,0.004247081226574824,0.02289339427835991,0.005028885611393035,0.09386625977787799,0.01160280324586401,0.09124415388024171,0.06185928207477905,0.01270668955560812,0.073721886701916,0.10057137064677875,0.10902664209992166,0.028604563208189666,,0.042217521794181145,0.03905702566877261
2023-05-05,,0.0853985198198323,0.09963925142299465,0.1009919361179571,0.020625809531109228,0.004361266511500773,0.022955982746921615,0.005169925759631713,0.09542723173595195,0.011681671441131,0.09057963854206132,0.06257061664423108,0.012654594718261114,0.06532379730045419,0.10354087629498994,0.10912613384919782,0.028474419120308004,,0.04237725840712927,0.039101070036336866
2023-05-08,,0.08521521022064148,0.0988788503008433,0.10049183922277166,0.020441093948820988,0.0043902125974344935,0.02314282370060094,0.005119083585430522,0.09646289129254398,0.01169689993479892,0.09031150872419508,0.06274892231996254,0.012647123499218616,0.06621506733217622,0.1033771399139682,0.1081715627448083,0.02827694733231157,,0.04254696514864135,0.03986585818083181
2023-05-09,,0.08636096172314192,0.09964337304529622,0.0998418536110624,0.02032152945092215,0.004342285409750817,0.023169244554583898,0.005176760167270315,0.09735411765874942,0.011720843778663188,0.09033110836604273,0.06322651298276151,0.012279456207141208,0.06413030121232681,0.10180690499419195,0.10933712193386573,0.027638667839090175,,0.0437515174704024,0.03956743959473716
2023-05-10,,0.08775542975980785,0.09973816452869412,0.10076968667123894,0.020478516275301336,0.004336611028032929,0.021951938764856425,0.005364508843988982,0.09669227380587574,0.011634343035815007,0.09036044153514458,0.06268922538594897,0.011847557559145521,0.0663805804784221,0.10259011354346571,0.10727242242596857,0.027968551081841268,,0.04355696057291149,0.03861267470354043
2023-05-11,,0.0872154868329419,0.10019972977983503,0.10197130119280444,0.02054656279636135,0.004380126537653956,0.02132459842772777,0.005450182269474165,0.09525451536812102,0.011654134567059098,0.09034219352803455,0.061919849860112695,0.011613438689041711,0.06419316039775483,0.10181232226191171,0.11126389730201879,0.02867780369480764,,0.04361774990429829,0.038562946590040996
2023-05-12,,0.08699199009584119,0.100175002058906,0.1025157155524931,0.020580293350081505,0.00437223194170013,0.020334064400428713,0.005429734454745204,0.09539210845397307,0.011674160965723624,0.09037614796308774,0.06216605702725773,0.011334642751428026,0.06424106892232535,0.10272086545306469,0.11002243279905477,0.028300112381892235,,0.044215297926000846,0.03915807350199618
2023-05-15,,0.08410093607328932,0.09817672061671229,0.10092560435785342,0.020456241428035787,0.004307378953215785,0.020453938312830836,0.005750314309725409,0.09307504843967947,0.011363630262258931,0.08841107419227562,0.06241007561569238,0.011767565915531004,0.06448574928126302,0.10472985505647736,0.11353698596670929,0.028156231582587527,,0.04559313354947591,0.04229951608638676
2023-05-16,,0.08363235151240195,0.09766122399593319,0.10205154231505888,0.02015294179344265,0.004370705836466426,0.01983044312966322,0.006007359169451284,0.09468945096035553,0.011606306577017786,0.08753116514004267,0.061751515966035654,0.011655152522576307,0.0634613295110884,0.10461620800934406,0.1127456648069381,0.030025314057420413,,0.045732922526256624,0.04247840217050697
2023-05-17,,0.08177117122088799,0.09660711578625339,0.10242050270099551,0.02024914925692398,0.004325805517002282,0.020719707651429522,0.0064904282414929276,0.09375105442270029,0.01163726994087886,0.08629965818453583,0.061740272196961314,0.011865725211655428,0.06417651929400967,0.10712512412827274,0.11255168753322042,0.031141823675751485,,0.04504316670977064,0.04208381832725776
2023-05-18,,0.08283716246346337,0.09478022161948986,0.102721250031496,0.0197547908077259,0.004259275606345877,0.020837622401667075,0.006530272407786165,0.09371800229377925,0.011324355134875315,0.0851862867972235,0.06042793006055244,0.011857613275051991,0.06486870538774585,0.1069609402627299,0.11386751001475312,0.03227386391196006,,0.044960901529998334,0.04283329599335613
2023-05-19,,0.08383901526397958,0.09394583361588633,0.10293448313301752,0.01976263774758761,0.0042475223693812505,0.020869412566381678,0.006504030739109813,0.0944874532202021,0.011274501332829723,0.08489028701436248,0.05979212211387568,0.011640885671994153,0.06458402521642127,0.10818583239198795,0.11437432944908453,0.0320698227289604,,0.04441202901808708,0.04218577640685076
2023-05-22,,0.08420868269408155,0.09398133252648831,0.10167908737617125,0.019954121046176592,0.004226512789042081,0.021616028443525764,0.00684338982667504,0.09352204935093004,0.011457949429095697,0.08486257610398655,0.059941170704402705,0.011968481956629603,0.06664622826686269,0.1099466316180162,0.11049782106995654,0.0319997682948754,,0.04464324918356722,0.04200491931951674
2023-05-23,,0.08247923911257651,0.09322283415984604,0.10441303255899552,0.02019662133297479,0.004268518830556652,0.021866487420133016,0.007086672021056986,0.09244487268841572,0.011711892654896505,0.08402892552436222,0.060520699800884065,0.011813403301590752,0.06382655529338833,0.11179284029225543,0.11166265939731723,0.0318803315142684,,0.04483445475793259,0.041949959338549295
2023-05-24,,0.08349284101772737,0.0917433253072314,0.10391504549483178,0.01979650874587448,0.004227888956815143,0.02120273214185646,0.007076940203706382,0.09216528565835962,0.011630804401562013,0.08674422774257873,0.0600129330894916,0.011509813071650696,0.06310182483904511,0.11092364285872305,0.11323723262413184,0.0332080375546355,,0.04439966270678199,0.04161125358499681
2023-05-25,,0.08720907305620867,0.08774644688461462,0.10533169930327055,0.01906009778470551,0.004144647708982311,0.021099571592569265,0.007313267602636068,0.09117453118748131,0.011938781596620282,0.08057982221093413,0.05868307620445022,0.011463079265700855,0.06994916449911032,0.11271143894282408,0.11190106414430849,0.03869981084615626,,0.041071669093435056,0.03992275807599196
2023-05-26,,0.08720861748768637,0.08336234719861794,0.10767150645093321,0.01855651329852421,0.004199590632858919,0.022062424035377268,0.007681080153829053,0.08431079152390872,0.012367649318523405,0.0750226045821751,0.05622677094677629,0.011744877331041051,0.06841107287359534,0.13722981753888733,0.10895094365721088,0.03760174744427649,,0.03901394988463395,0.03837769564114449
2023-05-30,,0.08993800382928324,0.08409935154992394,0.10720998449716691,0.018675758850165782,0.004243589887063739,0.02311714471474616,0.00770345257236291,0.08282570950286876,0.012370537384358534,0.07465756902390985,0.05730069691745171,0.012095497829165714,0.068055691305314,0.13346343743476102,0.10640059929621684,0.04043683171083436,,0.03848894381334188,0.038917199881064624
2023-05-31,,0.08926156391368052,0.08608709669907823,0.11205916572131543,0.018945223758713395,0.004364099231971831,0.02311210904998588,0.007848366057023284,0.08165220107759782,0.012304465608217198,0.07680289109597302,0.055420365631112904,0.012133619866142805,0.06736197462612017,0.1282114570918957,0.10540121286651132,0.04023916118232281,,0.0395110192024232,0.03928400731991445
2023-06-01,,0.08827015005945793,0.0853811810652445,0.10824175409940737,0.01882138914552626,0.004343886819447936,0.023060929198270703,0.009585230305902298,0.08180683513327375,0.011954069083761669,0.07600700742652411,0.055621194007188464,0.011833693147475595,0.06783209878930016,0.13216793215934874,0.10535324142509211,0.040967913383179844,,0.03974779079709783,0.03900370395450063
2023-06-02,,0.08520358569765997,0.08649234797968157,0.11016806616808869,0.0190671056933918,0.004396799959696973,0.023847152782203538,0.009434012528078113,0.08418602496972794,0.0122219737021617,0.07683092551426679,0.0572437842132174,0.011892842583337683,0.06692255954069921,0.12888361214967806,0.10441369283935562,0.0390201202128093,,0.03992649185958733,0.03984890160635826
2023-06-05,,0.08691409397431701,0.08718488269174549,0.11105781192725256,0.01917835412400774,0.004446530511983989,0.02358536985390123,0.00934493512003966,0.08255094704236741,0.012138655902728083,0.0771510977204731,0.057543842541485604,0.011754998728876935,0.06692125931356545,0.12668949382378164,0.10425358628570688,0.04006881444886141,,0.03982707388226769,0.039388252106638134
2023-06-06,,0.08503531243112018,0.08778611881530962,0.10900139824275537,0.017065732521656916,0.004273365932917527,0.023651749303171637,0.009200471777104532,0.08467557754046462,0.01187505362572314,0.07747872852629226,0.05857710120836465,0.011419069345639986,0.06807270568561383,0.12868599369353062,0.1036008734849046,0.041645936999937266,,0.038223872407089556,0.03973093845840387
2023-06-07,,0.08226932468667394,0.0885689401465663,0.10853777231544748,0.017298657736234534,0.004350375876683755,0.024099496863698052,0.00930938642131179,0.08560191752940295,0.012046260785430323,0.07841371672345684,0.0596951764563888,0.011491109331197054,0.06723581507419987,0.12813696096512409,0.10214435133016428,0.04247897616770649,,0.038350099206116116,0.03997166238419725
2023-06-08,,0.08528361475975861,0.08808181921241066,0.10943027423883231,0.016886329941617702,0.004316357181436097,0.02391758577980142,0.00923944993079356,0.08547933680059207,0.011933354808866585,0.0773716437928709,0.05944335550321211,0.011485287578038485,0.06705420962993758,0.128112995021311,0.09883606199185709,0.044801065168116765,,0.038518695990718395,0.03980856266982871
2023-06-09,,0.08500523875608765,0.0870237092063132,0.10902354279818238,0.016336183588070943,0.004353754464239057,0.023743090457910274,0.009438352808818842,0.08458872880217434,0.011970976919622754,0.07973502370138966,0.059135628757324456,0.011421402804236248,0.0672854837242382,0.1281850746088967,0.09856006949198444,0.04589719950117669,,0.0390018509786612,0.03929468863067293
2023-06-12,,0.08614624150663383,0.08583090845638167,0.1123636288212995,0.015922423376103136,0.004359688223011907,0.0242726766669874,0.00947472357110918,0.0828485036683292,0.01303327947231609,0.07744901288378307,0.0591657379056819,0.011555423584291315,0.06852090934810182,0.12853408281225573,0.09853765135016783,0.043981541709085976,,0.03938910251746608,0.038614464126994257
2023-06-13,,0.0848802198214135,0.08653292852967226,0.11091520061137507,0.016132895294673287,0.004357751556399885,0.025142645106893145,0.009635525580099339,0.08345972769536013,0.013254691458604667,0.07722329238292887,0.06002038120940122,0.011512417728109592,0.06920350628202139,0.12965367382996812,0.0983910831898253,0.041223993344375834,,0.03986681374587091,0.038593252633007495
2023-06-14,,0.08389292127157148,0.08517676292050769,0.11393314496450553,0.0166234564113299,0.004298572089810214,0.028290588114411194,0.009602733013065023,0.08324991138040236,0.013030060456357986,0.07668367426677651,0.059744036699651566,0.011969592248389683,0.06846354087063904,0.1275469065016643,0.0987276730657825,0.041201147946874635,,0.039648756794142696,0.037916520984117574
2023-06-15,,0.0810826632216197,0.08626852475142324,0.11347388808579413,0.016600278665698163,0.004389758471718673,0.029653981380116358,0.009617534821107608,0.08455406060190232,0.012984805468467097,0.07805599684661609,0.06203822382568026,0.011974112411411884,0.06606963991810762,0.12574693286350458,0.09827835799606145,0.040546450677336074,,0.04016003430549695,0.038504755687937806
2023-06-16,,0.10000000000017183,0.10000000000017183,0.10000000000000002,0.016716285552426734,0.004282493930655088,0.02176186380008416,0.008786250035244242,0.08789860407529063,0.011555206712858545,0.08054015677353603,0.05970590347206397,0.011346078918359688,0.07035271922522193,0.10000000000017183,0.10000000000017183,0.048383184868960136,,0.039503387783625575,0.03916786485098603
2023-06-20,,0.09932604794033968,0.10004312847517652,0.10139655843461565,0.016460278946130905,0.004511845715460538,0.022249384909673518,0.009154642766888255,0.08854918625072307,0.01174711296947086,0.079477225058272,0.058610687432028595,0.012217508011317933,0.07042971624152966,0.10083902037273212,0.10029985915545757,0.04725779618546604,,0.039012649022413186,0.038417352112303925
2023-06-21,,0.09901893640176891,0.1022277736874506,0.10074288962977253,0.01629458444206527,0.004567004152146465,0.019179383457545263,0.00897487522199739,0.09141099691200413,0.011866360775992901,0.07981709564451858,0.05896718035477229,0.011309725337134008,0.07094736925954645,0.09936882040276095,0.10036128627563055,0.04751109280376355,,0.03907279562470783,0.03836182961642231
2023-06-22,,0.09962446611800053,0.10118269777455535,0.09954135861499454,0.016052225917944904,0.004513557657761194,0.019827668503522706,0.00898879876995336,0.0929941601858675,0.011712669080961363,0.0793654007322757,0.05850221752431646,0.011405327975459621,0.07117422556632477,0.09923341517287222,0.10051525076655893,0.04868993672904335,,0.03861695135362743,0.03805967155596017
2023-06-23,,0.09866919344140081,0.10207873115004151,0.09880244675822969,0.01618256774070246,0.0044724555636352125,0.01936679163788758,0.00888563761707538,0.09415527277744869,0.011653422974603365,0.07949681785394,0.058678486275057506,0.011353842549942181,0.07195056351431102,0.09886255787630704,0.10091673864567206,0.047377509742380156,,0.03877556249068427,0.03832140139068108
2023-06-26,,0.09964914416802964,0.10219234597405759,0.09859631256163655,0.01618126359792163,0.004424512591928082,0.019083970772694154,0.008702768763392195,0.0946422480670124,0.011655387504332683,0.07990327507587601,0.058077417976972655,0.01139132873307175,0.07241862993860049,0.09840838308213842,0.10082192503034164,0.04726663662522,,0.03874767293353145,0.037836776603242674
2023-06-27,,0.10043296588601318,0.10166662835858065,0.09923812140820157,0.015985628587116628,0.004351494588021986,0.0193831927776603,0.008842389225799508,0.0923083242294298,0.011514443990060732,0.0790911476723399,0.05671046277436328,0.011541737784677087,0.07349162761964322,0.1006172338186648,0.10033845281359675,0.048149135386288414,,0.03878270281407908,0.03755431026546311
2023-06-28,,0.10011413683470412,0.10193510353403391,0.0992283251022392,0.01595150038856377,0.004349540479819337,0.019127639853158462,0.008707928803877298,0.09298248809072739,0.011441320693398668,0.07930335565288864,0.05648117676380107,0.011211778073766407,0.07277429694211496,0.09980204033190698,0.10073916950307783,0.050208929236721905,,0.03843835739839429,0.03720291231680574
2023-06-29,,0.10212376733709357,0.10271310895746372,0.10051081539772196,0.016238845332579938,0.004368160574620043,0.019412873515712567,0.00863830106341727,0.09505406988796267,0.011677106174418361,0.07885979995251026,0.05723502146645469,0.01130076292202381,0.07371434146830509,0.09658646093821549,0.09625537834847281,0.049999415474112005,,0.038493746423672134,0.036818024765243464
2023-06-30,,0.1026189976791842,0.10332124081209378,0.09980206243814019,0.01600556060320556,0.004351011205344368,0.020191893842740956,0.008440188818197181,0.09569482685726888,0.011644876055484046,0.07859476765107565,0.05699581730250388,0.01112214150012528,0.0735199808680204,0.09767226959469008,0.09318103153615279,0.052200680526852825,,0.03798592014549845,0.03665673256342152
2023-07-03,,0.10091772537139733,0.10186287621662914,0.10041090286315438,0.01589063504133205,0.004360993886477544,0.020088741153553864,0.008206559930393702,0.09626728706017176,0.01150265601188539,0.07860372862163109,0.05650139599116417,0.011211651106580817,0.07294380466430632,0.09987512068598262,0.09405830642157119,0.052161685023792814,,0.03804107504024434,0.037094854909731474
2023-07-05,,0.10203037416220763,0.10281274958927414,0.10001996292907953,0.016307971180521623,0.004487602519477884,0.02021472904003634,0.008069734501701648,0.09661642636714676,0.011481108050879298,0.07916188016178075,0.05710756347268991,0.010798954023892984,0.07169146637167434,0.0985308862829537,0.09241434014793991,0.05388760973931495,,0.037644495269824566,0.036722146189604066
2023-07-06,,0.10253001595961751,0.10371137201867113,0.0995236026175282,0.016271531533975696,0.004445497072281601,0.01979753585157723,0.00796272210819253,0.09692855109397643,0.011553884092700655,0.07925026891670098,0.05760737197900221,0.010715844210179324,0.07122382280230481,0.09792154077400368,0.0922304114138143,0.05346198379751869,,0.03806797429664339,0.03679606946131168
2023-07-07,,0.10160866558689129,0.10325316587620281,0.09903575812631311,0.01653572325707345,0.004570664997000089,0.02071821305431587,0.008104425913421441,0.09617247334879785,0.011649244781638386,0.0791333544298646,0.05815966004626647,0.010842257985371662,0.0709800409998263,0.0982429321252218,0.09105728749347712,0.05531787079072345,,0.03761764390479983,0.03700061728279434
2023-07-10,,0.10066650988380374,0.1028072171948102,0.10064973165835073,0.016206153944733143,0.004597179356953249,0.020438256609235,0.007978690438969224,0.09660329033805636,0.011584075115145904,0.07829307757444065,0.057488812472461785,0.0106569525284046,0.07221248696019845,0.09816398191194997,0.09192702447182059,0.056293529045913476,,0.036948435059201055,0.03648459543555195
2023-07-11,,0.09990346452815926,0.10159497610805159,0.09989747142986125,0.016332245700921906,0.004678847804007549,0.019852091951351694,0.008004437410757289,0.09699030562550819,0.011639921819025211,0.07822245332854313,0.057930544131558404,0.010581487107772724,0.07254132379956395,0.10001054210188419,0.09250492935843725,0.055877176101465226,,0.03692025531668043,0.036517526376450754
2023-07-12,,0.1016967212005809,0.10182776116481568,0.10016410269621576,0.0161056348696864,0.0046980275919525595,0.019375749138343213,0.008045153998762067,0.09373823216339869,0.011619144111119441,0.07811166732838196,0.05677834001302215,0.010450873695144084,0.07452507726242451,0.1004969169646436,0.09226188751542327,0.05669018471035217,,0.03704680779108042,0.0363677177846531
2023-07-13,,0.10244518147718924,0.09992277746527183,0.0982401260325331,0.015814016378415535,0.004733342974675971,0.019887584168660224,0.008005162682574753,0.09432027306702175,0.011595088467835222,0.07707573334260952,0.0563968823945687,0.010452586694156387,0.07521078470263139,0.10240628302319045,0.09140148249863536,0.05905148453567619,,0.03653862252151078,0.036502587572843394
2023-07-14,,0.10236393895899389,0.10043584206771822,0.09973337429416601,0.015253094943388114,0.004638222246466194,0.01951805623078597,0.008027906495330887,0.09575292861305675,0.011476968505260282,0.07357521011483009,0.05595915809038055,0.009942795048725897,0.07489952480591622,0.10129874631260932,0.0924307117939746,0.060356113551811905,,0.03693077444664755,0.03740663347993751
2023-07-17,,0.10403588692698329,0.09984955484717616,0.10088618762038308,0.015038287994162168,0.004701914045019154,0.019518923364469056,0.007885470188626136,0.09328749400064434,0.011295364113847232,0.07268182468858751,0.055774913792558126,0.009904653205552675,0.0771425486955828,0.1016586299053154,0.09280550380111606,0.06099859821020084,,0.03607268174388099,0.03646156285589504
2023-07-18,,0.10544572308327416,0.09955032360221876,0.09976227079287643,0.015045758034726919,0.00470153575487388,0.01838989675780425,0.007647735136518733,0.09139992876479858,0.011251186596632417,0.0724345248583485,0.056922384036978135,0.009800036606188976,0.07663010000697693,0.10311451765758922,0.09205647667669309,0.0639893995981705,,0.03616890812607769,0.03568929390925287
2023-07-19,,0.10753597642930936,0.09969692344046818,0.09990623674219369,0.015291027805468047,0.004757966940140965,0.018929236410988082,0.007544829026567394,0.09243002331305662,0.011136202368502759,0.07258818392413746,0.05648014295635012,0.010001403701905531,0.07515711027996366,0.10327457370663715,0.09241265382420422,0.06122249238300451,,0.03541259112454219,0.036222425622560034
2023-07-20,,0.10677848706091105,0.10083195305515358,0.10051246764886225,0.01565616253895125,0.004730568991652829,0.018189449303683814,0.007558874715286969,0.09317877616003355,0.010895026383892273,0.07325288602056203,0.05738971905399192,0.010114268340582322,0.07070691240643202,0.1016055258475534,0.09397647294372086,0.062418276185604415,,0.03580205273305679,0.03640212061006878
2023-07-21,,0.10660710171897848,0.09969779464794193,0.1011349274818784,0.015671942530055133,0.004730713034926295,0.0178749461058517,0.007790966111087381,0.09284759142538541,0.010871461483623135,0.07312087367694177,0.05751862909617458,0.009975707150658982,0.07110238864010997,0.10158303627879034,0.09504927825752879,0.06224549345787248,,0.03588977276334953,0.036287376138845646
2023-07-24,,0.10640681638842063,0.09943976888534362,0.10153975031180004,0.0156038804335723,0.004772457698837599,0.01781948990485384,0.0077917578368877785,0.09294129558157802,0.010917032262934789,0.07287891018695182,0.057635038813460264,0.0099542462675688,0.07088003190872239,0.10094158562898085,0.09465115821281274,0.06341085623257676,,0.0355999920975478,0.03681593134715015
2023-07-25,,0.10636437674945555,0.09887127807020656,0.10183772601029684,0.01564799635441387,0.0047814914110738856,0.01803875916776703,0.007885559640017132,0.09271515363241181,0.01085482162987937,0.07360903120319519,0.057561084442386355,0.01002496534333905,0.07226151378841063,0.10064022113010475,0.09352568810746599,0.06485502560242944,,0.03450615261931127,0.03601915509783547
2023-07-26,,0.10098931912078586,0.10452183270679745,0.09969972722109355,0.015666009541402546,0.004789298822227861,0.01810498719677849,0.007894215505389057,0.09245977342906168,0.010871568789764263,0.07486019245239177,0.05749141043566505,0.01003724798131924,0.06963266759509214,0.10102667545871125,0.09655455068125476,0.06446595851759417,,0.03452058087741075,0.03641398366725994
2023-07-27,,0.09784984537154767,0.10357801786517,0.0986398437957843,0.01563866315323397,0.005173072763274639,0.01791821910131468,0.007938752813737845,0.09112091510783793,0.010901817938480418,0.0727718806695482,0.05652825166518161,0.009928662954332663,0.07002141033658998,0.1002058906010485,0.10073090876093911,0.06574991909111907,,0.03663727005139704,0.038666657959462294
2023-07-28,,0.09224488394756514,0.10258350660808481,0.09970789444929666,0.015105153417384738,0.005975993880601052,0.017765975781297995,0.007926508527894373,0.0896155067275947,0.01074060486370242,0.07297538659987228,0.05644026505417334,0.00988784177041667,0.07137576257237105,0.10215506105096966,0.10134238849539667,0.06749042541870627,,0.03752693251303838,0.03913990832163376
2023-07-31,,0.09390683497824871,0.1026288897449663,0.09893051314466096,0.015210557487589768,0.006305844069908181,0.017940394451516076,0.007893033282901809,0.089461920861523,0.010588531857027145,0.07282249723581369,0.056440530348659396,0.009814143897805288,0.07264239661397903,0.10183525652718885,0.10080130296988747,0.06612626998029399,,0.03728492317586656,0.03936615937216363
2023-08-01,,0.10991057125694763,0.10069767119927737,0.09896155578694954,0.014775874603869626,0.005994633263379283,0.017363309860212253,0.007657193729553419,0.08823081731498729,0.010344675045625805,0.07076667000423317,0.055263636386791354,0.009426686021615975,0.0699372098505929,0.10068225418424978,0.09766415757493072,0.06607524376239207,,0.037507838163281564,0.038740001991110225
2023-08-02,,0.10778768718594466,0.10316714052083639,0.09865833502765918,0.015133319529613342,0.006011820258235402,0.017538135263112493,0.007413398096489995,0.08989809447948849,0.01045481683222802,0.07284241659853487,0.05621289186695329,0.009508698515184797,0.06914406998718882,0.09746830907722369,0.0967090656362271,0.06434501915630274,,0.03835796264720985,0.03934881932156688
2023-08-03,,0.10748748276855136,0.10272094679733618,0.0971724822823901,0.014791365019781849,0.006036184621700529,0.01779385497319804,0.00745413997842324,0.0902911972392205,0.010431364473720797,0.07191511255128963,0.05611513257690835,0.009545550376108892,0.06916988585282008,0.09723361672003929,0.09759139769662473,0.0642925089394983,,0.04004864688994047,0.03990913024244757
2023-08-04,,0.10797577601846672,0.10080229923114493,0.09633848082645177,0.014902310609419378,0.006089579414503557,0.018877595835765766,0.0076035571628048325,0.08940925287862973,0.010759938004357268,0.0705440109253823,0.05603894471502278,0.009763414443574476,0.06927222040201185,0.09735036653169515,0.09814538322308307,0.06722859124361119,,0.03900245244750627,0.039895826086568865
2023-08-07,,0.10651859452091093,0.10149003902687843,0.09688727653981845,0.014805052435091651,0.0060617333115973145,0.018853710572248508,0.007500018083261574,0.09055718088215496,0.01067310928471507,0.06979962227388702,0.0559794133680235,0.009643644955538346,0.06908523795067356,0.09748415907613421,0.09622991007495738,0.06942431417642601,,0.03950353558324318,0.039503447884439796
2023-08-08,,0.10774865981613539,0.10177006024132075,0.09584934032924829,0.0148078359471799,0.005980784715954078,0.018648011060818006,0.00709500648913006,0.09598754654497903,0.010533910483232269,0.06949940167766436,0.05783742676459657,0.009696590022089077,0.06787713126460236,0.0954934082660702,0.09424855619795204,0.06870510906001207,,0.03884963811215907,0.03937158300685661
2023-08-09,,0.1096483477334116,0.10492633993329585,0.09547503630810235,0.015128802618352762,0.006076415024533056,0.018234561416637745,0.006985867123264436,0.09759378829568184,0.010893432194862818,0.07128671480205229,0.058563563250331935,0.009623934698876145,0.06907588031799018,0.0956172127043988,0.0961324432499408,0.05448365747559321,,0.04008119400588343,0.04017280884679075
2023-08-10,,0.10951443770668913,0.10482790514013439,0.0951901493388342,0.015396438398589994,0.006135420929512097,0.018145589948098364,0.006946831906855641,0.09707882013216132,0.010712027636408512,0.0718569664586437,0.058661014705993636,0.009602331684749575,0.0691783956232515,0.09447845340288845,0.09481504027786729,0.05701470337436097,,0.04046325029108584,0.039982223043875435
2023-08-11,,0.11028622422534619,0.10551927783665872,0.09507419136076123,0.015666760952050097,0.006235659783163899,0.01781996755979321,0.006943543479160188,0.10003739294754954,0.010909778236688742,0.07247095253018726,0.059497198220793614,0.009677830482687066,0.06793094279471477,0.09292818564296919,0.09472348458206249,0.05310877579122683,,0.04086245204470291,0.04030738152948396
2023-08-14,,0.1097354993818835,0.1033969752013479,0.09561553624305213,0.015409283195730284,0.006246293104840226,0.018356670911464555,0.007023932637881231,0.09762329295029713,0.010597910369375947,0.07062637881152474,0.058100850432763945,0.00964536829555645,0.06930610303173342,0.09470210388867756,0.0981231561476143,0.05488928773167433,,0.040522369658637335,0.04007898800594501
2023-08-15,,0.1122700059872605,0.10415097816729078,0.09576960364862996,0.015624111502957446,0.006219433612399645,0.018383430071842528,0.007150971935519063,0.09724234979396497,0.010709966401593118,0.0705936388513049,0.058011427990442434,0.009939742953591393,0.06959435217354244,0.09542344667334392,0.09531546668959741,0.05461925507023138,,0.03980663033993724,0.039175188136550756
2023-08-16,,0.1159465754229647,0.10545768153122882,0.09677233885552058,0.015388716822718517,0.00638933658437366,0.013195855994796665,0.007043806110754961,0.09859687112427223,0.010582817195216199,0.07196251512067692,0.058466710930088976,0.009268963640540544,0.06766027966694077,0.09458655017202715,0.09575934109727673,0.053642971669379216,,0.039800232863227064,0.03947843519799635
2023-08-17,,0.11729565535980012,0.10526086839872224,0.09651911226030745,0.015664325788168502,0.006341134293756359,0.0134479242854155,0.00686383200304504,0.09830263361054144,0.010579358554050509,0.07290042905230616,0.05843334378372743,0.009184662169371747,0.06678486539664366,0.09538858451773302,0.09516178950322593,0.051897647353790176,,0.04041439076734826,0.03955944290204647
2023-08-18,,0.11615358838467392,0.10528268223829436,0.09642284634903352,0.015789630432908156,0.0062510197882944315,0.013865713493460158,0.006921316621586553,0.09860150633228372,0.010736892162496604,0.07330702347644474,0.05861832960598842,0.009560582935055621,0.06644823043725094,0.09561915951115814,0.09543271892088828,0.05184682429059207,,0.04013039247940035,0.039011542540190035
2023-08-21,,0.11639556302453223,0.10339633369315006,0.09905087295077546,0.015443290074635773,0.006176553577384892,0.014075494402769466,0.0072001260228630815,0.09863327726012959,0.01041125626251727,0.07148577157449584,0.05757605223523279,0.009498503735349089,0.06743639938442011,0.09762037290325483,0.0940333063410968,0.05265085785705266,,0.040042654486795254,0.03887331421354476
2023-08-22,,0.11760999140001777,0.1034057831134985,0.0975704986450459,0.015529590301675028,0.0063824601997973995,0.014328910768696536,0.007177771071308158,0.09775380314621927,0.013660062671946282,0.07107270222374895,0.05648414873142299,0.009971164529532768,0.06735964989420624,0.09653279430338396,0.09281610956639788,0.05353738992951153,,0.040092511730531216,0.038714657773059526
2023-08-23,,0.1164731643666959,0.10169632918049111,0.09762988528328025,0.015326443571631739,0.006406751732998797,0.01442903840048979,0.007567195230047848,0.09730513027626027,0.01416586210496192,0.06997909915497429,0.05595377111365418,0.010100955444200109,0.06834653780523921,0.09730631631343817,0.09326473501107795,0.056282542297768474,,0.03933283877801735,0.03843340393477262
2023-08-24,,0.11350029773201432,0.10403055530077676,0.0984172998858184,0.015498624943040976,0.006642192977657834,0.014043238345277138,0.0072519595610777395,0.1003307471508041,0.014239127575507693,0.07171094691006544,0.05669934757172477,0.010226357334576566,0.06629104458429251,0.09362056175648066,0.09407111655839323,0.054997228020009066,,0.03986846098325973,0.038560892809223105
2023-08-25,,0.11537300937085193,0.10564484063590877,0.09868133101245934,0.015750657774036204,0.006586347991921116,0.014117259011506724,0.0076717416256273435,0.10010092959530231,0.014157165374917704,0.07329127833007214,0.05682816565947624,0.01018958488209604,0.06691476284173373,0.08808041641576507,0.09478919572641287,0.0535589332325939,,0.03985636183159511,0.038408018687723436
2023-08-28,,0.11440728346577071,0.10458400022594042,0.09837600374297903,0.0157187874169991,0.0067709765458865475,0.01414806564099298,0.007501950450504159,0.10036816348670531,0.013860973620388909,0.0727479719425678,0.05656435406204732,0.009946973026524909,0.06657598276408687,0.08951036686532618,0.09579606002246228,0.05308650159331543,,0.0402927087929378,0.03974287633456429
2023-08-29,,0.11484128289092245,0.10450049297983129,0.10011927317457206,0.015783199757734685,0.006723428214042225,0.01427386264760713,0.007531053752240707,0.09761893847777857,0.013803450482938582,0.07213996065660971,0.05590453580666535,0.010149638079241166,0.06801627698801085,0.08962515877072579,0.0962708913478983,0.05355506926011924,,0.039862098993088964,0.039281387719973054
2023-08-30,,0.11463800868347158,0.10396852442086305,0.09944767263044492,0.01573396496527319,0.006545032223387824,0.013992248427549965,0.007647657679139065,0.09533309192422013,0.013765256354207032,0.07119040804614112,0.05709293490230831,0.009996915791874113,0.0677923233844005,0.09074519009462392,0.09742055303695467,0.05433768361359147,,0.040536998092416184,0.039815535729133024
2023-08-31,,0.11707602740527655,0.10184087576166895,0.10049712113031778,0.017840549558753818,0.006628022055949926,0.014118913106158282,0.007580445094072518,0.09419692023545985,0.01366125522435933,0.06980115844088543,0.054617816855338945,0.010047608889444774,0.0671130530998656,0.09010302679142061,0.09791779632095696,0.05456753059566995,,0.0411861942651025,0.04120568516929831
2023-09-01,,0.11558492106456461,0.099682669252467,0.09295209931527584,0.016904514731189414,0.006528550307086443,0.013763846433579498,0.007569498519693976,0.11156217377767914,0.013328281527278048,0.06829332816910437,0.05651052265832666,0.009781089895011835,0.06596998850338985,0.08765887292390848,0.0962213427425286,0.05467477764686799,,0.04190566254389475,0.04110785998815359
2023-09-05,,0.11634233536083767,0.09960502194885472,0.09339648401845319,0.01681905641451237,0.006572986280902435,0.013147530054332335,0.0077217108932664804,0.11209855371173026,0.013058290651712648,0.0672860889798584,0.05632237461985387,0.009672882593436322,0.06684253382345583,0.08810031973894222,0.09663425383883503,0.054637440594850074,,0.04053117743304755,0.041210959043118625
2023-09-06,,0.11662155232783539,0.09963598325675273,0.09356908840930389,0.017123544055683875,0.006536158990498012,0.012875358542255891,0.007720905863876057,0.11605710139206023,0.01285455597530033,0.06664942777811027,0.056161043290349266,0.009560717851178409,0.06602848288037028,0.08641676817834726,0.09695987796939165,0.0534895019575185,,0.0407891733872943,0.04095075789387358
2023-09-07,,0.11797196536638142,0.10038255304570635,0.09384741189056099,0.017269440353161938,0.006645362496706548,0.0126481283945217,0.007690731957320344,0.11605726861103866,0.012929474098300404,0.06729697492553771,0.055855825127665314,0.009296851063735631,0.065514948302809,0.08799012121836407,0.09825693328596372,0.053293201085146014,,0.03707495818650843,0.039977850590571684
2023-09-08,,0.11794464049536478,0.09904343017648415,0.09362529774558154,0.017227109677783608,0.006645004083424486,0.012466209487342977,0.007311528744127757,0.11816113567137711,0.01290086033205989,0.0667771252989972,0.055823485968337326,0.009238353459105867,0.06445378330158837,0.08636729006120993,0.09834733932221881,0.055737340691639534,,0.03805928401909428,0.03987078146426234
2023-09-11,,0.11628676913385352,0.09990454188959644,0.09400470735591716,0.017484687899018483,0.006869642086074124,0.012369081155564867,0.007227846834183866,0.12125707383075084,0.0129613793365142,0.0662171867836259,0.05561315074156173,0.009045045705417231,0.06277155628646262,0.08747487801893013,0.0983780842326281,0.05515885647738097,,0.03754788719201074,0.03942762504050902
2023-09-12,,0.11515677946502832,0.10130006503718282,0.09354160547245366,0.017692306549279786,0.0069728267800556396,0.01248487484282678,0.007330722456991717,0.12026656103271778,0.012835111322931771,0.06776526485804617,0.055837737985250414,0.009024130756134528,0.06197376397697486,0.08751836336246245,0.09994636651172657,0.05394256873202047,,0.03706113529182708,0.03934981556608912
2023-09-13,,0.11458749247500305,0.10121799430889916,0.09449565492628526,0.01762220177957489,0.006747141433561936,0.01248276661760203,0.007055319314389605,0.11985460367446,0.012780780466046419,0.06749910035127171,0.05483236487879632,0.008872518022401363,0.061432795764922,0.08749856490625126,0.10072185328564007,0.054614983919809686,,0.037464482557178796,0.040219381317906505
2023-09-14,,0.11320157497234956,0.1002259363506081,0.09558127002487118,0.017618815841932336,0.006712618636052566,0.012750352411954387,0.0071270234835219696,0.11987475135636347,0.012828567977789033,0.06733072424237135,0.0557314749499944,0.009013776786150514,0.06198639259760012,0.08697588963709019,0.10113927015239411,0.05401266218027519,,0.0376195232434515,0.04026937515522999
2023-09-15,,0.10000000000032298,0.10000000000032298,0.09999999999999998,0.018107510025380438,0.007125506020416138,0.017225668646186597,0.007836014518143924,0.09999999999999998,0.014424453079270975,0.07156178181288719,0.06093148070097576,0.01025560495044961,0.06522754357088326,0.10000000000032298,0.10000000000032298,0.04816285830834141,,0.0393656141867942,0.039775964178978496
2023-09-18,,0.1005301605988104,0.10045401737673856,0.09962913967003971,0.018111792018404998,0.007098366541995101,0.016984006140923536,0.007853809459231033,0.09964829572262249,0.014261971155431645,0.07221532904952546,0.060540392410074764,0.01026033391941799,0.06490817387279509,0.10039614520234465,0.1006544478507393,0.047112298208335006,,0.0395807748305322,0.03976054597203816
2023-09-19,,0.0999237520781919,0.10052643519295905,0.09953365274275816,0.017772456619073427,0.007078038696472626,0.016298505068748897,0.00790693614595206,0.10063841096737414,0.014518018403189937,0.07295252982835561,0.060755919076640214,0.010147726787887232,0.06411059093700303,0.09906092563276585,0.10100709319768506,0.0477954093821448,,0.03998042720102023,0.03999317204177768
2023-09-20,,0.09974828279367606,0.09980038394406694,0.09834693387691315,0.01795130269886142,0.00708605175800389,0.016161169057498304,0.007820737916497105,0.10036470761728129,0.014788972397700825,0.07307871597535254,0.06150873891641181,0.010352695438814107,0.06427276025982381,0.09797013212707108,0.1005337786918236,0.0473422659035783,,0.04085913497351727,0.042013235653108626
2023-09-21,,0.09915020861362381,0.10020310158713987,0.09773224744844239,0.01793416255148349,0.007182165470292388,0.01584087096195947,0.00782437041718036,0.10175962943684025,0.014855246328928226,0.07362227157224137,0.06243773322762836,0.010212056624809326,0.06368429506847417,0.09799826392199691,0.10007316481845349,0.04607313902736417,,0.04163620985703582,0.041780863066106046
2023-09-22,,0.09922212659135721,0.09875987357544022,0.09883096492811394,0.01777690147899507,0.007152047426350574,0.016889227042275565,0.007925712005214476,0.10277407857033359,0.015121094968133469,0.07269646652771888,0.06164642364007538,0.01001594552199361,0.06411130395274824,0.09748086320225278,0.10020899079178212,0.04625572102215545,,0.04133171084601026,0.04180054790904928
2023-09-25,,0.09937632898177959,0.09840173575970837,0.0991824464017794,0.01770727364468208,0.007294616128680656,0.017326475351896915,0.007899419192695115,0.1023945623459358,0.015095549401934746,0.0719610796018686,0.061366836969272184,0.009903311617204825,0.06454706500007981,0.09784202684338501,0.09944520591566679,0.04869621327218176,,0.040306091610125064,0.041253761961123354
2023-09-26,,0.0990381122752023,0.09796654803844494,0.09876663712108527,0.017565098079653528,0.00727067519035086,0.017390366834468117,0.007913393825952584,0.10252359262695707,0.015085972676889351,0.07113769575951369,0.06168798556148012,0.0098048342286569,0.0643292224753307,0.09778784230843972,0.10020678355058413,0.04957410839892957,,0.04035064496800962,0.041600486080051395
2023-09-27,,0.10053444897277165,0.09823698575659866,0.09809346740117998,0.017458430799824877,0.007435212415298736,0.017370690279598158,0.008088201234701598,0.10027956407167449,0.01547086755807405,0.07044105781282677,0.06227019282823279,0.009518702585281544,0.06337027880196082,0.09860709409460172,0.0998501170248203,0.050850932800672974,,0.040554518324556435,0.04156923723732445
2023-09-28,,0.10059579556803401,0.09882294177845458,0.09840679769702534,0.01769366129796995,0.007688895599294165,0.01718702783785787,0.007920129958889964,0.09956505022466346,0.016124060863146515,0.07000289498738774,0.06336783971567979,0.00961323915343629,0.06392785869965573,0.09981878387175498,0.09399205427417166,0.05234655078192175,,0.04083857483706053,0.042087842853595674
2023-09-29,,0.099724222167079,0.09806030059639248,0.0975602926314658,0.017556197829792737,0.007657613362959972,0.01736239430569929,0.007997051055038479,0.09956869761204909,0.01589220025009722,0.0698641101769971,0.0620357309802995,0.009614460410449761,0.06495197317539236,0.0993914482700172,0.09743518463453162,0.052933440401402077,,0.04075582003385196,0.041638862106484174
2023-10-02,,0.10148698928959464,0.09626876179696771,0.09781313563661728,0.017473643042457108,0.007605810576535323,0.017154735601918245,0.00834333288858156,0.09758237524425356,0.016000211524371057,0.06913113146864751,0.06214904447224869,0.0096860158406008,0.06440698746630935,0.09995789688601024,0.09709180711306817,0.055635664007079595,,0.04079798203196332,0.041414475112775906
2023-10-03,,0.10186585029821035,0.09750547776851687,0.09719856848442295,0.0175495707808597,0.007533614252005888,0.01691000138170353,0.00832183738309403,0.09871128281644158,0.016247420661367636,0.07000880991175083,0.06150826576382362,0.009672587901754138,0.0642358899244064,0.09819730738330987,0.09877429042926651,0.053046672977954776,,0.041107236992841155,0.04160531488827023
2023-10-04,,0.10160341379726427,0.09808826056013578,0.09746330507671416,0.017030220730469718,0.007697545882913435,0.016582611312665172,0.008475055005674966,0.09783368775577941,0.016329186108301877,0.06945720304217058,0.0612508012879252,0.009229495667366902,0.06475315386537105,0.0985877238177227,0.09826242398403573,0.054636703895860846,,0.041077421293819506,0.04164178691580877
2023-10-05,,0.10267152844246567,0.09734023912027277,0.09753435925447504,0.016382186363086068,0.008127718982817203,0.01637851129391355,0.00869948614755671,0.09641075632245669,0.01673655759055347,0.06862030226326887,0.06039980673742682,0.008914214370461998,0.06397240665823026,0.09823380672749349,0.09964682776150201,0.05601840206369017,,0.04148508540014704,0.04242780450018228
2023-10-06,,0.10432787583039341,0.09663703898723972,0.0985589317137825,0.016496869834767277,0.008198856824112343,0.016462489301163796,0.008980933537371743,0.09515728998712074,0.016637186756663567,0.06731499508160416,0.059653875692977684,0.008702213441345157,0.06607404824362177,0.09928356310398109,0.09943846213921775,0.055552965969051134,,0.0404983136317747,0.04202408992381143
2023-10-09,,0.10548538433767758,0.09616062255795309,0.0996233553334945,0.01643930502254514,0.008270690660885979,0.016357433809983883,0.008652631214583331,0.09623924775641995,0.016594507530687266,0.06691625788302187,0.059654769421802006,0.008697587538091472,0.06630935930971686,0.09879167086486354,0.09862557197305455,0.05555968176327094,,0.04054456031486335,0.04107736270708467
2023-10-10,,0.10367972574942606,0.09581857152079394,0.09911625391480355,0.016313403987859045,0.008007272248681597,0.017277920535421234,0.00834260573433568,0.0964402179599555,0.016680947958226843,0.06594456431009207,0.05941510924449403,0.008776766506619333,0.06766566272707294,0.09932287646439883,0.09719686794103692,0.05888907079513189,,0.04042099873772263,0.04069116366392793
2023-10-11,,0.10086599893528789,0.0959441849907466,0.09964250985347728,0.016003150295834552,0.008040147595194174,0.01794940346297855,0.008178660775194802,0.09855841173527945,0.016852308020392375,0.06471260302577324,0.059463595277633736,0.00884053812038476,0.06851083870858127,0.09818079587789123,0.09756543013853104,0.057901807863812806,,0.041724248315505995,0.041065367007500325
2023-10-12,,0.10234079308772698,0.09623481583650416,0.10416861456658222,0.015831149295954985,0.0081766681951943,0.017690418363737827,0.007970301052959658,0.09764107454207807,0.01670089066851898,0.06321832666566798,0.05923252920203867,0.008708861121593204,0.0679107575038604,0.09817549417848848,0.09779938389050857,0.055473446319743366,,0.041935632756996716,0.04079084275184552
2023-10-13,,0.10291203073176956,0.09564719149923635,0.10379793845142571,0.015602237388684416,0.008108335804286753,0.017414217413891674,0.00815884218046145,0.09821164839202601,0.016535225374911682,0.0641013275828406,0.05886874305226765,0.008810468343068534,0.06686930347985195,0.0966926657601536,0.09915329139110964,0.055110429912239266,,0.042236608850278703,0.041769494391496444
2023-10-16,,0.10488175465741835,0.09573664286821905,0.10427827790731631,0.015898442651053495,0.008248453500258227,0.01775489147642324,0.008106793449487299,0.09629335154735685,0.016498055752027268,0.06405109099514697,0.06008389380471443,0.008813665523939541,0.06682743979999282,0.09690087043670327,0.09724742525345606,0.05541806353502715,,0.04189365816292833,0.04106722867853134
2023-10-17,,0.10473410717340342,0.09660551085647492,0.10269334960540182,0.016130599436601098,0.008433054263405787,0.01787754998427631,0.007946170504546782,0.09701224237030621,0.016447796715522236,0.06392177663571437,0.05997542602524441,0.008680154764059273,0.06617602535865182,0.09657421436657844,0.09773210653803197,0.057078254513614556,,0.042128011090773736,0.03985364979739286
2023-10-18,,0.1058368277086659,0.09583271219398531,0.10483070709419308,0.015857763406059974,0.008243195847271803,0.01738950719843597,0.007751038949208633,0.09725637540565121,0.016100908204915047,0.06369832231918816,0.05995198223441214,0.008518452076904619,0.06521806171501301,0.09508896329639208,0.09961305522760479,0.055438746915727,,0.04256060164152251,0.04081277856484871
2023-10-19,,0.10667280440417305,0.09704642011674267,0.10473041135823963,0.016078281115600453,0.008377547214063443,0.017454959071926266,0.00787624643543613,0.09949034392240298,0.01607430508628373,0.06465861562832541,0.059776058905670705,0.008595572470130907,0.06264597586925859,0.09565566273516633,0.09934926485514374,0.0526710602565351,,0.04246208503609659,0.04038438551880429
2023-10-20,,0.10593104076131489,0.09793071657896835,0.10533423198710017,0.016249373955497623,0.008482134109187519,0.017324322812877272,0.007872766351526134,0.10003606625172999,0.016087790513732256,0.06545968397646158,0.05712320410575506,0.00862966644667481,0.06203950763939367,0.09549254968397235,0.10115374306812618,0.05047476698440867,,0.04329183720361932,0.04108659756965423
2023-10-23,,0.10660777139524033,0.09752238195594334,0.10687133337307386,0.016083910485597167,0.008484668603071462,0.017376114852899405,0.008051991329227938,0.09983716761669141,0.016395434373071664,0.06514280501404386,0.05725940147196283,0.008432573823953122,0.06124194470438929,0.09501569547442808,0.1009586002597319,0.05193013024183401,,0.04253918624504365,0.0402488887797967
2023-10-24,,0.1071598307358209,0.09601002996624014,0.10745259600196504,0.016027306645284164,0.008445650065087096,0.01733584375716452,0.007927123120888523,0.10041712946784294,0.016318499353116467,0.06395542532359112,0.056729477598049236,0.008511556657783335,0.06102796361035724,0.09436883291447104,0.10120938501988226,0.05270992107473173,,0.04367850539267121,0.04071492329505317
2023-10-25,,0.10688292048239154,0.0986760042207011,0.10590254255361371,0.0160853419769134,0.008396167641438015,0.017165970113221244,0.007919120458288022,0.10164296362407618,0.016308140985698324,0.06511979853731303,0.0573768480241487,0.008324178576614988,0.0595843706734309,0.09266127261382018,0.10103323909479027,0.0520774474590292,,0.04398394254315462,0.04085973042135663
2023-10-26,,0.10041496229639953,0.10229893796682354,0.10609994978650553,0.016466041139023512,0.007755096736960474,0.017056693959366494,0.007854800841285908,0.10176299993801047,0.01596800391097412,0.06743610478553758,0.05900563777990103,0.00838217322262999,0.0620176212233063,0.09344512685414237,0.10090624226324162,0.05052910160730507,,0.04444689570057563,0.03815360998801082
2023-10-27,,0.10298753564542673,0.09997864532346978,0.10629214539408656,0.016443007402537405,0.00754982590257151,0.0167353930265031,0.007875682357602293,0.10282380548451767,0.015605324400539373,0.06585688760246158,0.05858060290131643,0.00827609528809376,0.06158091743433917,0.09367215522855198,0.1014941065221144,0.05033432939823906,,0.045510172582726105,0.03840336810490309
2023-10-30,,0.1023226905027771,0.10035432805926116,0.10614564009684903,0.01639000102823889,0.007474467854167079,0.016679484984994372,0.007656723355439198,0.10308884362535285,0.015832541818839536,0.06571160599418462,0.0586642325767899,0.009098192854416872,0.06098046542820944,0.09244373736332358,0.10165871108709117,0.04914731784142735,,0.045389534020649,0.04096148150798906
2023-10-31,,0.11387474020235128,0.09864769688393082,0.10361279224324224,0.01643721638239883,0.0076612008716754445,0.016517810275690655,0.007815954924343543,0.10141592670737737,0.015512184371073838,0.06438157767964434,0.05759293202616271,0.008748345793576922,0.0651916054244754,0.09096748292835295,0.10044319816248741,0.04852775259094067,,0.044215864670094716,0.0384357178621808
2023-11-01,,0.11689890466069759,0.09758393949535651,0.10252402737762428,0.016097384715740834,0.007730997598264434,0.01598393930391795,0.00779279616136893,0.10150599203217073,0.015011312261204536,0.06261737515438855,0.056764894835944116,0.008423748449160289,0.06571961257763168,0.08966413029549872,0.10174203720550402,0.04986029935273581,,0.04505970568995676,0.039018902832834226
2023-11-02,,0.11577646107269914,0.09802310126825904,0.10335075493104344,0.016063336078393112,0.007838032585752348,0.016659405917688278,0.007589348474352295,0.10020829981683059,0.014951727269594773,0.06344401273200628,0.056190118846931245,0.008689895741399771,0.06696420700625026,0.09067588678611081,0.1018837299979639,0.048033914682211895,,0.04479985695266607,0.03885790983984678
2023-11-03,,0.11359159384812517,0.0975857902119921,0.10228987027644093,0.016078658981446434,0.007917761034202222,0.017224916033084788,0.007673410395424106,0.09901037105833076,0.015317535413304557,0.0631440623959503,0.05614464819002868,0.00896649282216012,0.06835518716317623,0.09294776377857661,0.10246604633712154,0.048554782539747814,,0.04402308989612807,0.03870801962475949
2023-11-06,,0.1136159884224047,0.0970134199462013,0.1018717813300696,0.015811037411491317,0.0076487999343322986,0.017213198799592364,0.007653195177934407,0.10237085867982676,0.015195381560885136,0.06260659633564016,0.055996839618961965,0.008875358846748387,0.06838860234952518,0.09268213267853542,0.10288933303973456,0.04809255962055942,,0.0432709412805357,0.03880397496702137
2023-11-07,,0.11322508689514828,0.0971224908915703,0.10382716500465033,0.01572691946560914,0.007634889672863597,0.01717827514679961,0.00789981150219197,0.1017092737729631,0.01610873707600643,0.06200404266369004,0.055310385076415204,0.008788630621816998,0.06814388683569096,0.09253394422586642,0.10263499965475685,0.048376752327740996,,0.043068498381517474,0.03870621078470249
2023-11-08,,0.11119218474333092,0.09737769530520271,0.10489107461014806,0.01568910056821733,0.007639341263628616,0.01805366851172759,0.007779471579660896,0.10254602019354377,0.016050502626149217,0.06137018936566783,0.05504306510029389,0.008933571987957484,0.06788899033591574,0.09275756191493026,0.10138855854088935,0.049259465872025426,,0.04346220774360978,0.03867732973710115
2023-11-09,,0.11211768477174687,0.09712488682478577,0.10469709403597592,0.015707126082650503,0.007481841415644727,0.01733663489745924,0.0077121929382299335,0.1020489741798721,0.015570431359537168,0.06071233212400372,0.05459145024355592,0.008220292051017522,0.06629037511181107,0.0943117341463852,0.1030283224190378,0.05005991092794601,,0.043522945983495584,0.03946577048684495
2023-11-10,,0.10736631073683595,0.09684972166540984,0.10777078760899947,0.015700021973829716,0.007621871177703545,0.017316161915852956,0.008062086668114801,0.1016665378908542,0.015310863064528366,0.06083163439274989,0.05456110426038854,0.008259722989831632,0.06792795458189399,0.09601010330594524,0.1033720067924907,0.04920775532167272,,0.042834058654999875,0.03933129699789852
2023-11-13,,0.10946053057803129,0.0968904160660988,0.10684017635297084,0.015660095276049557,0.007697499858490756,0.01728422875531608,0.00823001487254611,0.10236487010380958,0.015505170629272398,0.06106242897250818,0.05487332055928552,0.008358234975756532,0.06855086348631508,0.09427307984351116,0.10287914604924733,0.0474632377214909,,0.043001279649301394,0.039605406249998504
2023-11-14,,0.10801368769485775,0.09592235058436706,0.1059460634604129,0.015713910535302505,0.0077900492036298025,0.017459047853231723,0.008353257111703465,0.09889829202338209,0.015431636415372057,0.06045829507232371,0.05429425311828097,0.008579177567989201,0.06972010652371534,0.09698802737757647,0.10239913820383925,0.052584440605361965,,0.042686190356144654,0.03876207629250899
2023-11-15,,0.10713582702089583,0.09620299744636712,0.10603922909669582,0.01593849743603753,0.007875687988606961,0.017753539041739434,0.008443011653097033,0.09741709903070604,0.015111950698762288,0.061407814594284287,0.054322006437873695,0.008879464099512593,0.07123902914209701,0.09712167484734158,0.10218413198972351,0.05145390579353044,,0.04260629209214925,0.03886784159057953
2023-11-16,,0.10826200440857423,0.09803913290606954,0.10563339239357102,0.015400047785166784,0.008061580299522626,0.017688217769062594,0.008701551891148409,0.09826065821376632,0.015043576117276122,0.061025844994292214,0.052733249483499084,0.008721320614543632,0.07078262455059424,0.09408146208219488,0.10297774647794984,0.05139973127329595,,0.04378613201860287,0.039401726720869605
2023-11-17,,0.10780440350600139,0.09714259122086549,0.10653381984815337,0.015567304655949656,0.008143380235790337,0.017794503990773963,0.008544999981728647,0.09864656261460275,0.015153891603910473,0.06057277969594698,0.05273624894728124,0.008707658652738315,0.07039330616061132,0.09468657112772919,0.10295945182268629,0.05169084423142273,,0.043468112787913696,0.03945356891589421
2023-11-20,,0.10709872269476171,0.09605642728458279,0.10744240590072549,0.01533236960432155,0.008078745500414172,0.01776212571289279,0.008752781304926998,0.09732274517357092,0.014985779755325257,0.05956496212811468,0.05188947170425141,0.008655263883833123,0.07111066601084183,0.0950946280204869,0.10341117324539253,0.0540633206670102,,0.043703484194293526,0.03967492721425433
2023-11-21,,0.10875526889237533,0.09759492859948282,0.10747197957214424,0.015764516703788083,0.007818755379254024,0.01741543977174034,0.008828660606155211,0.09912849394061285,0.014732183743248395,0.06005892084473741,0.05202971392019851,0.008510386411241085,0.07050057510480556,0.09364789092471996,0.10241138922880316,0.052195528781107364,,0.043790162097096415,0.03934520547848927
2023-11-22,,0.10922505529322718,0.0973781609144693,0.105681400587151,0.015720007825142143,0.0077080727486861485,0.017753365619285744,0.009116147538347625,0.09986860557198562,0.014639376696181268,0.05978762110154436,0.0521751204518793,0.008580903339854035,0.07109369742194796,0.09435271555783023,0.10224217428334817,0.0512886791728148,,0.04376092956446946,0.03962796631183557
2023-11-24,,0.10934934734673765,0.09750788384577481,0.10612665673756114,0.01580793403489963,0.007861868242132917,0.01775176867762436,0.009128098675587617,0.09938714465342174,0.014566824622047827,0.05980271797855554,0.05219720102636791,0.008604404968036855,0.07123754782825953,0.09509034472700316,0.10178328572350356,0.05104520951267275,,0.043436543047288834,0.03931521835252423
2023-11-27,,0.10973571191019892,0.0974261243313389,0.10338778430564599,0.015541903223758044,0.007834663461323247,0.017854123357421293,0.009385619298428122,0.0996439251033127,0.014447137580765122,0.059200100723128264,0.05158584121608032,0.00846700700930565,0.07133439408406077,0.09508067777124754,0.10277806336777846,0.05200016896533276,,0.04438403519166617,0.03991271909920771
2023-11-28,,0.10978803651845453,0.09793203396284952,0.10373156124809277,0.015668525400549686,0.00787428642236262,0.017915691621296602,0.009069357448796942,0.09977044989889518,0.014637953618298696,0.05939515054934224,0.05182864103890179,0.00838550882782306,0.07126300178950891,0.09520446601032151,0.10173929084124424,0.05152370419588091,,0.04434997892702594,0.03992236168035482
2023-11-29,,0.10952043360010436,0.09707038926880915,0.10186816078415659,0.015508866321848357,0.007864191627189598,0.018262324918028868,0.009306313683146439,0.09997681243440538,0.014331378773750496,0.05970037139719642,0.0544711265287515,0.008447998550828019,0.07153607064717313,0.09504461222382596,0.10125342402863925,0.051294013598594056,,0.04470428552366069,0.03983922608989168
2023-11-30,,0.10994063631841516,0.09815156627518448,0.10051028528665992,0.015734447402822555,0.007786101918490778,0.018084419625836002,0.008664622755547071,0.10130088228552954,0.014254004754624142,0.06038898504308708,0.05573845247158784,0.008408430321979169,0.07123876252404686,0.09449993773148517,0.10062372355458464,0.04879955853630621,,0.04513015079125246,0.04074503240256096
2023-12-01,,0.1091076940854614,0.10014669256566663,0.10155006181544093,0.01614287601053146,0.007892241330957667,0.018899862286368703,0.009286744496402063,0.09658247496174718,0.014632334478483111,0.061501677228614667,0.05610274428624233,0.008742137616945506,0.07316594555319474,0.09017750991790163,0.10107975180938536,0.0484537649394437,,0.04546158093052811,0.04107390568668472
2023-12-04,,0.10966382538181747,0.10088914840739308,0.10197225618922821,0.01639752777618824,0.007897293636900985,0.019601382485933343,0.009467018560162528,0.09414511426559924,0.014972544279191813,0.062228431912844655,0.0555200270213146,0.008814221684575014,0.07379176989521927,0.08981706330919036,0.10003445089339917,0.048372453474199266,,0.04565616496326875,0.040759305863574076
2023-12-05,,0.11106286916177549,0.10141173911807463,0.10203718094229271,0.016161776637933712,0.008066478625029115,0.01958425675965052,0.009321756951477722,0.09519030352916795,0.014955515120735872,0.0620796103425933,0.05461462661855759,0.008476644372277593,0.07397569115740961,0.08855673868499307,0.10039034428069088,0.0483104359416936,,0.04518764501833222,0.04061638673731447
2023-12-06,,0.11070871853303534,0.10316284624643857,0.1016395687374038,0.01627686239311268,0.0077447877037295585,0.019849271151654548,0.00886895890309878,0.09355274972159977,0.014854551443234923,0.06320126026949079,0.054294488534994,0.008415012965299144,0.07453700077608919,0.08870694548578473,0.10032174350982384,0.04690455596545208,,0.04602533762986636,0.04093534002989187
2023-12-07,,0.11009235225225347,0.10190254822893184,0.10200513314364061,0.016231663472880933,0.007867664678498197,0.020289291497914197,0.008818469943552487,0.09347918876674309,0.014823292016260281,0.06275557610427283,0.0542961034207003,0.008733387920320423,0.07542060981284623,0.09043221926993855,0.09949637740937425,0.04671118560131061,,0.04590156458596644,0.0407433718745952
2023-12-08,,0.11259766311952883,0.10092249029366886,0.10283183445632765,0.015277161566725546,0.007887355482031889,0.020413394172822997,0.008848950044194183,0.09203724629395046,0.014691013465162805,0.06189875846105053,0.05368090759609803,0.008689480027273698,0.07512876780236817,0.09004242261155813,0.099525903264101,0.04886338596225107,,0.04617211564206949,0.0404911497388167
2023-12-11,,0.11095598965660934,0.10053743117222208,0.10929533424623146,0.015090359364062875,0.007828599207037483,0.020125087223618606,0.008654458118736882,0.0904269515082661,0.014762007480003803,0.06116831592907404,0.053817702313858434,0.008657970109120441,0.07524051067647983,0.09048504367693858,0.10071688274468674,0.04581581986377976,,0.04580673404154478,0.04061480266772885
2023-12-12,,0.11177911941969934,0.09997447515893128,0.1129856374229068,0.01453024018498613,0.007712483535786564,0.019956623600464157,0.00873474998673192,0.0907536913248299,0.014671312081335753,0.06046169890965854,0.0524952329790956,0.0085556205033704,0.07512986837431262,0.08945869452791141,0.1004483005979689,0.045949359679317424,,0.04579484106727601,0.04060805064541722
2023-12-13,,0.10973698339770852,0.09900066479226048,0.11294584077992476,0.014523832641965247,0.0077697558590693145,0.019814049660651596,0.008594061069738295,0.08903372818575818,0.014821427518004533,0.06003592981422842,0.05227867398875241,0.008716773911419317,0.07548222001796594,0.09268296421207786,0.10080393058389134,0.04658760902331457,,0.046549235966215054,0.04062231857705402
2023-12-14,,0.10733844168974419,0.09895527290585329,0.11140878214911747,0.014187902303439892,0.0077805344017707005,0.02011760143805889,0.008589873025099509,0.08972395357710611,0.015285726895573885,0.06007532722621065,0.0522515222080008,0.009093047375949634,0.07683819470310876,0.09334656722431502,0.10098617363731036,0.04874840775451106,,0.04520877144976646,0.04006390003506339
2023-12-15,,0.1,0.1,0.10000000000060243,0.015945678166161374,0.007940573402783084,0.02056289185662157,0.008618493756620814,0.10000000000060243,0.015109649315052967,0.06354631048196888,0.054526084161795385,0.008706733784300374,0.0719100085357985,0.10000000000060243,0.1,0.044792463254263976,,0.04646729553007422,0.04187381775275168
2023-12-18,,0.1006104070618294,0.09848413752835006,0.10082353962735062,0.015720562027082458,0.007865938074500723,0.020051328553935235,0.008503485356487192,0.10168642869550044,0.015343516461191736,0.0623154888662425,0.054381281258984025,0.008665740824098375,0.07150930470062691,0.09946354759885628,0.09946234385479859,0.04772441562186248,,0.04594664403531026,0.04144188985299262
2023-12-19,,0.09965539971722448,0.09841562158026866,0.10016773002573905,0.015929370972616118,0.007850350750304476,0.02052383628127919,0.008553998701768801,0.10187456898464607,0.015298090354180054,0.06284228773073461,0.05450384284754055,0.008811611331214808,0.07158570559610104,0.09935157285328655,0.10017257753611074,0.04683620700906192,,0.04585842389738731,0.04176880383053545
2023-12-20,,0.10069198126075317,0.09964938851717313,0.10006623913297301,0.0162904721664349,0.00786670410342689,0.020337545027846786,0.008577565393520467,0.10292926174381162,0.015401526730255927,0.06312635674668635,0.055574690433033536,0.008953864386930235,0.07056773176958692,0.09823438627574566,0.09839739061145644,0.04588604039699216,,0.04590528967378168,0.04154356562959114
2023-12-21,,0.09856686679595163,0.09772667053795274,0.09856506658703035,0.015904419949975702,0.007899981623119225,0.020338483604543763,0.008554772478593384,0.10388820939661793,0.015202211595831346,0.06212423023710974,0.054840474419409146,0.008955834052455817,0.06972695005009488,0.09985416172850839,0.10374894250629911,0.044897325902206645,,0.046445975505337564,0.042759423028962754
2023-12-22,,0.09970116046468679,0.09819534979345193,0.09792291001542278,0.015991831926116817,0.007912797064040761,0.020569506764730138,0.008671341061936283,0.10418630596241603,0.015216453009426232,0.06211460439867889,0.05499135521846729,0.00918876841121301,0.06912632817895646,0.09964678488173055,0.10473830559958261,0.042661312641067116,,0.046273192178227764,0.04289169242984868
2023-12-26,,0.09839257476858301,0.09773738927202853,0.09784251151502843,0.01580554407544076,0.007870733112737236,0.020752497577534647,0.008597913627900624,0.10485341654769403,0.015375536853284561,0.061966519067817735,0.05488390655889231,0.009184681732260856,0.07059417902283946,0.10013901508601925,0.1043355701949236,0.0429358736042571,,0.04619663576036969,0.042535501622388165
2023-12-27,,0.0985605262621582,0.09777456717502324,0.09745394813496182,0.015880155265288135,0.007756463180287674,0.020480344160092586,0.008612582552396705,0.10539205589363523,0.015540144279835712,0.062255331772149126,0.05450860587132436,0.00916307509429568,0.07061559640269754,0.10044108199179881,0.10401267313399429,0.04306043241488792,,0.0461558398499246,0.04233657656524841
2023-12-28,,0.09844519471426415,0.0979037475077035,0.09722924611723707,0.016213501097731536,0.007799941982281287,0.02050703295825655,0.008643121514324,0.10474056806321752,0.01549226174030172,0.06247919678871115,0.054863760617929594,0.009161579517846073,0.07023184634600224,0.10066062240897533,0.10337070481336808,0.042629123116296526,,0.04682193022228212,0.04280662047327155
2023-12-29,,0.0987188750692446,0.09853278844028768,0.09762894545192916,0.01631987289908388,0.007793623951691394,0.02012399677458594,0.008549054894316914,0.10551553684036083,0.015094004667948316,0.06268923980172025,0.05470093600188608,0.009099128279710678,0.07073765463776685,0.0998876123519999,0.1034792318412619,0.04193221145448467,,0.04646644188358802,0.04273084475813285
2024-01-02,,0.09939062387227839,0.09855415464942086,0.0972450911572847,0.016758235466036657,0.007697521893258382,0.019905024557656168,0.008255791615389554,0.10557590425657105,0.015366270437098399,0.06421699711245885,0.05583906573988241,0.009239447350197258,0.06927836645073066,0.09869575976299431,0.10228416235833844,0.043090310928806955,,0.04608208292490221,0.04252518946669482
2024-01-03,,0.09971818777450664,0.09802322456734198,0.09595321236265567,0.016757368212618872,0.007770756456189941,0.019586267434986867,0.008229045390420004,0.10947086604785865,0.01528827174178437,0.06433867528198198,0.056906080953532556,0.008990822277108467,0.06718870818165443,0.09745944560837216,0.10340971004254272,0.04290504852074358,,0.04539898695634088,0.04260532218936015
2024-01-04,,0.10005414658123557,0.09739311682415645,0.0948984512987543,0.01711892446188905,0.0076888313688749455,0.019415731350551444,0.008153077993383181,0.10841281314430024,0.015026460127685546,0.06453349940145424,0.056749458599403155,0.00902133570354411,0.06624697985039713,0.0995767366981904,0.10382378942592935,0.0441234362029065,,0.045508489586867935,0.0422547213804767
2024-01-05,,0.09955103540251346,0.09661903041134492,0.09431598764193001,0.017314443699430488,0.007636785382887861,0.01956555925739247,0.007903636689968232,0.10757408784319372,0.015052453884705722,0.06475527756858072,0.0568897026383873,0.009016887959297452,0.06613355146815185,0.10213138520903983,0.10422053600014916,0.044349188242199425,,0.044942050789970774,0.04202839991085656
2024-01-08,,0.10220070866529264,0.09520554653039277,0.09323068916481164,0.017049795058137647,0.007608392648192446,0.019390943930471458,0.008203403420280168,0.10852469401153998,0.01485851780256825,0.06391633864910694,0.05665324055379966,0.008808964453533373,0.06566548123256871,0.10532084137839082,0.10216944639871593,0.046841741161300895,,0.04372240574528879,0.04062884919560789
2024-01-09,,0.102895341247064,0.09538771628620754,0.09479869447648764,0.017400352164150645,0.007654708201989713,0.01959539318759718,0.008756584698695011,0.10638225606360976,0.015030423671179393,0.06305380133057198,0.052078019403910956,0.009008190273594178,0.06666001711758546,0.10527817981812529,0.101202275846446,0.05077753650749392,,0.04364866212225558,0.040391847583035705
2024-01-10,,0.10410696759218635,0.09531982692226701,0.09411512646270113,0.017531132167806752,0.007823633272576347,0.019240686967038068,0.00863020007008952,0.10747550835547459,0.014688219991042483,0.06300096665891458,0.05274331778385056,0.008994769477877428,0.06586592393079467,0.10472412922594007,0.09956851744097123,0.05029113424270936,,0.04482459250539204,0.04105534693236781
2024-01-11,,0.10410537155597933,0.09454439514286866,0.09488031774936788,0.01731068968284072,0.0075273736530504015,0.019375931934184153,0.008567503169343366,0.10845557592288006,0.014722344518733542,0.06247637069119817,0.05204546664819846,0.008812125046977625,0.06510321534081145,0.10767397382900462,0.09980085256118448,0.04997625390269604,,0.04389530242071573,0.04072693622996532
2024-01-12,,0.10475262754555488,0.095101925393983,0.09601113693135933,0.01787471984413892,0.007577515001614172,0.0191113640642638,0.00822315759490767,0.10844118098491418,0.014852138739734965,0.06246116080791493,0.05075436939200506,0.008732780791612915,0.06430168763924012,0.10792588581196814,0.09908892899782525,0.04965389118606161,,0.04465977899699994,0.04047575027590108
2024-01-16,,0.10460350637132322,0.09415182229742391,0.09611633600092465,0.018083915148696686,0.007476987824199873,0.020540324477670555,0.008212754879062707,0.10798919172804207,0.01474152417049748,0.061296263688118524,0.04859017553849161,0.009013272247898246,0.06592327638096662,0.1070811497232042,0.1012184619016701,0.047451026384180715,,0.045497880539432746,0.04201213069819601
2024-01-17,,0.10430374988765248,0.09465516490538922,0.0965067769192772,0.018379751229638582,0.007339332648464502,0.02036062458036923,0.008213338226429648,0.10699473020144623,0.014798406414789928,0.06143692576248766,0.0484453274462114,0.008955963062605638,0.06545506543555932,0.10827514325859193,0.10091989169136667,0.04693352888599927,,0.04533171984977141,0.04269455959394968
2024-01-18,,0.10559754943014145,0.09401264809390895,0.09783639937116198,0.01821284459889542,0.007441088907405093,0.020671452168399992,0.00823200036711766,0.10574893165796509,0.014862738477437914,0.06072529239175691,0.04711418574541154,0.008969525116360965,0.06700633469130514,0.11052872537565475,0.1006419986993779,0.04494072014178402,,0.04470473426354654,0.04275283050236875
2024-01-19,,0.1030099929452885,0.09047523458843612,0.09880101702500432,0.017772701693357696,0.007667653216664662,0.019885071709907283,0.008489610133836223,0.10708147008693251,0.014964323891306381,0.05848111419729277,0.04624605011320753,0.008716426878404215,0.06605469711412355,0.10989682100305558,0.09903044212204434,0.05833169386813243,,0.04337830618774268,0.04171737322526327
2024-01-22,,0.10356093756344197,0.09026200411123628,0.0988858194980773,0.017451648256987688,0.007797369625884552,0.0201153711189068,0.008940818056846107,0.10365364812181788,0.0149708811040443,0.05840956328086289,0.04628510001650317,0.008723847107667788,0.06632013750100978,0.10765887989843634,0.10028021712713436,0.05964882343509218,,0.04392512183087196,0.04310981234517852
2024-01-23,,0.10143932366416265,0.08992618246643576,0.09908498349758653,0.016987476322962214,0.0075158019546516805,0.020362392164785977,0.008795183798849195,0.105043134845775,0.014910535683211198,0.05765211476794734,0.04619263355003989,0.008702048041710866,0.0663871075948164,0.10806396412833454,0.09812397558224203,0.06236575277023554,,0.04489717394294196,0.04355021522331103
2024-01-24,,0.10040577185952343,0.09128105956403308,0.10011885965662924,0.017031806103852704,0.007447637566921632,0.020236310362046005,0.008707020053199416,0.10535883818617053,0.015023237411802028,0.05708139020362697,0.04634464118287214,0.008658401286895209,0.06463425360362507,0.10933907419722477,0.09753085072012332,0.06329545173494151,,0.04428218833792903,0.04322320796858397
2024-01-25,,0.10124044878482343,0.09151509671656137,0.0981972348509607,0.017122092557951326,0.007709208136118591,0.020133236355908697,0.008643561481340633,0.10452591591253454,0.015195196600544351,0.057962907486410906,0.04687075805995469,0.008873153303191569,0.06301864364250524,0.10590801273097182,0.09878920317915457,0.06409739397473864,,0.045226116584759266,0.0449718196415697
2024-01-26,,0.10216335065877813,0.09230253115142613,0.0970871463501727,0.01718308476515656,0.007840708370964523,0.02014404809082638,0.008429712185509941,0.10697610896555328,0.01530724014559625,0.05856891897323221,0.04702770707651509,0.008848702032485091,0.0621213706079942,0.10389090333922284,0.09845736006562789,0.06447005114381126,,0.04538304076783147,0.04379801530929605
2024-01-29,,0.10267662715481989,0.09160329011726052,0.09672853068400811,0.017392815685545272,0.00787196251230429,0.020536880311211283,0.008432249198712941,0.10445091534636615,0.01536595279040183,0.05827911956239309,0.04629001467218074,0.008977219248958338,0.06314718936319907,0.10558282004663079,0.09813232501354846,0.06639968665792266,,0.043826176227906924,0.04430622540662961
2024-01-30,,0.10331224145428469,0.09256479035525488,0.09572630142687903,0.017384783732724184,0.007982182632333657,0.020386302196257977,0.00833924123126999,0.10600261723846305,0.015827140118566143,0.062176636820379716,0.0463900385420082,0.008771857651856391,0.06234801294315522,0.10336370297730109,0.09466896752860783,0.0685710443452975,,0.04320113163828239,0.04298300716707799
2024-01-31,,0.10006752778252928,0.09276363272648717,0.09516895747591005,0.017743417933292083,0.00844027826915944,0.0202779522337398,0.008301671308284679,0.10548602083799027,0.015659343707185823,0.061775716528970424,0.045498412620279045,0.008797930402623751,0.062340033442244064,0.10350158547641164,0.09597428640822196,0.07204669704208179,,0.0430414297185039,0.043115106086084896
2024-02-01,,0.09994538428907815,0.09233295484237407,0.09513962651892618,0.017784688148707626,0.008718745384015495,0.02043773887924148,0.00817772119039218,0.1072818976760598,0.01594835594114834,0.0598995619249819,0.04486560594385662,0.008843905170358973,0.06245733305184739,0.10048239707236398,0.09420038922505568,0.07814441808652904,,0.042851194115743015,0.04248808253932002
2024-02-02,,0.10245641057732074,0.0920384708781859,0.09573288501631087,0.017733410812839037,0.008588590177517681,0.020308184878400075,0.008579908308738955,0.10655211100768948,0.015905694177180033,0.059469044157963724,0.04446588732917116,0.008780861258251407,0.06379452611352432,0.10010054802774489,0.09387184139037547,0.07650657620390565,,0.04265216713778195,0.04246288254709866
2024-02-05,,0.10130577283160677,0.09066321524565403,0.09626305904445943,0.017600752104020713,0.008702119721835924,0.02021462163381473,0.0082767490904265,0.10463092410839689,0.015753867590220266,0.05835590605821493,0.043536566991096474,0.008552787373534832,0.06422773728650191,0.09829555086727426,0.0934351505812149,0.08674560809985549,,0.04118387903957534,0.042255732332296604
2024-02-06,,0.09919616362877492,0.09124816826590675,0.09555431616212193,0.017802169019284608,0.008623940819401524,0.023943697785104114,0.008085023991812207,0.10185376399132348,0.012961979040693116,0.05892272377283522,0.043991863266166706,0.009131363338055691,0.0633065274246983,0.0993490913338879,0.09171277667392169,0.08978512772928296,,0.04191468599763594,0.04261661775909292
2024-02-07,,0.09865301396248942,0.09132313813795098,0.0968506020105545,0.017844979858219246,0.008528340772845295,0.025196271259289856,0.008109868720005834,0.10173639900596076,0.013461666595046454,0.057697145686356054,0.04336030701850051,0.009001956672335682,0.06368651948210494,0.10128541469592993,0.09107350892674347,0.08888296904738852,,0.041634426885910916,0.0416734712623676
2024-02-08,,0.10008294567090555,0.09017838512517659,0.0964917664885231,0.01741331633719517,0.008647417778799184,0.024671286227681076,0.008065885139523069,0.10117597845506819,0.013461353219811319,0.05654768694528956,0.043190287486920956,0.006858554345367194,0.0715256710458448,0.10182879761149528,0.08911083270327842,0.08913325841216795,,0.041288728808635405,0.04032784819831721
2024-02-09,,0.10103967918515905,0.08939101252608987,0.09579678424941113,0.01758147773522619,0.00879160828222004,0.024589213172335075,0.008452065428708213,0.10152383039156433,0.013872264643906273,0.05632568298044404,0.04263900887477125,0.007443663586657743,0.07205088983106801,0.09737906399753371,0.08864194944290173,0.09327630829871911,,0.041597984868282326,0.03960751250500185
2024-02-12,,0.10018512777316556,0.08881804883984652,0.09416912041898352,0.017566012242352085,0.008661058089906425,0.02434157825660995,0.008396220100888842,0.1016424968245967,0.013831629573703546,0.05638598307176494,0.042810399625534686,0.00743893806385907,0.06970442201491722,0.09929519751330286,0.08851782342798802,0.09711809587772886,,0.04129099272628763,0.039826855558563634
2024-02-13,,0.09731925588394681,0.08951283440936117,0.09564854342580975,0.017335149252182703,0.008719732128010657,0.02444459338967269,0.008473855201876629,0.1012071699833591,0.013481699958329272,0.05626360229037939,0.042890188692345545,0.007217909985255695,0.06964337131752191,0.0985313424414773,0.08638617076964696,0.10201198684459255,,0.04144441926273195,0.039468174763500063
2024-02-14,,0.09485171666033104,0.08827372519275759,0.09400677492206437,0.01775631020391833,0.008883588190066696,0.024437875590166015,0.008404286397110692,0.10122009960005084,0.013662874983125437,0.05575125035530127,0.041836460327863895,0.007348320940976708,0.07126636395902554,0.09741580429562018,0.08463560386312104,0.11093703986038657,,0.040283601299348507,0.039028303358765226
2024-02-15,,0.09427954603822858,0.08865014567611106,0.0933306877258273,0.01745999362311478,0.008952810707469835,0.023581131702058025,0.008333245712846627,0.09621467882299775,0.01354476344156955,0.055632535653549114,0.04150645548101448,0.007203364734882961,0.06945946970072475,0.0942379509652672,0.08354807195063915,0.1250163445606812,,0.040487126924957054,0.038561676578060644
2024-02-16,,0.09589679043322726,0.09166091232546499,0.09514950995687485,0.01772643394468599,0.0091991795127705,0.02410206761675405,0.008540874925355147,0.10152721485104546,0.013640358568155389,0.05742480801797224,0.04203954067836972,0.007551948526534414,0.07157893871573083,0.09602258673805447,0.0843080440921725,0.10347554103546037,,0.04164785605151436,0.03850739400985748
2024-02-20,,0.09624393712715475,0.09200128377583847,0.09495367105627302,0.017468070533397894,0.008815244291736968,0.02318055175207285,0.008322269035301448,0.10066800385402169,0.012898779933847512,0.05881126696470338,0.042822477281488545,0.0075774763604469575,0.07065340424066102,0.0953713972193452,0.08661772358237067,0.10272031520570836,,0.04179331300841739,0.039080814777213785
2024-02-21,,0.0952329182804167,0.09320374263069535,0.09582088133897641,0.01764278960355048,0.008842732762270015,0.023705135489504526,0.008610922656885988,0.10025254455477893,0.013362226457257216,0.05928636703137411,0.042963084026328216,0.007441772336516908,0.07140063104080856,0.09699930214718577,0.08830105723246875,0.09672108507851644,,0.04128943943110837,0.038923367901357246
2024-02-22,,0.09358598484856663,0.08788398769417585,0.0947335302843768,0.01696070473338551,0.009225308756382637,0.02319689129890318,0.008473949329209855,0.10053028955138539,0.013240088948665114,0.05590524652884937,0.04035096845610612,0.007230313272967671,0.06898665135904515,0.0960777654027667,0.08652079640414237,0.11956369776009387,,0.03978902384703895,0.03774480152393878
2024-02-23,,0.09485942217672418,0.09033032689517702,0.09578025971828329,0.016966467250025825,0.0090894043510634,0.022990352276940098,0.008382806715296,0.10540846381338033,0.013366637372086008,0.05689455106235858,0.041152025180165815,0.007201203135058339,0.06829854314969425,0.09466069447042219,0.08819659675981756,0.10726155915674054,,0.040483454930672805,0.03867723158609378
2024-02-26,,0.09568616952809618,0.08957896844043216,0.09535566792733371,0.016977886265216992,0.009258248236752838,0.02255031340149009,0.008151111798279952,0.10659400914110922,0.013225275333839008,0.05580247618506789,0.0400850656027239,0.007148752061857818,0.06778850141862944,0.09468726003344707,0.09039624036437278,0.10770254073731035,,0.04019826427151145,0.038813249252529096
2024-02-27,,0.0953363935430523,0.08975535492908025,0.09480505527315905,0.017034173648320442,0.00929225163898135,0.022416735347217668,0.00808195144739186,0.10558394743284108,0.013444571314361595,0.055880548096717046,0.040146199704877636,0.007029764700714867,0.06654032746421712,0.0958305885806488,0.09320358138152414,0.1050868116327528,,0.04129409177448651,0.039237652089655475
2024-02-28,,0.09642090575256813,0.09067919440552148,0.09499720128380758,0.017280620977245694,0.009219268236673012,0.02254665721241439,0.008197201055709777,0.10835499912300325,0.013630442118763667,0.055601905885879384,0.04037785649544688,0.006893385063648978,0.06701350825478115,0.0942329469491193,0.09164649120112871,0.10143370793865435,,0.041981412838468186,0.03949229520716607
2024-02-29,,0.09559458403630575,0.08935319439297522,0.0934822770178474,0.01700055452399379,0.009313887329937934,0.02263631158804238,0.007769848924793764,0.10752090933595622,0.014096461878736867,0.054634579209054936,0.04035823795833254,0.006924251012297167,0.06642776831900993,0.09777584588846044,0.09038994097941379,0.10507589964343005,,0.04170113621948734,0.03994431174192448
2024-03-01,,0.09227690244700551,0.08427560304769292,0.09352478846844782,0.01687725504624559,0.00921168170181207,0.022430490586599534,0.0075331950774480474,0.13137878823934837,0.013297705849783742,0.05111406368892578,0.03835641818593687,0.00670713027147623,0.06375880236045965,0.09830612481422989,0.08819431278766322,0.10219081839515219,,0.040441236179568976,0.04012468285220338
2024-03-04,,0.08988174811925616,0.08284243317722265,0.09128048821000084,0.01687834345113225,0.00934199046146009,0.023000349471812967,0.007037956230036982,0.12501895924604042,0.01311237703709246,0.05116722136836805,0.041171141123774006,0.006563020050957745,0.06138059014377561,0.09787518538083462,0.08652198168203576,0.11799126357978851,,0.03985554298445178,0.039079408281959264
2024-03-05,,0.08882519832501051,0.08235621800842546,0.08870517078693642,0.016750956294243634,0.009204896944259968,0.02301607344417087,0.006890061930812037,0.12239568674612114,0.01323620002891795,0.050572353312301775,0.04404521810708835,0.006666889880392619,0.06076658308850972,0.09860201029218688,0.08661162092534688,0.12162620749793132,,0.040571253018965255,0.03915740136837922
2024-03-06,,0.08878464355288501,0.08183317624185663,0.08793041745796192,0.01673676989517953,0.009353329675207559,0.022265146761329683,0.007125366349511429,0.12170942513423336,0.013305996971492895,0.05031654033590322,0.045028181980496865,0.006504723567378713,0.06103314755893839,0.10044243799530128,0.08633509600442983,0.12379639199309111,,0.03816417011393355,0.03933503841086889
2024-03-07,,0.0880219140833774,0.08112774705647866,0.09004353868395129,0.014049823303930498,0.009240124802077749,0.02177540829837367,0.007239235680390668,0.121738024881176,0.012866104632198581,0.04917753260783994,0.04294700579311516,0.006218235816215098,0.06315437700552023,0.1031092775820679,0.08799544980143068,0.12541947139339482,,0.03742938447566695,0.038447344102794836
2024-03-08,,0.08694079504436417,0.08335454057538817,0.0869828851733925,0.014956192269949799,0.009313731774980507,0.022412326604860495,0.007394499105517917,0.12162860048901199,0.012941345920536253,0.0511687776693695,0.04403175206936449,0.006282315107008674,0.0625609370757288,0.09492764122460014,0.0899344755378782,0.1277942722049656,,0.03832261311618693,0.039052299036896054
2024-03-11,,0.08818185745495417,0.0847715764852568,0.08780888922497185,0.014504030831784035,0.00902009912406026,0.022037462337697062,0.006963962644321813,0.12397088079929605,0.012427313574637232,0.052589899338494527,0.04510288581425687,0.006310790786506432,0.06257344504690238,0.09304463294840891,0.08901965892275424,0.1236548920165282,,0.03873562745915628,0.03928209519001289
2024-03-12,,0.09027000495155948,0.08401170359518437,0.08623165019217804,0.014273074310102652,0.009190954695643377,0.022183824308378963,0.006926133776352998,0.1196260692588753,0.01222568048810378,0.05173974658446977,0.04445434442464384,0.006219345246811925,0.06309150631206525,0.0908846642396083,0.0902801984419754,0.13124721501505632,,0.037893043018313,0.039250841140676986
2024-03-13,,0.09141006491252587,0.08535409334239634,0.08547481371344996,0.014534110198432478,0.009310935271627852,0.02217193846308641,0.0069218444985678735,0.11788829837823459,0.012482922129983188,0.05239094956052261,0.044788125454561546,0.006350007349830135,0.0616977260396031,0.0871228102573389,0.08875496231008771,0.13623226883650444,,0.03749120546361196,0.03962292381963501
2024-03-14,,0.0945011496216907,0.0863151966155757,0.08776336382188361,0.0144800585463525,0.009383844791443828,0.021895586892900786,0.00674286237684599,0.11651684979783246,0.012474775840979828,0.05319022746611099,0.04485339043840366,0.006380028637069477,0.06174492320784491,0.08688488210390427,0.0880371950187625,0.13238407110065162,,0.0370680734732787,0.0393835202484685
2024-03-15,,0.10000000000072896,0.10000000000000002,0.10000000000000002,0.013417481157368622,0.00925271542255485,0.021819930755155932,0.007224652805292062,0.10000000000072896,0.013422857251769199,0.04910900391683771,0.041592805516858074,0.00647118273188867,0.06302619069106913,0.10000000000000002,0.10000000000072896,0.10000000000072896,,0.036743857825524535,0.03791932192276528
2024-03-18,,0.10440039211077064,0.10044375943793346,0.1002561752606893,0.013298449612710133,0.00944592672366756,0.022179395868392127,0.00755974053374328,0.09992273096909163,0.01334221505408222,0.0489142852310574,0.0423108151434996,0.006657186968080602,0.061970845351925624,0.10075822083918844,0.10072353958812368,0.09359105058762676,,0.036552503734978606,0.037672766984439
2024-03-19,,0.10488734735369497,0.10304178371176698,0.10163377740140914,0.013548471413619907,0.009211693024240911,0.02186970511278601,0.007643114108310782,0.10203661707814762,0.013144380408669195,0.04990550879014789,0.04214712645926941,0.006705274479169667,0.06060299310088939,0.0988315432977732,0.10231406797750624,0.08641465308694168,,0.037545684456895025,0.03851625873876212
2024-03-20,,0.1065441295875293,0.102321174564489,0.10303110504745382,0.01343199055565997,0.009267927619170162,0.022211222654892122,0.007842079291306833,0.10359574889349185,0.012850652989395337,0.049241291479729984,0.041765920602875414,0.006916453898418065,0.06089742835076459,0.09783412665350211,0.10303478925442189,0.08353842544168633,,0.03725780758218963,0.03841772553302374
2024-03-21,,0.10475458908913503,0.0999527754685459,0.10414663821660977,0.012983288804881645,0.009481587198079861,0.022427126135701993,0.007833741328159765,0.10178790155892141,0.013278878422489772,0.047779728024428536,0.040638596770001235,0.006859408636366917,0.059137431445033,0.09511113173746377,0.11239688513558635,0.08672848850552513,,0.036102046678816495,0.03859975684425346
2024-03-22,,0.10547364093992452,0.10003474479162056,0.10472202992950577,0.013058008810431926,0.009475250787303494,0.02247391226213956,0.00798891472007756,0.10024803848376446,0.012686388420392715,0.04699055215566323,0.04107164775692383,0.006912509933462,0.058922212842368586,0.09514592819435079,0.11288147533467213,0.08682641388180114,,0.0363318404266265,0.03875649032897131
2024-03-25,,0.10393966090341973,0.09870076394542497,0.10322844611467978,0.012612980368263808,0.009234039108983044,0.02179801273995347,0.008000421446425604,0.09974761802507887,0.01219831269456278,0.04634233361803455,0.04074432076756828,0.006848572572258125,0.058014749090662045,0.0934181213262117,0.1185767646491687,0.09209069996247575,,0.03558705589038226,0.038917126776446515
2024-03-26,,0.10104853950458355,0.09766594239538766,0.10151472544127012,0.012515926192158515,0.00921903569175367,0.020867214517548253,0.007742655872095871,0.10096302682315314,0.011811485851624922,0.04600438867935741,0.041234208596834694,0.006462419870044339,0.057623740114429424,0.09618181965440036,0.11998236354778442,0.09032913327956822,,0.03811909653223208,0.040714277435773265
2024-03-27,,0.09754312829895642,0.09912276011243437,0.10028081340747119,0.012717532697621403,0.00902855038710589,0.02124812135705812,0.007562112268639069,0.09801550239929417,0.012092669760940408,0.04688173264785282,0.041068928848399425,0.006462886784365386,0.05807047909653304,0.10163098707933278,0.12012157728974822,0.08988144489157344,,0.03796984041544992,0.040300932257223934
2024-03-28,,0.0983137837427652,0.09932713050696489,0.10097031045763641,0.01248115197005373,0.008926006842851065,0.021211504457910136,0.007566980596416076,0.10043838397339583,0.0119556208951926,0.04683000891409031,0.04125205798693825,0.006321189085838227,0.05838184609451568,0.09986841502083978,0.11894624769488547,0.08907218095080874,,0.03741867674701728,0.040718504061880344
2024-04-01,,0.09949189833121022,0.09617617967817574,0.10064289049194391,0.012170414397953765,0.008929647524343411,0.020543569116074134,0.007433816819871196,0.10304372426311435,0.011711164097938098,0.04547651373904514,0.04082635351236412,0.0063007103166542065,0.05653965076724849,0.10098280770388916,0.12281782232826313,0.08937947276768485,,0.03613774782262769,0.04139561632159844
2024-04-02,,0.0978434078621075,0.0966221458677158,0.10124160260652346,0.012175915519129759,0.009248600022018088,0.02043898785177633,0.007816541691738019,0.10336418241422833,0.01164959692730674,0.04589076995636524,0.04093048735015722,0.006298433475028616,0.05566507789784055,0.10290485506253558,0.12300120449960569,0.0881158502401447,,0.03600697488309203,0.04078536587268637
2024-04-03,,0.0980472784384071,0.09614870434165461,0.10071100121041734,0.011877142236618902,0.009473386171920348,0.020116072920158976,0.007761521959692716,0.10953562114317192,0.011643660159500519,0.044827283352889234,0.04101351845958519,0.006191759201954413,0.054357747468162215,0.09956283703094122,0.12520083191781323,0.08648106086505412,,0.0356643913783542,0.04138618174370383
2024-04-04,,0.09708542753869925,0.09831607441843246,0.0995423523323733,0.011918620543815749,0.009472825251833374,0.019970044801210538,0.007674679787966941,0.11104771164887943,0.011732694663441085,0.04566354487491082,0.041448602527211616,0.006160335450991179,0.055154629826792215,0.09904413393283262,0.12419438512604904,0.08359718673446488,,0.03621507083391083,0.04176167970618477
2024-04-05,,0.09869199622198585,0.09880579841646853,0.09961522467896053,0.0117359276363927,0.0095799922904068,0.019700257566844827,0.007467501600809323,0.11411185596426494,0.011595380700625744,0.045223948913681374,0.040959261193712376,0.005991380633337864,0.055243680131393275,0.10001363024179462,0.12186126445034176,0.08142163368587367,,0.035354405464979304,0.042626860208126685
2024-04-08,,0.09915701700895233,0.0988429568245618,0.10020629781561927,0.01180205020996238,0.009660832345849059,0.0197230936088784,0.007667575190973362,0.11009160082032401,0.011761967492391738,0.045059145886295136,0.04158547706394088,0.006038642341353359,0.05797688206512432,0.09966768288994565,0.12214543364376461,0.08045945292906029,,0.035280171364272396,0.04287372049873098
2024-04-09,,0.09897861420983789,0.09803555787556475,0.10062016587666524,0.011923483926125506,0.009247404541946284,0.0198944068203972,0.007547677732693992,0.10772713462479867,0.011844753182679763,0.04583134164372161,0.04152043802516073,0.006253799795725511,0.05839222596000946,0.1022654547865007,0.12257286193077377,0.07876816624356402,,0.03563497277801758,0.04294154004581726
2024-04-10,,0.09785101759319242,0.09899918709725312,0.1008325761938678,0.011835285814561388,0.00916950926119051,0.019582755288319167,0.007586613456756078,0.1086870321222785,0.011206865090902325,0.04549522461246543,0.04198570898423594,0.006065225343751749,0.05770409576531908,0.1008004312247609,0.12351010564380487,0.0800502440418875,,0.03545438721795247,0.04318373524750073
2024-04-11,,0.0986364264245601,0.09791710205293737,0.10327884946345363,0.011666342913698231,0.00896839839102271,0.019222813971093204,0.008078560968039997,0.10708729484879673,0.011081495561960555,0.04497751894663901,0.0409735145272707,0.005920267686823882,0.057947847063942286,0.09881487225647091,0.12624332692230242,0.0808831814918327,,0.03503483036300343,0.04326735614615203
2024-04-12,,0.09375145736024465,0.09954342948739509,0.10452246362873664,0.011745637127777162,0.009064006031934956,0.019117623968884112,0.007805819209237153,0.10568180673868054,0.01119081890758584,0.045693078366371986,0.04137412968335028,0.005921442496472336,0.05809419843480217,0.10086810717713533,0.12617731728885825,0.08063705963780755,,0.03493544727350491,0.04387615718122101
2024-04-15,,0.09261889227942816,0.10046597625435749,0.10365993411574448,0.011614355093783061,0.009143195761777929,0.01891130187747017,0.007204142178791929,0.10753993362776969,0.01135866554620681,0.046199767298714195,0.041765785115489736,0.005793398513436717,0.05802929168651096,0.09924873152631516,0.12712911578332034,0.08065913583620227,,0.03501958605243935,0.043638791452241546
2024-04-16,,0.09101580829300261,0.09920629995065451,0.1034596149656518,0.01162605212543416,0.009279162459308531,0.01897205163939571,0.007072623261042026,0.10896760505061807,0.011176484353201219,0.04493578233077616,0.040778197961750404,0.005916971787676694,0.05818059378260138,0.0983183554564576,0.1255378766811525,0.08782502312126787,,0.03439675212128074,0.04333474465872787
2024-04-17,,0.09186857916736961,0.10022875439982512,0.10200292053206278,0.011822309269063134,0.009251880623354029,0.01893424621670839,0.006935218338548601,0.10982652322239748,0.010965209914750052,0.04593432923150927,0.041410991507120555,0.005859618056656291,0.05741041532117374,0.09778271209825518,0.12252198381152929,0.08817928065911484,,0.03533576796556305,0.04372925966499855
2024-04-18,,0.09266687881425968,0.10148410815794795,0.1019214905981131,0.011746525871206606,0.00924627960248039,0.018959273936768987,0.006836658533706901,0.1107073606371429,0.01110586327421869,0.04667115820142628,0.042160549664813314,0.0060253224598797814,0.05695220481198002,0.09771491533667459,0.12000889077660414,0.0868012477263126,,0.03566768947794958,0.04332358211851453
2024-04-19,,0.09326063605467803,0.10608271450074279,0.10247470087857999,0.012296646107010593,0.009045519687979724,0.019256913634104603,0.006755856615383136,0.11300820848218932,0.011477271963201011,0.049706025992209635,0.04368749637761686,0.006233343774502803,0.05713104312929494,0.09784065607358684,0.12037233004492202,0.070241671753011,,0.0370630996871543,0.044065865243832304
2024-04-22,,0.09171927203171715,0.10634366641934814,0.1029113588740538,0.012241082853556854,0.009425126252350402,0.019882987549162547,0.006816164670617938,0.1121874442695693,0.01146410259342856,0.0495180582330247,0.04326950775098242,0.006101234750963393,0.05722559705865605,0.09774238565583931,0.1215497926446233,0.06960380009598519,,0.03781119656772662,0.044187221728394344
2024-04-23,,0.09161341173257574,0.10587736846779086,0.10223168146661483,0.012149118299527894,0.009345163954433746,0.01968282836312369,0.006753956268373927,0.11415539359436894,0.011477513295738666,0.04816052381041155,0.04219341165493773,0.006033437184435659,0.056886748315568225,0.0968067825637033,0.12201617068127288,0.0722884786354758,,0.03742085210448791,0.0449071596071586
2024-04-24,,0.09228685870866077,0.1070570730168978,0.10231805282642108,0.012142983519553322,0.00935873304536109,0.01946649053506686,0.006788743080796862,0.11296996871109517,0.01150175446509822,0.047868524730785594,0.0421201560207177,0.006002877698199504,0.05925388375844346,0.09757953102196405,0.12049030194568319,0.0710034431314212,,0.037420359308228165,0.044370264475605964
2024-04-25,,0.09371635659672625,0.10707215416268692,0.10303271925585782,0.012044060533706075,0.008976125165156031,0.019316146516395242,0.006790665195143471,0.11476204863335573,0.01140231120624656,0.04653936308073019,0.04128525805374075,0.0058594645673251565,0.05968190321842023,0.0993750009168212,0.11773350025073273,0.0724102882802231,,0.036666155521474814,0.04333647884525779
2024-04-26,,0.09168239610433912,0.10603986544030812,0.10451191133632023,0.012034970840505588,0.008814481118933104,0.019669261831232677,0.006775564889657857,0.11245896734689215,0.011334151912943822,0.04552242258171801,0.04088602919389226,0.00594031550443793,0.05973745217021392,0.10021580581380429,0.11835921960015174,0.07714024776651075,,0.03536337856156752,0.043513557986571
2024-04-29,,0.09084529920821963,0.10692278083036744,0.10369671106592303,0.012006350792004966,0.0088888991889547,0.01982911073277481,0.006702474091718262,0.11427245107268653,0.011342611678532219,0.04594592589170574,0.04069720758526115,0.005908804773103814,0.05971097295301622,0.0985565256815082,0.11736814912519689,0.07970176929895459,,0.03520432908568288,0.04239962694438884
2024-04-30,,0.08995984061125664,0.10758847189242263,0.10240301332735464,0.012076483657392714,0.008909631565575954,0.019790792683783403,0.006598467902788146,0.11343792763194623,0.011334278811897086,0.049072763161928164,0.040980206782932294,0.006048712124338855,0.05986727740765854,0.09608047394230712,0.11800252397844638,0.07827145718917607,,0.035767222861957576,0.0438104544668376
2024-05-01,,0.09252523660439557,0.10986468018303143,0.10118938984977269,0.012606165082700392,0.00923121544044174,0.020305044241892143,0.006585399027545044,0.11169225672606024,0.011672388769094641,0.0508998685734299,0.040925788361231404,0.006221872697443569,0.060194601041898645,0.09619277725347913,0.11840582792161286,0.06956004134235648,,0.03692874505275244,0.044998701830861625
2024-05-02,,0.09264030928014946,0.10882856256293835,0.09844540465345687,0.012536540807803852,0.009124839118084769,0.020225042077153716,0.006459422755386922,0.11345819086279826,0.011510840347711706,0.04986365975585857,0.04021186331444408,0.006181460475952353,0.06412924749366548,0.09814669596326102,0.11844209232366508,0.07007713884176696,,0.03624670174601777,0.043471987619884786
2024-05-03,,0.09514474055370697,0.10807434265673853,0.09964329310204711,0.012340935294558814,0.009114071014287272,0.020205103842744383,0.006279806903684918,0.11261021170299577,0.011589498231133984,0.0490870782593449,0.04017043411497653,0.0061179771844442335,0.06254641420391041,0.0987944284982346,0.1184438030261249,0.07051760733342428,,0.036016566849834536,0.04330368722780777
2024-05-06,,0.09405357837892234,0.10700011448124924,0.09936498403912379,0.012305414494358142,0.00926835217419249,0.020158160765554347,0.0061355816255835175,0.11330599973806953,0.011902011630632968,0.04733758052863687,0.039836660429647314,0.005863676522351978,0.06294682969171671,0.09794001408073129,0.12069394092797585,0.07278616519092544,,0.03595945853300787,0.04314147676732029
2024-05-07,,0.0935316873027429,0.10810189869499526,0.09994567474122062,0.01240363258263918,0.00956689703744362,0.01945465536073654,0.006188639995072464,0.112962831912619,0.01332962636904761,0.04785692211208402,0.03951821349269148,0.005572021017148344,0.06113711321813953,0.09739014372242018,0.12109436249875229,0.07272168480073275,,0.03625126610987194,0.042972729031642405
2024-05-08,,0.09794531133600454,0.10803678924699005,0.10001850278672712,0.01231442236242095,0.009720111456330264,0.018934718047224023,0.006132955288502217,0.11480524166137951,0.013238829316958576,0.0477886061837413,0.0396471793183377,0.005650439121366814,0.06111820825636653,0.09508681549207539,0.11927402251049912,0.07177729442932006,,0.03588818938871108,0.042622363797044656
2024-05-09,,0.09968224912501701,0.10914215749405104,0.09880643235194139,0.012255440693693038,0.009521932171790962,0.01893034759732334,0.0061543831471054305,0.1155796938392529,0.013695426519215638,0.04829808037191261,0.039470970666114755,0.005785725231643938,0.060701487184440905,0.0946051787630144,0.1180791092079762,0.06993487379735489,,0.03663456278236058,0.04272194905579095
2024-05-10,,0.10433251806534315,0.10759498720976665,0.09944510086449602,0.012149652607064838,0.009434425831840114,0.01840185735567705,0.006179006480141163,0.11447007765587648,0.013810288927943809,0.04762301179838547,0.03890668960512153,0.005733656956517742,0.05960550382904837,0.09449357405125869,0.11991218013955438,0.06896879953223514,,0.03706854332216127,0.04187012576756798
2024-05-13,,0.10316001214321538,0.10756244256104618,0.10008043331889718,0.012038621859217148,0.009119705976128607,0.01867485703372229,0.00623560374968323,0.11318096335436464,0.013633256830416855,0.047853305156654424,0.03972489316291067,0.005771396639387085,0.059657910281808356,0.09539906518891386,0.12187154840575956,0.0676569873053729,,0.03678012150825068,0.04159887552425109
2024-05-14,,0.10243378550904887,0.10665308464844633,0.10119736177167524,0.01184737596798464,0.009200658362582827,0.019077975719181902,0.00614237875653467,0.11370842816537148,0.014152313321449676,0.0478533863004649,0.03957017057226418,0.005742616897251973,0.059369481448006765,0.09222493913156059,0.12144856577274597,0.06979220441336438,,0.03726838386790678,0.042316889374158694
2024-05-15,,0.10159550155661748,0.10447719554930543,0.10056480415164272,0.011443060791030513,0.009502372749448039,0.018339522133411418,0.006215986687041503,0.12059369429044442,0.013812619055685916,0.04589437878680647,0.038437237341385315,0.005617279368254518,0.05894852206064017,0.09084309043341642,0.11859771665958281,0.07706538141577612,,0.03650711032106853,0.04154452664844215
2024-05-16,,0.10053642900656815,0.10510827219269152,0.09968539852500671,0.011504847181327443,0.009642247571477082,0.018891384401801818,0.006323755943600736,0.11920937030915164,0.01380625765699241,0.04638750285891009,0.03857553296109008,0.005795122752076872,0.05844128339216451,0.0953024960822894,0.11948859860000077,0.07371672751604832,,0.03661512595907954,0.04096964708972284
2024-05-17,,0.1011169891434611,0.10581399714853679,0.09906803571681011,0.011493778236939554,0.009554014091675765,0.018958566357710926,0.006297607577998978,0.1226119858433881,0.013597676913445995,0.046892023357117306,0.03879959938104067,0.005738172542246551,0.058930227958895756,0.09444590907037032,0.11791326997992954,0.07290879343308608,,0.03572688440540007,0.04013246884194644
2024-05-20,,0.09986706381263052,0.10591802523504677,0.09944402664762994,0.01137160436769992,0.009643889687517535,0.018989250543149486,0.0062883581041652745,0.11790820215935686,0.013510913376060496,0.046585177432740335,0.03825097125703007,0.005817690271848224,0.060064809613231754,0.09680208403743802,0.12008170197757151,0.07331898755934266,,0.035919922250504735,0.04021732166703582
2024-05-21,,0.09932138400439648,0.10773238549336724,0.0983960707745706,0.011529579163862224,0.00966015276276212,0.018669147113869817,0.006355100086259957,0.11967136952938771,0.013533405368316357,0.04792491891551524,0.03829273703145405,0.005676874910243616,0.06036426112105661,0.09532828431722241,0.1188380505324812,0.07312550596410415,,0.03476706064424896,0.04081371226688126
2024-05-22,,0.09944291387978114,0.10725886844630678,0.09821715469753682,0.01157813816126084,0.009901365756884635,0.018439502258619334,0.0064455053123706,0.12026917385397004,0.013724327046994762,0.04814668396255535,0.039100766377182454,0.00562466869839857,0.060866546448790866,0.09604610201981488,0.11792256687244251,0.07115689408163021,,0.03524546188682861,0.04061336023863157
2024-05-23,,0.09444286331823211,0.10865152746016288,0.09824319868704652,0.011413933859625601,0.0101740907282934,0.01909703016672914,0.0063119204779294785,0.12502006265435708,0.014190996481364015,0.04752037193269319,0.039287327784187344,0.0056788873029048,0.05968529824883175,0.09778405462610162,0.11784858490283905,0.06895846958378775,,0.03476328512046893,0.0409280966644453
2024-05-24,,0.09441876602961709,0.1064724256264726,0.09725683297874828,0.011301479388815566,0.010594677189846158,0.018941026814308374,0.006479736825286671,0.12795366794816052,0.014106427126884293,0.04679798294726141,0.038902711910270754,0.005612263199702174,0.05911488089690125,0.09802106646821354,0.11858348105094177,0.07056305937597852,,0.03438092287365903,0.040498591348931814
2024-05-28,,0.09378589604190088,0.10372123463615132,0.09670519616290082,0.01123367262202109,0.010598482813767351,0.018558440215741864,0.006648439126319736,0.13139661179943377,0.013950603491613207,0.04583732677018997,0.03858074320544327,0.005390673056259153,0.05905062675199607,0.09916236467582144,0.12033580792347152,0.0691789380811673,,0.0350039403380767,0.04086100228772456
2024-05-29,,0.09415683145041101,0.10318686439435705,0.09536316383257123,0.011218640884113997,0.010592869045890338,0.01826178512147822,0.006508845554957513,0.14207174658311922,0.013733218972745397,0.045528194969957754,0.03814815412018404,0.005224545065404947,0.058069998801318974,0.09606714800428479,0.11955145948355374,0.06657485173794976,,0.03413301412884155,0.04160866784886043
2024-05-30,,0.09383684315796398,0.10451442927279417,0.0947278483719142,0.011009069773478947,0.010390560915308746,0.018861872839035055,0.008363121690475272,0.13634661999858147,0.014207530300849269,0.04791805519566096,0.039260013006707346,0.005281626664818035,0.058587859646573814,0.09862417609267814,0.11615156440161334,0.06644924032728232,,0.03439273726853667,0.04107683107572822
2024-05-31,,0.0965314175081764,0.10906225303805586,0.09698420148664992,0.011629551488296525,0.010631742924311521,0.019078806225534168,0.008918569828612812,0.11776627561988802,0.01446917772877522,0.05068207787393171,0.0393179340651331,0.0055658138759736705,0.06091913661421501,0.09276188058413433,0.1207285396066471,0.06608129061091345,,0.03587269707917524,0.042998633841575824
2024-06-03,,0.09551020283364739,0.10883470296174219,0.0968802438654517,0.011659262474987052,0.010566606445109565,0.02254100014165963,0.00866714166459043,0.11198464660382748,0.014582795549675646,0.0511369437819899,0.040270163345850256,0.005686958374940507,0.06076318581001589,0.09258135507537425,0.12455663031508242,0.06528897923975271,,0.03537889107556197,0.043110290440741134
2024-06-04,,0.09614328835420616,0.10833132937062012,0.09810615788115896,0.011501235112847383,0.010129718927856265,0.022282020843830193,0.008539031957216508,0.11561377423143337,0.014272970993750477,0.050943173457269154,0.03964456794633683,0.0055578002254308995,0.06070315771251861,0.09042616849273548,0.12364084217106679,0.0657064373502626,,0.03575566096962022,0.04270266400184001
2024-06-05,,0.09381920366345034,0.1067887427440785,0.10015453764875025,0.011332364695354799,0.0104069402860419,0.02170773108857112,0.008823925747023597,0.11273227228689679,0.014300033565766906,0.04958591981719865,0.042217419701429254,0.005648525940700942,0.06092949729603764,0.09148308470503788,0.12548337458142447,0.0657246226875167,,0.036148202531631805,0.042713601013088486
2024-06-06,,0.09506760609659455,0.10650009229314383,0.10094477530412267,0.011595087707722518,0.009862890099695624,0.021832302619598096,0.008742809710913737,0.11152461785128276,0.014147648748036739,0.05029662809602042,0.04318533196234824,0.0057652541384282325,0.061926063537242323,0.09067915638475148,0.12415727657802751,0.06475988790467664,,0.03651955126373655,0.042493019703658055
2024-06-07,,0.09555600493412482,0.1068319198169512,0.10175326634601625,0.010969462991881663,0.009851942032335293,0.021874312121312307,0.009216144403198208,0.10841475083720829,0.013869395566793822,0.04988516616864029,0.044295386369907486,0.005807661977741308,0.061732123029950924,0.09093904069037727,0.12549073974945268,0.06427847848568216,,0.036719397044906496,0.04251480743351956
2024-06-10,,0.09360541695289262,0.10707290997915117,0.10197474798803591,0.010753715835191175,0.01005727364005843,0.021628995202260085,0.009483582961786108,0.10823094060547116,0.01398412408343755,0.04869933803507126,0.04454960825250775,0.005826847910292992,0.06264714815789943,0.09090158765161183,0.1263483203955372,0.0643029902153072,,0.03718125113580748,0.04275120099768082
2024-06-11,,0.09556366319927512,0.10709829380886082,0.1029852762730716,0.01072701572567342,0.009780940237288076,0.02162165281025939,0.009425781991952126,0.10709878486401511,0.013697261266887271,0.04913095349941434,0.04430297109651793,0.005620578350233071,0.06267118968043253,0.09169154274354688,0.12608697517627843,0.06241736751926866,,0.03780092572755256,0.04227882602947265
2024-06-12,,0.09518171778007294,0.10668859467526884,0.10268118484638221,0.011105436818436088,0.009829072917737028,0.022202841422447373,0.009372824200984963,0.1045573627681363,0.013611794272089982,0.04876044030424301,0.04390077624183788,0.005652979111107508,0.06355011382122837,0.09321124470477321,0.12817294839618673,0.06161995932660162,,0.03729448894893799,0.04260621944352784
2024-06-13,,0.09798382663684999,0.10358694625867339,0.1115018807499273,0.010645256138967602,0.009830307268530271,0.02161878724773132,0.009013559415795189,0.10352093593084633,0.013517388042279138,0.04719058335115244,0.044167114665169815,0.005533421435303467,0.06163497848348034,0.08942047987591129,0.12584429718666038,0.06682677721123789,,0.03673955649128256,0.04142390361020122
2024-06-14,,0.09760049738026247,0.10301503743775582,0.11583143440707466,0.010328945679884564,0.009695368962421314,0.021984649976032257,0.00904413445195818,0.10403800455584233,0.013350418101466591,0.04639576938986782,0.04407786551943798,0.0055381771113274005,0.061057636799442976,0.09045356940926783,0.12499771407787011,0.0651299447324418,,0.03659614619703938,0.040864685810606524
2024-06-17,,0.09802902133626266,0.10130423773026426,0.11851596103295925,0.010098048618717706,0.009630162211930889,0.02199325335422477,0.008675888430217516,0.10627262684872353,0.013356972820920155,0.04684901949487692,0.042834680460623484,0.005684263832333527,0.060806838557432887,0.08598989161891148,0.12682487388057448,0.06635800819405013,,0.03624678152711148,0.04052947004986474
2024-06-18,,0.09633069002823103,0.10029613667534544,0.11461947658170803,0.009820290398165614,0.009801874885295941,0.021436023894860906,0.008717543135074462,0.10969844484598114,0.013429025112307239,0.04775629718746218,0.04246645103889426,0.005533963891998617,0.061540001163579466,0.08602467585985467,0.12934105681916114,0.06760988337123537,,0.035597881439649925,0.0399802836711945
2024-06-20,,0.09856510671498221,0.10077961889173218,0.11289435566725126,0.010145830678305918,0.0094751051409754,0.02122227482797056,0.008663243413912256,0.11172286220477881,0.01329203381114938,0.04845786122525204,0.04277102882122785,0.005474378544331944,0.06073471808860463,0.08811851643216553,0.12439636682953249,0.06906139055264249,,0.03529047645399821,0.038934831701186966
2024-06-21,,0.10000000000000002,0.10000000000000002,0.10000000000087586,0.010569719185964981,0.010245261664366245,0.022452221263631698,0.008612818406580913,0.10000000000000002,0.013799582977495208,0.051197166487499175,0.045754071398287015,0.0058852033609198065,0.06334100653079887,0.10000000000000002,0.10000000000087586,0.0873736688050953,,0.03770101951938225,0.04306826039822689
2024-06-24,,0.10075439610999352,0.10109655310522596,0.0991867458738835,0.010614983036773317,0.010105392532335323,0.023178205717819894,0.008831370426998764,0.09804296384882014,0.013761654948237745,0.05269527239272207,0.04620878867900223,0.0059287831515786645,0.06324151148709148,0.09745469023753416,0.10308802904760661,0.0824885437075211,,0.039037484328055025,0.044284631368800655
2024-06-25,,0.10106882710527146,0.10083578145598775,0.0971959428129798,0.010524778651793493,0.010419953017744114,0.02279322515274757,0.009445262338459931,0.09856272046435278,0.01403119870629897,0.051845249662096166,0.04704469462128058,0.006060353185466407,0.06398110859209355,0.09682790950119267,0.10317353775678263,0.08298502094604573,,0.03867224271925241,0.044532193310153956
2024-06-26,,0.10177537464539083,0.1002696925677418,0.09853639746623682,0.010666803276079256,0.010393197877739272,0.022707116863187552,0.009546257069346937,0.09771720315732059,0.01394012789218162,0.050214887276754265,0.04686856410466213,0.0060890532917732675,0.06416076823249728,0.09743489719329712,0.10482805275574952,0.08229673334430489,,0.038568742997391256,0.04398612998834545
2024-06-27,,0.10513584835498556,0.10006475541584882,0.09752976292740605,0.010699628203355798,0.010677661937079537,0.022676295644370778,0.009996121956657581,0.09792763453651099,0.014068099294335862,0.050271167156802715,0.046872708963978695,0.006037145167780788,0.06325597161287176,0.09745315764328381,0.09653674209225876,0.08763584789286838,,0.03877365475357761,0.04438779644602638
2024-06-28,,0.10634527224355185,0.100306566199041,0.09882294688215146,0.01075271404249071,0.010729405926972073,0.02314933602624029,0.010251696067397332,0.09729068972090613,0.013995941227159848,0.05083616170493572,0.04732955004171937,0.006292591062660583,0.06428640403600742,0.09962796192746436,0.09653858004897063,0.08075185414785975,,0.03863133985832246,0.04406098883614903
2024-07-01,,0.10738103711347556,0.09967398536694629,0.10035730029141356,0.010564039406743551,0.010739220227110624,0.02305248819385285,0.009922477391323448,0.09989650571247934,0.01377117040577168,0.05015215191710716,0.04691780778242877,0.0063089144725767135,0.06367504332682104,0.10029529594797529,0.09569874504054499,0.07954965927564296,,0.03798386131464538,0.04406029681314065
2024-07-02,,0.1065651197098663,0.09901325467461564,0.10073101107496955,0.010379611600440923,0.010822362418475935,0.022895032706252334,0.00989031549069596,0.0996625510194281,0.013618045908328665,0.04942226541000874,0.0464792494829819,0.006563397893364599,0.06376252922974589,0.10037328768450927,0.09579315515962292,0.08136515320703994,,0.03797464276947775,0.04468901456017546
2024-07-03,,0.10784437059128515,0.09832571817143916,0.10385180832269639,0.010200083657198985,0.01069602605492078,0.02297575186551522,0.009865692355781231,0.09794774690782487,0.013409519537106217,0.04895095687818371,0.04507264610435046,0.006524391190852029,0.06406058582789514,0.10001847998512144,0.09779569117548605,0.08145077839590133,,0.03694622879950059,0.04406352417894113
2024-07-05,,0.10892405974460033,0.09935163173241919,0.1031405258994101,0.010233443463558813,0.010596951023048945,0.023348490198224235,0.009961196545963134,0.09613751558958832,0.013459021158585998,0.04935080654034018,0.04505698254456689,0.006708836940971083,0.06469684721730093,0.10067161285441958,0.0947637619425322,0.0821412558913248,,0.03742988522531092,0.04402717548783437
2024-07-08,,0.10749956624172179,0.09664847987299917,0.1028351527563511,0.01024691292586607,0.010592010735300634,0.023375497962126374,0.009740284686342788,0.0982897779439536,0.013211670025304193,0.053761630252805635,0.044604251667806516,0.0066279487759170076,0.06381998015589847,0.10187727936253872,0.09154647504356601,0.0847787790444304,,0.03694598917450067,0.04359831337257074
2024-07-09,,0.10606778211994075,0.09769202954873363,0.1022327206516217,0.009954570859991544,0.010616103519509866,0.022937430962780794,0.009635859653230907,0.09826870654804123,0.01313465849120032,0.055882814879113375,0.0454088994028203,0.0065968484124653325,0.06350359530251112,0.1004786148034491,0.09197673001674113,0.0846679821192137,,0.03730617062407055,0.043638482084564535
2024-07-10,,0.1041892334892182,0.09833544350789195,0.10159217077094891,0.00997205566559209,0.010880619938350159,0.02307779606850975,0.009449594764881384,0.09705511531699916,0.013127147593883188,0.0561733595743901,0.04504453473484092,0.006563326478951303,0.06373627672214152,0.10059649472135472,0.09447362592463529,0.08398954051433367,,0.03769198339292874,0.04405168082014891
2024-07-11,,0.1052488466793862,0.09976797138758904,0.10147778633344642,0.010311007916826424,0.010749902929422215,0.02365197113930202,0.009471367768195741,0.09567611277462373,0.013499175575253729,0.05681460839756457,0.04569358989108385,0.006828218926971438,0.06307846082689066,0.09903097518755047,0.09213894369167952,0.08465343022718345,,0.03827214564221794,0.0436354847048125
2024-07-12,,0.10473867427984984,0.0991185681657946,0.10001233079243182,0.01037475701964669,0.01062227225903095,0.023852892427746537,0.009433579014894162,0.093934371005233,0.013739274925060756,0.056872510556332,0.045186067411668286,0.006989546058711444,0.0640074220425561,0.09997027717712696,0.093502823188604,0.08573817964014858,,0.038213806592705186,0.04369264744245889
2024-07-15,,0.10420929460633559,0.09906787649369972,0.10099865475939303,0.010404071648674252,0.010939183497169056,0.02421522736468149,0.010128557039491486,0.09242899660555932,0.013941462247814005,0.05713875366795259,0.045762999816941846,0.0068399507817813775,0.06509665828839292,0.09991090842817951,0.09167600454037092,0.08463762627097624,,0.03887891480497834,0.043724859137608256
2024-07-16,,0.10381558529869925,0.10017588652780958,0.09987987050772211,0.011014704701209231,0.011331066950956186,0.024571918938934224,0.010354301573899298,0.09045405251188988,0.01455012049105831,0.05775903195426423,0.04579163739501557,0.006964467313685469,0.06674238249030036,0.10281223454385453,0.08937927610239768,0.0827683979589121,,0.03884452190948572,0.042790542829906165
2024-07-17,,0.10447705775166533,0.09793249000654443,0.09858634736303212,0.011521711513799599,0.010915900924901337,0.024789223226259698,0.009974707171613445,0.0904672683088437,0.014816025636018984,0.061416109185280676,0.04764320340955896,0.007270751474501312,0.0658057152558061,0.09904028389357662,0.08978288159895717,0.08264235357316844,,0.040174588397204614,0.04274338130926736
2024-07-18,,0.10337848458342742,0.10052767346112529,0.10159491154052891,0.011362280398553757,0.010822788323783748,0.024411625888566293,0.009724850757831742,0.09062405994702116,0.013931034377143542,0.06034808115138655,0.04738501598910738,0.007030168988859458,0.06789232098156128,0.09984437754010908,0.08836440716417357,0.08119766616654447,,0.0396643704297588,0.041895882310517676
2024-07-19,,0.10443889553084242,0.09983528560243042,0.10124261388928558,0.0114929845756534,0.011033097720164559,0.023963582012452685,0.009860444851755988,0.09246219309752109,0.014094950844904069,0.060382536312091395,0.04772727762108791,0.007049992354892671,0.06611407522525689,0.09868366844774909,0.08733196494786814,0.08196185172406004,,0.04000833268209524,0.042316252559888384
2024-07-22,,0.10567067515512109,0.10045274682174206,0.10109316601114715,0.0114640539575163,0.010857904940502885,0.023998496480100915,0.009650279955997857,0.0924408965726928,0.014249531434096692,0.058926685705861334,0.0468940862308663,0.006976104923971945,0.06829400292411726,0.10008838746685574,0.08613789612975267,0.07912380631471717,,0.04044301479860824,0.043238264176331566
2024-07-23,,0.10724730062299818,0.10059597845482575,0.10309120148677373,0.011674868485631724,0.011057209143657298,0.0238466351822051,0.01000486365085312,0.09058813665407145,0.014142081977292454,0.05881148791254608,0.04691550711131,0.006904663713009364,0.06782387755292738,0.09927258493406048,0.08556211984895225,0.07898901415504077,,0.04019603529010293,0.043276433823741974
2024-07-24,,0.1063965623197748,0.09942528684534176,0.1007260627493293,0.011927814025417195,0.010779755675433591,0.024146336403492476,0.010144965873475702,0.08816661109167682,0.013847061185870965,0.061924912695447774,0.048275753986120606,0.007009184889956768,0.06654535410750051,0.09856206598589712,0.08715434591160841,0.07572585254895911,,0.04413983338300073,0.04510224032169626
2024-07-25,,0.10520878317800685,0.10154500936063315,0.10162725508961402,0.012286882169238301,0.010568703398520174,0.023784820054636075,0.010104760086687583,0.08677936402003757,0.01367287260320886,0.06183458061594396,0.048046849578762874,0.006930357680782241,0.0683590494968198,0.10058670369957032,0.08703972297780617,0.0759653406933303,,0.04296405188520739,0.04269489341119423
2024-07-26,,0.10470280999873233,0.10291710931516843,0.10131726015777348,0.012107989285706132,0.010672798762935644,0.02436823372769971,0.00991692701139662,0.0866631125130895,0.013628264547866717,0.06061644736076503,0.04781703011709427,0.006926242473701079,0.06926626980274755,0.10117227005044505,0.08690381595718884,0.07613868739480482,,0.04193858289530857,0.04292614862757632
2024-07-29,,0.10630143640465216,0.1032861971196762,0.10131659107826789,0.01222973212790605,0.010245672405007109,0.02417585800847411,0.009588722822631717,0.0857153818121371,0.0137419467473967,0.061044758509657626,0.047491525233842674,0.00700565686909942,0.07093132581972125,0.10039085098186662,0.08656730798621938,0.07541199162855867,,0.04230917068919701,0.04224587375568834
2024-07-30,,0.10842485163872552,0.10467131710208778,0.10060504064818815,0.013042251418597361,0.010403711193225893,0.023611276192712694,0.009442116629986038,0.08692057769295301,0.013789746715559676,0.05901919323765478,0.048249170547229894,0.006876668585661446,0.0695591897054528,0.10147760268972336,0.08538404636719853,0.074744395724727,,0.04207534329401788,0.0417035006162982
2024-07-31,,0.11192201193871677,0.10186695129403553,0.10558157088949412,0.012536838780174583,0.010472493866753071,0.023699781791318437,0.009486045605261374,0.08539110308360752,0.013466644564607192,0.05572711810772584,0.04743983784935831,0.006819550883654334,0.07206529886630934,0.10170618677649833,0.08584121757896242,0.07375958420940143,,0.040693534527301796,0.04152422938681972
2024-08-01,,0.11525273978525652,0.10383546897672974,0.1019364852747988,0.012844882551612584,0.010600692399330465,0.023493656101702964,0.009555148729532104,0.08585819116499463,0.013774315437298174,0.0588317690519178,0.04785482271740082,0.006656668273483917,0.0692162096672236,0.100852955643507,0.08368154536981134,0.07455050797807498,,0.04157289265095502,0.03963104822636943
2024-08-02,,0.11446554305644768,0.10405732735502668,0.10502709339591913,0.012702519358863068,0.010261639241053312,0.022269295943286898,0.009593238574174257,0.08541951576675212,0.013712314424483382,0.060207397396098816,0.047658709625564274,0.006471161295024669,0.0737887762424011,0.09971211044236065,0.08043278821674005,0.07300667177950607,,0.04183280326051975,0.03938109462577807
2024-08-05,,0.11571707940167104,0.10528325504325999,0.10628298892590488,0.012367967397418333,0.010645847924771912,0.021759748271194486,0.00954664525498708,0.08384729455340563,0.013530306031216877,0.05981593956174522,0.04696682748695344,0.006204855759699894,0.07333333701207144,0.09941221859835683,0.08036481524035391,0.07284107271775288,,0.04191899835527337,0.04016080246396287
2024-08-06,,0.11782307078165837,0.10688822914091252,0.10656253799583966,0.012517072545263653,0.010590021305240848,0.022219732443370294,0.009655714926417418,0.08015555229665607,0.013527593525249432,0.060155370695241975,0.04630296723292213,0.006169220616649251,0.07440357743506774,0.09948914674369949,0.07835123757120695,0.0731183340812264,,0.042064911347780114,0.040005709315597646
2024-08-07,,0.12058538619159877,0.1119335487649078,0.1053818816399935,0.013008798745645344,0.010433609129957583,0.022879847030349388,0.009977467666573682,0.07761476571227757,0.013891884782101628,0.061979973811755844,0.046836981190460474,0.0062359752211530155,0.07431347405318542,0.10010493334426385,0.07976493075674715,0.060928630047257536,,0.04316298930210302,0.04096492260966847
2024-08-08,,0.1201347883471796,0.10995025366419253,0.1065169120480131,0.012835182844416948,0.01025918980579618,0.023466867824885686,0.010201920349392041,0.07649551655937083,0.013949922338511058,0.0598129957634425,0.04579267238950613,0.006346131732503695,0.07841840836754609,0.10313669537437176,0.08003670965510203,0.05974540446855069,,0.042294511086937,0.04060591738028215
2024-08-09,,0.12023189298538432,0.11005782115444016,0.10803410031018806,0.012856742774709908,0.010571044466813239,0.02388094259683485,0.010388318142925228,0.07709728400029879,0.014066469296023294,0.05934713657196479,0.0457550182564274,0.006312415004504038,0.0761285703279878,0.10178840550036627,0.08064871825290007,0.05934162412469463,,0.04252339312334987,0.04097010311018728
2024-08-12,,0.1197134080891387,0.1095047623944424,0.10702250312886447,0.012623404272029447,0.010751550413403812,0.024846073885824632,0.010315187152772843,0.0783628510058706,0.013836833601133526,0.05997288181157235,0.044846234858912835,0.006482563854631476,0.07509394916517381,0.10049221203889722,0.0810180289083293,0.06236958748861658,,0.041792770872339166,0.04095519705804664
2024-08-13,,0.11814118872608213,0.10851297239905842,0.10839542916714094,0.01246418366474341,0.010787571100575365,0.02406349891611858,0.010338727425013353,0.07930530825465176,0.01402001380201488,0.058515727547813416,0.044761506488505486,0.006424934206882461,0.07658037062071661,0.10259393284380454,0.08042818666929806,0.0630688179638757,,0.04130445532972712,0.040293174873977856
2024-08-14,,0.11820652238511829,0.10782903692204411,0.10872310762367686,0.012476812872847368,0.010955548540165562,0.02391397579167601,0.01029471012648198,0.08118029171270182,0.013947217655879343,0.057892578646832754,0.044467072764435005,0.006293884966064962,0.07565874200905304,0.10153123776114402,0.08234893815802632,0.06372937493967999,,0.040575861530383006,0.03997508559378962
2024-08-15,,0.11483439568871764,0.1044590047671809,0.10895298398513042,0.012872301423477653,0.011142576092346305,0.02419116022672226,0.010333240005649377,0.08257825395355503,0.013998326672438827,0.05591411368259735,0.044574114882556866,0.006852226403610714,0.07656302303754896,0.10484091238209346,0.08336431773251958,0.0657783921097766,,0.03956724929228083,0.03918340766179728
2024-08-16,,0.11376641692585561,0.10386286003568543,0.10834607776815841,0.012718591248647371,0.010883682581679129,0.02592950946238526,0.010337806515074842,0.08316641657936509,0.014033373636190852,0.055729192092516276,0.04423497346391413,0.006797770991993739,0.07603015653921272,0.10456806823501776,0.08398592877934943,0.06583372261567334,,0.040317010195145254,0.03945844233413523
2024-08-19,,0.11222515209397783,0.1038448687016815,0.10874700586825434,0.012651841777977582,0.010669393734967551,0.026011957079193043,0.010711897676860767,0.08296637409346976,0.013958693174654428,0.05583393984675517,0.04435787687094103,0.006857559482234358,0.07548254415961436,0.10639757439886932,0.08380966835433255,0.06478846637425015,,0.040877654777306004,0.039807531534660344
2024-08-20,,0.1131774140045438,0.10524263455458685,0.10797417446337183,0.01284524248145781,0.010675853829740338,0.026464271031870493,0.010818557439474923,0.08235739971582352,0.01616537815025521,0.05617359680548853,0.044243831284682775,0.0073108023762399,0.07476645048813478,0.10419779459426363,0.08357944040635575,0.06365007725551813,,0.040845494056308176,0.03951158706188346
2024-08-21,,0.11224422672105776,0.10394250855330074,0.10630038284218941,0.012706460421802613,0.010454803328093369,0.026605848230021836,0.012029899165856898,0.08189612338935459,0.016255076621873952,0.05719750795207762,0.04384223918917183,0.007242624961884424,0.07720424452495431,0.10557717623927768,0.08259754525492057,0.06402506650696893,,0.04059584399509161,0.03928242210210203
2024-08-22,,0.11353066405136883,0.10574904078956747,0.10661473504875853,0.012886610535125454,0.010485545123020057,0.026591637993674373,0.012006085313974789,0.08168045209097087,0.015929393575895366,0.057387193421242266,0.04464863564651701,0.007302456392031664,0.07573676242008172,0.1039229424085104,0.08134544378884803,0.06351992804573552,,0.04106183168026226,0.039600641674415356
2024-08-23,,0.11244038654051992,0.10466600498674429,0.1072312135174933,0.013164224116415523,0.01039221181399309,0.02647693522008668,0.012193320748233174,0.08248452086654684,0.01598610292383813,0.05729558697708081,0.04485681444928788,0.00763255240618977,0.0765467347413658,0.10675873703397824,0.07879028574408672,0.06325202096020395,,0.04077779135285455,0.03905455560108139
2024-08-26,,0.11200646352268606,0.10645214971546535,0.10557614098961025,0.01358944745360269,0.01024348483724779,0.027219036816663295,0.01210959880596922,0.08442715631114202,0.01543951364850432,0.059201128609982924,0.046027982875109036,0.007474570786342301,0.07682029945530748,0.10503463983274332,0.0777889583383664,0.05951680428204011,,0.04201494345501753,0.0390576802641998
2024-08-27,,0.11209751500393716,0.10606132107106624,0.10662052105155793,0.013619514147354097,0.010090826257638784,0.02717779037315054,0.012147674433555399,0.08444216735266996,0.015093375889546153,0.05953926844754853,0.0457125719533575,0.007599078000369793,0.07937543503409872,0.10622141602133461,0.0768588328116599,0.05789007445192127,,0.04032991268412644,0.03912270501510698
2024-08-28,,0.11336803988720247,0.1081072464785405,0.10697387698455584,0.013933278055643794,0.010265973986774935,0.02757071891212991,0.011982015595384444,0.08624931789290162,0.015317629792902592,0.06065152264389461,0.04658848973164962,0.007654368457273314,0.07994643965781298,0.10672802507953802,0.07625853762849802,0.047947202644711855,,0.04068117293531524,0.039776143635270204
2024-08-29,,0.11492914325055661,0.10870621244948468,0.10588634870707116,0.013832042930797971,0.010348677886291286,0.027146753059481495,0.012341824106231875,0.0852441042695576,0.015190962070090241,0.059850359823696624,0.045640496701863584,0.007630873626121871,0.07951091089059903,0.10870571209359108,0.07664041142393523,0.04847552078479787,,0.03986743552170461,0.04005221040412712
2024-08-30,,0.11422231991827933,0.10711229439446833,0.10706081361763206,0.01370814906462704,0.010170005272526171,0.026524892675560855,0.011928863478281865,0.08686797289017155,0.014856297110605812,0.05830831178011701,0.04617022938646304,0.007586692701938858,0.07809368131775903,0.11574837669701278,0.07525086395428084,0.04609302373933293,,0.039667631501435915,0.04062958049950653
2024-09-03,,0.11261279229558946,0.10480896792666414,0.10716354454865444,0.014021131239790824,0.009897429999939122,0.026101496499223453,0.011528269235845682,0.0888330828837159,0.014369899323567237,0.060461817645024084,0.048430261562926354,0.007440925460327272,0.07475218962521288,0.1133051038685171,0.07388675994450364,0.04957557690798543,,0.04113431755471049,0.04167643347780258
2024-09-04,,0.11209494740271868,0.10352767124780322,0.10789307658284067,0.013895654280901644,0.009915729547149456,0.026785410816612867,0.011375330246271123,0.08727738714984253,0.014618366716661765,0.06115501229358657,0.04764492855199438,0.007768685616693002,0.07560992384782952,0.11445236041693961,0.07430684150069414,0.04741870921491106,,0.04273121975484673,0.04152874481170294
2024-09-05,,0.11406619598150884,0.10545426509764505,0.10815938793078228,0.01338776567702463,0.00984805747812487,0.027172719004988216,0.009782748053148858,0.08653281854673778,0.014734586236296266,0.061961334584220824,0.045134382799750794,0.007795081369343455,0.07510070916247127,0.11397225919134532,0.07512423115454084,0.04690319054854998,,0.04318646697191883,0.041683800211602
2024-09-06,,0.11465261339077658,0.10716436339004909,0.1016420205060654,0.013730211170835928,0.00924553779844436,0.026312060036509356,0.009395208538779617,0.08651542697822769,0.014511384242993149,0.06391250081811187,0.047137878501170086,0.007745299668483288,0.07603106988680046,0.11334120633174141,0.0762008586681718,0.04591142062338961,,0.04406028230358615,0.042490657145864134
2024-09-09,,0.11545374287653316,0.10590365798366827,0.10185005057307352,0.013456001497566683,0.00935021764274766,0.026502136081769583,0.009104997203800001,0.08748842793712064,0.01408177987243248,0.06278756004503859,0.046101378190520605,0.0074125045070680875,0.0767883583724695,0.11501285162438842,0.07418913077343849,0.047449818182494996,,0.04440421653559449,0.04266317010027478
2024-09-10,,0.1149204321501801,0.10494491358702052,0.10604254939356587,0.013663579419256213,0.009449949937510227,0.026244250963880177,0.00924903208109313,0.08718379557138822,0.013740592165625534,0.0623958275373987,0.04171402053626656,0.007318089019331707,0.0770723742346852,0.11821036942981865,0.07386541424312228,0.047308155676559854,,0.04435109630665502,0.04232555774664213
2024-09-11,,0.11603118639160309,0.10298784564210235,0.10884471349337377,0.013256842653092814,0.009477547627254439,0.02684528004547093,0.009550354361727626,0.08560150216004835,0.01384829504223304,0.061013627468746154,0.040897842425923966,0.007435718463964648,0.07825083869026557,0.1188680995624832,0.0741961102488811,0.04909109728955785,,0.04277061780377228,0.04103248062949897
2024-09-12,,0.11881736688501324,0.10420315984632654,0.11203211245584263,0.013420478991337907,0.009414223044431748,0.02676372973864306,0.009823241860451672,0.08727931730718448,0.014005307848113557,0.06039914258567949,0.04158622782589148,0.007393119684182931,0.07738839745584286,0.11670290565413848,0.07059116429606399,0.048102135520102,,0.04149864848922567,0.04057932051152842
2024-09-13,,0.11818859590180375,0.1025687867682919,0.11208678071233419,0.013581109017769502,0.009317845048301174,0.026985727319026796,0.009907697410691469,0.08741640128257218,0.01427084735257888,0.060226912732750944,0.0415682071877354,0.007468048364392958,0.07770973076331425,0.11485377874871104,0.07252739230708935,0.048959147568394736,,0.04139115198010093,0.04097183953414036
2024-09-16,,0.11951415999369062,0.10333547473313631,0.11097095054026504,0.013775934603635544,0.00948518541377569,0.0263778453681273,0.009762951628712114,0.08928720028125468,0.014080639733674072,0.06152512760919916,0.04224749876727434,0.00766879427989634,0.0760751438124998,0.11461591500000974,0.07015078334880671,0.048636721939178555,,0.04163716726634646,0.04085250568051739
2024-09-17,,0.11931298693867251,0.10398105228051958,0.10931420692966581,0.013740439174153043,0.009605308697365714,0.027146009359568835,0.009523072576891098,0.08990748893608604,0.014430348752299876,0.06176116138258015,0.0444099119007376,0.007865931041625201,0.07420993989905482,0.11301768230150568,0.07104883984679944,0.047283162933938874,,0.04164369033707753,0.041798766711458164
2024-09-18,,0.12040157352148256,0.10338463576798378,0.10954396662020362,0.013814003661673378,0.009628962607077449,0.028395985477255765,0.009515826141255283,0.08983036477194942,0.014361455864063654,0.06233147242434098,0.04490340514723451,0.007901402237333191,0.07401012281297983,0.11173584070426722,0.0703571085467136,0.04736643586128197,,0.04140394950370334,0.04111348832920052
2024-09-19,,0.12204437287790491,0.10317261716400355,0.10954331030896336,0.013724958605589373,0.009878206393983045,0.029162020163280258,0.009863377272954988,0.0881466255615636,0.014242662074446279,0.06163365553159169,0.04471857530171788,0.008012857913120007,0.07550228413046448,0.11306999382177356,0.0694723971473076,0.04581607560864306,,0.04130952192728571,0.04068648819540661
2024-09-20,0.01276996189344186,0.09999999999999998,0.09999999999999998,0.10000000000065162,0.013641728833174192,0.009049455139848072,0.026163558756377863,0.00912316911134191,0.10000000000065162,0.014143209940336117,0.06267196124441222,0.03895719700944906,0.007444352782378296,0.07708649627038495,0.10000000000065162,0.09999999999999998,0.05073896401581685,,0.03976541344784066,0.03844453155324311
2024-09-23,0.012762584905024538,0.10005611555983225,0.09925182754670081,0.1004906664352338,0.014260108783765116,0.009166582799366593,0.026391967999067442,0.009275837941982107,0.09952314236613902,0.014074622701779208,0.0626113412273699,0.03887112514453614,0.0073981628073461515,0.07707883541798137,0.09680724408501419,0.1025682942018645,0.051431574119742834,,0.04000923484152439,0.03797073111572958
2024-09-24,0.012805632699114326,0.09948304553586615,0.09954342235500137,0.101288725888392,0.013936572480837772,0.009200955025808795,0.02671982314664029,0.009267113678393136,0.09894051429679286,0.013972257254134573,0.06326238309651941,0.03885470209998058,0.007313549111253263,0.07827931933347965,0.09555617278616167,0.10257925965683862,0.05098037164995879,,0.04013238470334295,0.037883795201483814
2024-09-25,0.012967581217017434,0.09970435269948738,0.0977354532598967,0.10099049025462283,0.014059061129337587,0.009283647439410198,0.02685578162671378,0.00918536632951437,0.10076651661294966,0.013710752659862982,0.062022698095472305,0.0405670966523346,0.007292449611646565,0.07813361633275254,0.09497237214586841,0.10394609989990486,0.05010367098391754,,0.04029906583474932,0.03740392721454088
2024-09-26,0.013241210351750953,0.09631311489274269,0.09540504505397053,0.09949450586281063,0.013881032977031284,0.009250344369288436,0.026567430338577218,0.009336877525894826,0.10286933436153638,0.013883211226063029,0.06100214896307067,0.04034581660495571,0.007513867959969794,0.07836224461760868,0.09512133869914893,0.11568879859858414,0.04269713675619848,,0.040265233738946755,0.03876130710185076
2024-09-27,0.013198489772661458,0.09666566718263726,0.09627040406603773,0.09832025962739901,0.014010124260150358,0.009253660643124766,0.026336846489315186,0.00959603650995949,0.09984208734175512,0.01429838769054747,0.06167131885178987,0.04074046606522312,0.007649961737122819,0.07817442117714542,0.09380553778442166,0.11546872744482209,0.04545625290375402,,0.040283021889365306,0.038958328562767805
2024-09-30,0.012966246376443136,0.09805333740036053,0.09683645736373468,0.09859005156395777,0.014016308191316626,0.009296891056625138,0.02615144518640335,0.009426251940292249,0.09875870740475841,0.01414643530092503,0.062281970059585995,0.0415472141057645,0.007528399414484074,0.07854178491584479,0.09564479100783128,0.11176141264539227,0.04522182656253326,,0.040726413980947944,0.03850405552279894
2024-10-01,0.01286169625750105,0.09994507836493464,0.09701226213154622,0.09824956016671678,0.01433753274584883,0.00926168801698794,0.02682312675892114,0.009419189498459666,0.09667384038187209,0.014105929101616009,0.06303708687978463,0.04155940805199242,0.00749544114188808,0.07770365183938562,0.0956477936660632,0.11092930022213866,0.045247519931905664,,0.04113379384490477,0.038556100997532664
2024-10-02,0.012670353038464756,0.10079177690460059,0.09355854639480063,0.098872908348424,0.015211823817784697,0.009275460839178401,0.027263860482079964,0.009441323059588946,0.0957568910246065,0.014193859454981465,0.06275807539158827,0.042149709361130154,0.007818576534073373,0.07930180761507306,0.09677560134954571,0.10905515948947574,0.04626115077920562,,0.04090878701964288,0.03793432909575512
2024-10-03,0.012174650503445978,0.10036378056032087,0.0930414571637478,0.09910788494977889,0.0149636380098318,0.009440452696359299,0.02797816031942342,0.009545019463397815,0.09717451892524706,0.014129842208781185,0.06202878121515125,0.04163752456425664,0.007931616077379165,0.07900588497155495,0.0966038752901988,0.11073552255408779,0.04551353581689796,,0.0408036072240129,0.03782024748612646
2024-10-04,0.012872169292014488,0.10035810059675622,0.09214248360534488,0.10037467885649214,0.01507086989029762,0.009713467297690357,0.027876686108882047,0.009902598162498583,0.09964370825333646,0.014419453412295545,0.061490801995945144,0.041588888143322386,0.008107023676428371,0.07895811354006801,0.09672282808474225,0.10949436783253445,0.04452640697155841,,0.03961745609195297,0.03711989818783973
2024-10-07,0.012862917453180647,0.09906101008168935,0.09240697206674653,0.09916355364106517,0.014318434728774018,0.009778601425772915,0.027709141764979302,0.009850174668231605,0.09816353161329623,0.014349783202191624,0.06022012882978628,0.04193533692473333,0.007916511291436891,0.07818203981361337,0.09678102366519978,0.10986112953523777,0.05135039834635869,,0.03905157953013925,0.03703773141756717
2024-10-08,0.012847688448546576,0.1000985354161735,0.09378707823122884,0.10139087226682718,0.014564963903429463,0.009941179559627724,0.02825393915402751,0.010127659555837755,0.09964876689516858,0.014360957170590084,0.06036232340788057,0.04175599877690563,0.007901005744214642,0.07690191323534297,0.09508549568167375,0.10844436958147886,0.04834289882607498,,0.03964940010734534,0.0365349540376261
2024-10-09,0.014648148794771254,0.10053595259933171,0.09335034086677564,0.10287771363002417,0.014841094824905693,0.010217377823958975,0.02809812625915582,0.010414141610531315,0.09854656790522588,0.014654932476636736,0.06237363179016952,0.04092647475101357,0.007784805776715028,0.07709371406670221,0.09343385953323852,0.10604789343396555,0.04971718401378505,,0.03931362079491864,0.03512441904817485
2024-10-10,0.015757435548520916,0.10068851923634406,0.0923948639808668,0.10222684973763353,0.015004391043035569,0.01072152417929415,0.028075390013142583,0.010983533476140837,0.1001402453800232,0.014581721516218596,0.06114137108345596,0.04012484542382506,0.007681713968233198,0.0760825892056126,0.09261506990557533,0.1097186101968772,0.048617859918980995,,0.038721985279871134,0.034721480906348336
2024-10-11,0.015679054600836267,0.10103280317784415,0.09262903166341124,0.09859502105898155,0.014801275511858576,0.010897121822135994,0.029268135629253837,0.011123486418225014,0.10116076127359075,0.014995391963037917,0.06091533958082442,0.03988654082649095,0.007709247717003788,0.07570612826447286,0.09324199995210491,0.10949117930355766,0.04935114385301805,,0.038794969359787906,0.03472136802356411
2024-10-14,0.015128054640127543,0.09926707812646131,0.09425717452194887,0.09813691576086962,0.014491083036101408,0.010807338762965883,0.02838796376620921,0.010992455518639914,0.10059706318463604,0.014917461265370087,0.0608022336250834,0.03958863420872648,0.007744260804634688,0.07535991527852463,0.09690014584407211,0.10987831146597035,0.048470706264500486,,0.03885857498971284,0.03541462893544507
2024-10-15,0.014875079403751202,0.0963880280448987,0.09400005841370035,0.0969025423229403,0.0144187391722459,0.010700162407184898,0.02846472321604679,0.010729040591001188,0.10085656529441507,0.01472395040738405,0.06079158011499478,0.040497652465589146,0.007625174968562172,0.07303034166591774,0.10142022531046171,0.10828154620256468,0.049970716612460386,,0.04001613023207375,0.03630774315380703
2024-10-16,0.015333925068162639,0.0979414360784394,0.09408184968765779,0.09554389259858183,0.014306637056370064,0.010036142388252817,0.028124343474986904,0.010713069259045957,0.09975036199439517,0.014835314997133002,0.05997948455165085,0.040080296421650764,0.007731753582768701,0.07250911601643478,0.10236781910642845,0.11128613187745384,0.05005688895095819,,0.03925120501890735,0.03607033187072163
2024-10-17,0.015316222449484843,0.09749202502303629,0.09410945245532257,0.09732914305045884,0.014179922221256393,0.009923623749595045,0.02818331029430116,0.01080163822162689,0.10092799839532864,0.014968277480795572,0.06018936552436795,0.03984654640066616,0.007757161124970904,0.07308810356016622,0.09934476931749509,0.11327150504209538,0.048493929030390064,,0.03920654094132439,0.0355704657173176
2024-10-18,0.015656697114996055,0.0971267503709566,0.0949353997262606,0.09737212981663454,0.01406317822978845,0.009959710011503213,0.0273655243137135,0.01081476394238847,0.09973569046784601,0.013768907099966836,0.06092438783306421,0.03974541050131496,0.007454189247836227,0.0735836272987936,0.10025409746525518,0.11342833907828442,0.0486373713176225,,0.039460758871819886,0.03571306729195475
2024-10-21,0.015768975020617852,0.09819933915646172,0.09424684894988282,0.09758349761482737,0.014357778382110895,0.00977735667473952,0.027478283255022273,0.011600553576500984,0.09927741161160909,0.014089308057142712,0.061516906095748204,0.03845060575769284,0.007385136993045894,0.07100614613368286,0.10292041617488423,0.11150276449566364,0.04926988014389055,,0.0396505870811127,0.03591820482536376
2024-10-22,0.016179121903612925,0.09680614426364041,0.09499300637129274,0.09807321713698025,0.014389937611911619,0.009734050580988302,0.027241274781630877,0.011621584236457512,0.09589489202896322,0.014219045351084387,0.06241204315115074,0.03861067604656205,0.007558378171596523,0.07115547587986452,0.10565479427350198,0.11114154649601685,0.04778086789432873,,0.04004490939509507,0.03648903442532132
2024-10-23,0.01623655149161969,0.09738377612126883,0.09855846849221393,0.09605086758899248,0.014597387656313241,0.010131705352268152,0.027876651114624434,0.011469435162320673,0.09640204172437493,0.0142916289890238,0.06266180255251809,0.03793638236645562,0.007559646035968984,0.07265222672322273,0.10508596019468748,0.10970037784038489,0.04777192288410376,,0.03728800064083422,0.03634516706880414
2024-10-24,0.01673260047782788,0.09704949209066692,0.09966936173442688,0.09412549672499278,0.01443523374442627,0.011862746235919985,0.02732239782847239,0.01147664497862747,0.09648124004263384,0.014134969035203787,0.062040053741098236,0.03783767290022392,0.0073829557030226116,0.07319689421059684,0.1043514016517567,0.1106588572091059,0.048247609122697994,,0.037138137614791344,0.03585623495350823
2024-10-25,0.017206284417655312,0.09617869034909078,0.09864433328251906,0.09460979998003971,0.013952651611684954,0.012064978643130542,0.026943522221683783,0.011470157055981069,0.09762067837930652,0.01411019370090499,0.06100542098422151,0.037763053725514556,0.007319087759956673,0.07319672473631297,0.10350973430493242,0.11123251610270925,0.049156139190821804,,0.036603121144638234,0.037412912408895785
2024-10-28,0.017280895739023465,0.09591371747780039,0.09776047495751725,0.09424950247369784,0.013972268462646372,0.012258163964329728,0.027168840190481793,0.011774399694222351,0.09626342359740266,0.014120680206537096,0.06192577556328369,0.038395868660024195,0.007399982277886026,0.07232291721829859,0.10599715271267246,0.10983558885708425,0.049646605549210444,,0.0361013036099265,0.037612438787954804
2024-10-29,0.017222314999025778,0.09626056172463661,0.09609628575251247,0.09625069286059428,0.01393861160550223,0.011940563495366869,0.027210884142163008,0.011986618675439651,0.09513576718615452,0.014178142781315677,0.06349391691673417,0.0378840157226574,0.00733856614379557,0.07435943119089239,0.10565886140117053,0.10945287794460623,0.05010947172687692,,0.035380683931417085,0.036101731799138635
2024-10-30,0.01751205266814216,0.09726762382576418,0.09782781054904621,0.09720662077891783,0.014149491102466114,0.01221243026462874,0.027520099703010843,0.011820812392680216,0.10367575320593907,0.014430300813509612,0.06375949513638514,0.039737610759131466,0.0074758915257068835,0.07519536383247798,0.10562281756461024,0.10798381962708371,0.034567419340257984,,0.03569230132077401,0.036342285589467636
2024-10-31,0.017502039827963164,0.09939693058273247,0.10034644098683944,0.09782289156630136,0.014560201620492534,0.012535338633181119,0.027409701293563103,0.011627936976871533,0.10376365415900626,0.014615149262869592,0.06613151820848469,0.03987110853238856,0.007650048275737457,0.06501944865078621,0.10698734363155858,0.1081951833759357,0.03188370145947517,,0.0376072386491701,0.037074124306643044
2024-11-01,0.01782878192710985,0.09982883079404996,0.10005448868909854,0.09583083422574838,0.01443049023634367,0.01267398384428027,0.026925797637414473,0.012277921262276956,0.10814102772872616,0.014409704722525698,0.06615348463222677,0.040369595273769904,0.007703071508423879,0.06376505055065111,0.11156138746551629,0.10662379260546119,0.028061025242261783,,0.036545163307540686,0.036815568346574505
2024-11-04,0.017100482796033954,0.10013112878695214,0.1007281103361232,0.0957151725058629,0.014287404417577709,0.01306665665140996,0.02656790459702438,0.012192296940212132,0.10746327456726758,0.014240956040729346,0.06440091057199385,0.040375989707155086,0.007575376996383548,0.06465903457025605,0.11115288388012462,0.10891478017030054,0.028073118492393984,,0.03687416478697784,0.03648035318522122
2024-11-05,0.02286503968612432,0.09965614953322802,0.0998614154144413,0.09584627660835515,0.014440315325895695,0.013256031214575347,0.026542841413323793,0.012354983584297902,0.10718000417957145,0.0133047885343837,0.06285637072335264,0.039123485488985234,0.0075810056423231366,0.062452549970720764,0.11141692734366486,0.10957592613822974,0.02897316609024048,,0.036428211009750196,0.036284512098536274
2024-11-06,0.022633027990998738,0.10059337124579103,0.09994608425050196,0.0956813094952526,0.014523254597877922,0.013722483114813246,0.027281115990522086,0.012652164835824037,0.10733549179818513,0.013763387333477978,0.06198374078476567,0.040320377169927875,0.007968656537749643,0.062098991606048516,0.11191029253903673,0.1122610183118649,0.022962284791039445,,0.03565935992384668,0.036703587682475856
2024-11-07,0.02135636958169294,0.10059809765693317,0.10032996588125692,0.09601364093103322,0.014609223623054297,0.014169087382328529,0.029414121814105566,0.013146053517096525,0.10486431712947282,0.014373268891914218,0.060746230924651826,0.039747366448649325,0.008002738775860984,0.06012262281374371,0.11371374557874489,0.11162238011006358,0.025277131942783283,,0.03569536777333227,0.036198269223281725
2024-11-08,0.022658888865828116,0.09414966816636053,0.1012252699584034,0.09681138568153812,0.015072712777894945,0.014394117517551314,0.029832533137785486,0.01354351428981489,0.10303727299353196,0.014965421539999677,0.06195882519762307,0.041264157452875906,0.009185853450400237,0.05956750914189244,0.11458811065758519,0.11114175491974955,0.02457341543744942,,0.03590384870164562,0.03612574011207012
2024-11-11,0.021463132497870106,0.09544144276890924,0.10274966572950522,0.09635633520225718,0.01542890612262671,0.014487682529712205,0.029022166836859972,0.01340898083988365,0.1086341444563095,0.015266079195148814,0.0635089512285986,0.04212320474952544,0.00970490830564779,0.05179459638835276,0.11520317664271984,0.11028824284714035,0.023737678698881798,,0.035640809987642824,0.03573989497240781
2024-11-12,0.02150422607050118,0.09671692983074462,0.10242051576073599,0.09650222419194339,0.01545176071879879,0.014643902681541738,0.02931285130939077,0.013618467027634954,0.10886650920860694,0.014836461408755107,0.06386460102615314,0.042217179504380635,0.009869675903080827,0.05232770577120939,0.11779163923299486,0.10746917333097765,0.022583777063548898,,0.03552633150589646,0.034476068453104684
2024-11-13,0.02157394347954949,0.09840492816611536,0.10492733019462352,0.0969087101631298,0.01586111945654099,0.014568072245203453,0.02950390233973874,0.013714014154093198,0.10939773485404382,0.014720692439580161,0.06356024677413101,0.043321645054735534,0.010207009350666757,0.04988893843909192,0.11659419726388077,0.10511243475859046,0.021555878116964258,,0.035677905619703035,0.03450129712961767
2024-11-14,0.021654483153774152,0.09737434466906131,0.10670295581331922,0.09634717166942504,0.015684172240371337,0.014470583865476054,0.029090328448106235,0.01268777063582536,0.11072257931254761,0.01489560409277326,0.06417783901113183,0.04282977223880041,0.009999284345367948,0.048387118800102255,0.11889067463914237,0.10571940898450952,0.01937154307060391,,0.03581312809992003,0.035181236909742196
2024-11-15,0.02167614892813868,0.09673244917567451,0.10616829320096431,0.09545972712334824,0.015493707327800768,0.015133446226800405,0.02833704088288127,0.01233464375146837,0.11109435044801447,0.014239099885196524,0.06495489167347698,0.043310084520178926,0.009805898787707807,0.049325906825636805,0.11797218412751997,0.10522806370721405,0.020434265812393933,,0.0364586048421466,0.03584119275343735
2024-11-18,0.022400640119852072,0.0945746496944551,0.10397185795458246,0.0947804268132746,0.015154916236851203,0.015279596319225822,0.028068791619465065,0.012435837095537496,0.11342567546259631,0.013910402213444407,0.06412212625187072,0.04343995032896769,0.009574754460836625,0.050015520971660433,0.11766971214306543,0.10522712113406803,0.023426613482737533,,0.03611072225492073,0.036410685442588214
2024-11-19,0.023105959721834685,0.09451641516097735,0.103522183066439,0.09273324271358083,0.014970549467774272,0.015482061908579094,0.030094924411225934,0.013200571615446566,0.11104278220302362,0.014602281694008758,0.06399508474173765,0.042876058544498025,0.009620759761132929,0.048814343020152695,0.11619083641808672,0.10334803440503475,0.030141115767542352,,0.03568188267751314,0.03606091270141169
2024-11-20,0.023845495784713858,0.09631894005324125,0.10423143644588984,0.09238829233619937,0.014955485714075886,0.015639687098636248,0.030069516926791783,0.013016662148659795,0.11029049044826983,0.013394720929517137,0.06456770871686222,0.04254302515704532,0.009694012523388936,0.0470126359383267,0.11784148529621653,0.10487800933827013,0.027718425127198226,,0.03603798586719718,0.03555598414949986
2024-11-21,0.024568560018011325,0.09862304541613165,0.10388387696517255,0.08940798662296456,0.014789682071689464,0.01586271178724701,0.029675712958288657,0.013515021914532771,0.11048571883461213,0.013134607724529814,0.06293317877308155,0.04211102295401648,0.009698604223513988,0.046407634378574474,0.11760591996517945,0.10565973933178067,0.03078750785296578,,0.0354480851495362,0.035401383058171566
2024-11-22,0.0238776101566799,0.09786365103577219,0.10414823434218443,0.08856939580985104,0.015063557374250138,0.015296153092642454,0.029237944223396366,0.01323422764914175,0.1133549132522006,0.013043119553675951,0.06310980946141644,0.042338606210816886,0.00999498859972755,0.04648417953378444,0.11574094296954918,0.1043933379782298,0.034005446087428004,,0.034955830258143944,0.03528805241110897
2024-11-25,0.024878303924700914,0.09555966622741427,0.10206931866410772,0.08834294967951553,0.01496005765789989,0.014582580654567988,0.027537881152040453,0.013500071739208858,0.112511920683993,0.012811805802369262,0.062402831421926236,0.042250926248978145,0.009708979133115948,0.04776228650754811,0.11456783960176592,0.1055068811899577,0.0391149109255673,,0.03529500697304392,0.03663578181227896
2024-11-26,0.024602889959088502,0.09821026808086158,0.10262423467407356,0.08875746720565228,0.015186918547701172,0.014849064184337433,0.02803158945051978,0.01346554215705189,0.11125836019169101,0.013277483664845742,0.06239135119316937,0.0423245408329992,0.009744760657536503,0.04577661258585655,0.11639681995014661,0.10347396033674375,0.03525257189707877,,0.03561836698935911,0.03875719744128719
2024-11-27,0.024041291273772733,0.10017125344441352,0.10554564095659635,0.08913044812317945,0.015350673916421049,0.01475932277905776,0.028177624024269755,0.01366247819786798,0.1011157340163057,0.013194097805264034,0.06490815327685151,0.041243572293344244,0.00971125183226095,0.046382721648307444,0.11651054652575353,0.10330747416432766,0.03718227884738143,,0.03629954829354397,0.03930588858108094
2024-11-29,0.024633201294591452,0.09976624077652839,0.10414220768049227,0.0893588021340809,0.015301600839947829,0.014957951353076438,0.02840987500878029,0.014461100399425667,0.10232469007537401,0.0135270211360702,0.06475550279280108,0.04157740770471842,0.009969785327300794,0.04638470459201473,0.11846660289063944,0.10178637896974715,0.03422503239641406,,0.03633285211339311,0.03961904251460388
2024-12-02,0.02412408053004736,0.09871654865161501,0.10249904750448151,0.08982239955578136,0.014922986480038166,0.014583672705509039,0.028745085968085768,0.013804403966444185,0.09888379211507925,0.01319739986146812,0.06409886760122911,0.040694434773637086,0.009687404867083,0.04653201111639416,0.12117896096661569,0.10022792431762598,0.043044213835168155,,0.036200536140122246,0.03903622904357482
2024-12-03,0.026905207706056183,0.0989023036886725,0.10155988246759383,0.08982897291674061,0.015094743499825362,0.015198120438035872,0.02930048002667324,0.020248006124067103,0.09769152766370175,0.01313856653566377,0.06334456913527862,0.04041791552223294,0.00985097970320218,0.04625787492535667,0.11884462484633962,0.10056049970046745,0.04080861970891985,,0.0343288750036059,0.03771823038756652
2024-12-04,0.02560249403087248,0.09659037614348252,0.09926298254412291,0.08752882061417921,0.014943203813666931,0.014618143544864454,0.029597979537606747,0.01897739235017337,0.09436084884270675,0.012998445581046321,0.06086603084068435,0.03965385777283703,0.010123957195513433,0.04436674255276988,0.1406592900455187,0.09986512328403725,0.040811951259206065,,0.03258699935301056,0.03658536069370118
2024-12-05,0.025716980285562123,0.09885096060429832,0.10023912483755988,0.0883429340254913,0.014881961766508333,0.015181040510031284,0.028986021149493373,0.01955856718925515,0.0944199077906075,0.012738540495052133,0.06221912609545306,0.03972043203919981,0.009979124106636456,0.04401542411337305,0.13615397354011274,0.09856716185311531,0.040526753235199775,,0.0330848127780437,0.03681715358500671
2024-12-06,0.026564147471539158,0.09852428755174529,0.0983066026778405,0.09150489861886163,0.014920767762805447,0.015371929371873738,0.02917501519752788,0.020257288632881582,0.09159115046488843,0.012965132958075295,0.06093061788741369,0.0433316001675003,0.009833874617689,0.044627440574547456,0.13400699665917606,0.09721453687467432,0.042561923839479036,,0.03265603404768411,0.03565575462379699
2024-12-09,0.027318320883116906,0.09776752106669014,0.09906336948916575,0.09256944210828634,0.015023822290702584,0.014878087886154693,0.027682399692875177,0.018567580142647633,0.09329705684585848,0.012909350660205998,0.06053750262962231,0.04244517427576692,0.00964820432135295,0.04686120323107949,0.1283770415067909,0.10029067136864366,0.04341261872335786,,0.03329862497471072,0.036052007902971424
2024-12-10,0.027219411202189688,0.09958548724004565,0.10052456970435039,0.09146024638276667,0.01500491312375392,0.014900132105568314,0.027451990482941425,0.01889004795759808,0.09060181600680733,0.013020673492878302,0.06214702302570394,0.041456571146120814,0.009623297157322548,0.04704437383411093,0.1317151165837587,0.09846680833963502,0.04101721837236651,,0.03377879020475533,0.03609151363732639
2024-12-11,0.02755077915672966,0.09944214978751821,0.0992907948078745,0.09514481776521735,0.015139029386896664,0.014872460873612969,0.027759382687440517,0.019316517333027732,0.08985847384499082,0.013067250773860412,0.059704522463795026,0.0404319143842842,0.00952272395293445,0.04811918174137462,0.13402649054767884,0.09997662868075796,0.03780117624784676,,0.033223861734575116,0.03575184382958401
2024-12-12,0.027736820933249837,0.09989525330754036,0.1001613967990741,0.09471992745895581,0.017612119446495537,0.015146143726596704,0.028041986913902122,0.019186925627396614,0.09090694034435713,0.013471086379284944,0.06137525555968233,0.04056707036066379,0.009876362268796872,0.047040672391121884,0.13228488730768756,0.09699298054527208,0.037732502886099126,,0.033232976680484784,0.0340186910633384
2024-12-13,0.02848685258406742,0.09990324291322086,0.09529758903782475,0.11198818896320417,0.01778162057542674,0.015722587194640314,0.02734021754952552,0.020276880297828308,0.08594528359041341,0.012937296636869272,0.057825535970780925,0.038602459654977786,0.009622738341788867,0.04501228429087303,0.13958137823354455,0.09624088562206327,0.03450417408596708,,0.030993601961665097,0.031937182495318774
2024-12-16,0.02735569912653618,0.10078298974435101,0.0949417227043016,0.12114938497933617,0.017582214297399357,0.015258865976307635,0.02690015067087175,0.020047730573817767,0.08421583475835132,0.012052828592145588,0.056321499278997274,0.03761235137376897,0.009386683436576667,0.04525067211519213,0.14020932795311297,0.09888164785178354,0.03079880239207418,,0.030100682706965295,0.031150911468110623
2024-12-17,0.02765759354172112,0.10074250430186786,0.09642289244324698,0.11993043350856863,0.01751644759465099,0.015541028119158553,0.026561392669188204,0.018690161833179498,0.08612512501221789,0.01211346446162271,0.05757326973372509,0.03826765437599686,0.009240118057798704,0.04661951865039348,0.1300670267690746,0.10229799613578865,0.03211107415304114,,0.030704363180480265,0.03181793545827878
2024-12-18,0.027903889158288064,0.10134346122123458,0.0957447500771836,0.11737352978586355,0.01754874050396221,0.015400206055846981,0.0263426684954526,0.018687644311181105,0.0862632715597342,0.012750284585239859,0.05896783408308756,0.03841125351198374,0.009052732996253513,0.04668693396704444,0.1284066498820323,0.10265688211499129,0.03223108733456439,,0.03131670079324705,0.03291147956280893
2024-12-19,0.029073921273620747,0.10414308189675653,0.09732736118134264,0.11680729764758714,0.018247140872916505,0.015833959021455797,0.026490667745309025,0.019193756341266983,0.08725933583790754,0.012471830524283915,0.06074257111319699,0.03964327867896842,0.009285540681647426,0.046805364932041314,0.13541547983172786,0.08766563397194842,0.03176595060485553,,0.030419925739369684,0.031407902103797514
2024-12-20,0.034079238742966554,0.1000000000003105,0.1000000000003105,0.1,0.019113030525093198,0.017172325175929266,0.0313936387255967,0.021329460952216037,0.1,0.013378813104980996,0.06225238975530803,0.043494377902639984,0.010879449350205973,0.044987281062070276,0.1000000000003105,0.1000000000003105,0.03547653737510403,,0.032684342548434525,0.033759114778212536
2024-12-23,0.03434547931853575,0.09887984171635877,0.09903669763491273,0.10243501050717044,0.018958899573661838,0.017455518369950327,0.031436617251524426,0.021147420306370436,0.10071282968691032,0.013496312815036464,0.061655877095984885,0.04313489191364947,0.010631156027896287,0.045774110112637635,0.10018265913550356,0.09839984548838782,0.03589980654606145,,0.03265913107072523,0.033757895428722276
2024-12-24,0.03549328505538174,0.09882588436451407,0.09872447501290003,0.1052548252565445,0.018689646168950372,0.01705462375575869,0.031150597511887222,0.021553885598116482,0.0998970924306386,0.012983967775101855,0.061259313107242336,0.04280658445395618,0.010478599260010752,0.04563926029482251,0.10049661345913946,0.09629569132660404,0.03754990294296821,,0.032210503766425085,0.03363524845903782
2024-12-26,0.036406790685509755,0.09845976519436087,0.09805337998738359,0.107211807428666,0.018706163952928304,0.017092296945049445,0.030956559342031068,0.021687692754422654,0.09970614822751521,0.013086934332770282,0.06117166617440204,0.042841888402972914,0.010604813383167907,0.04563803083385281,0.09975112402250082,0.09642383789175372,0.03675853089427632,,0.03201781216546906,0.03342475738096716
2024-12-27,0.03590744629032885,0.09866138628279646,0.09870589443457571,0.10751799093989708,0.018657840590590308,0.016833877843664854,0.030673614163430906,0.021229201483454738,0.09978834075403542,0.013009594798795847,0.061964705562480175,0.042903238631358975,0.010619155403173049,0.04573829044836333,0.09976552294549274,0.09683767935490353,0.03545942054301714,,0.032246246217064164,0.03348055331257671
2024-12-30,0.035370496988466456,0.09924498404802833,0.09902102577480176,0.10694164602382701,0.01868241115229951,0.016973863150137786,0.030619995630510103,0.02177187625716988,0.09968939299504487,0.013074735235282653,0.06264297269300972,0.04327964927613161,0.010770110788617962,0.04595992488236018,0.09995168804802694,0.09513902154904157,0.0347212340511295,,0.032584464398528426,0.03356050705758573
2024-12-31,0.03451208401269155,0.09920449068511987,0.09967998372941052,0.10613922784716066,0.018775098370049478,0.016800145511651026,0.03081445234980675,0.021185574278900422,0.10073787301741793,0.0134242443650231,0.06335994415060357,0.04352332769639748,0.010865927965732498,0.04540015656897147,0.09967273216650278,0.09457342045906705,0.03476239563289711,,0.0327536039370778,0.03381531725551883
2025-01-02,0.03473741358957532,0.09917317874458699,0.09781795684521646,0.10488776386890565,0.018186281674323044,0.016741256765930333,0.032334672592009985,0.022098188509078867,0.10072573329876881,0.013284502055998256,0.06152729934099962,0.04323204722970613,0.01093938481195966,0.04510189007057715,0.10128739046042126,0.09696505393204989,0.033867289209704186,,0.032392631405894344,0.034700065594294206
2025-01-03,0.03530387926689241,0.09913985537822156,0.09651379592018307,0.10193184737610445,0.01776854650614156,0.016940373297289455,0.03315798374177324,0.021893312994131373,0.10065068282708232,0.013448290246840121,0.06079032906181052,0.04266804885905815,0.011099298485667621,0.04559789324869198,0.1023623259232073,0.09692546890756228,0.036452006040659915,,0.03246565543202731,0.034890406486655444
2025-01-06,0.03493120146222742,0.09935655700016251,0.09503262550392812,0.10065131542068301,0.01742651805906177,0.01674607917517517,0.030560282115348305,0.02250057722975299,0.10153222485474908,0.013229955763046043,0.05997947951115242,0.04335253983949203,0.01090447652141709,0.045146253636139395,0.09997127039993009,0.10382084207841116,0.038710300185538726,,0.031479665396747875,0.03466783584703686
2025-01-07,0.03306331690504899,0.09809787303640853,0.09720591285706262,0.09917853867127562,0.01719760861782574,0.016975842340375538,0.030039007412928503,0.02247226631776569,0.10054906250270464,0.013272557592437768,0.06047895270397526,0.0430604474659318,0.010630615430139972,0.04544064769734325,0.09945655916967575,0.10858299708834064,0.03717389018850665,,0.032229188311077996,0.034894715691175075
2025-01-08,0.0326553488485347,0.09890707074439323,0.09832470760199927,0.10027396527871289,0.017380222450056857,0.017818340752661074,0.029088307698223785,0.02196910727613909,0.099552820440347,0.013612167542516209,0.060721525588004144,0.04286966224754288,0.0105373973026326,0.045431986896893095,0.10188205397738852,0.10666241651090626,0.03550066723471804,,0.03211920078851974,0.034693030819810886
2025-01-10,0.03290153492972191,0.09970587931240256,0.09786228435917096,0.09966048574853419,0.017700803802055715,0.01833113841032245,0.02842501211529693,0.02261162803435575,0.09745519843144601,0.013558566947987473,0.0610431357886994,0.043721276177161934,0.010607037757910205,0.044148863200603315,0.10028157708006372,0.10851123041110682,0.036093588599301195,,0.03275602133428409,0.034624737559575416
2025-01-13,0.03282555697938493,0.09992450025570622,0.0969109749341282,0.1018394544336362,0.01800913160426762,0.018088898937712393,0.029608795132752955,0.02153364300206565,0.09523872378429257,0.013374886802960848,0.0614265289788502,0.04430028060329406,0.010721431312323466,0.04458855672563184,0.10274864215377208,0.10565197868743519,0.035035843358993735,,0.033353648226541396,0.03481852408625047
2025-01-14,0.032781501098849634,0.10084227270261055,0.0985688942321324,0.10056438665224428,0.01805098551785348,0.018359398246897973,0.02956518408724046,0.021406257422379612,0.09322901563220137,0.01357612301421761,0.06184850103695853,0.04492202456810093,0.010767795102271568,0.04420036523987349,0.10168363651349643,0.10697866061760175,0.034021256266608825,,0.03383503011427574,0.03479871193418519
2025-01-15,0.032853564901847,0.09952518168317125,0.0972326190478084,0.09961799196025527,0.01812535907376801,0.018704225876407722,0.029984044078926173,0.02272037879939,0.0912114651088917,0.01363954697444188,0.06219440389252296,0.04534922483117247,0.01092880791949353,0.04416588505771807,0.09999347170353698,0.11073285414215474,0.03376713752607136,,0.0342107013824973,0.03504313603992532
2025-01-16,0.03182254326213645,0.10109394363493387,0.09552259929604215,0.10003554979379253,0.017727803426487766,0.019219033635492617,0.02966337069770185,0.02272663865235675,0.09176593120342166,0.01369250814336698,0.06259275598764664,0.04544308939474922,0.011026298365394652,0.04364373082826826,0.10117306409648849,0.1099005371357605,0.033817510630877984,,0.03438831924932224,0.03474477256575939
2025-01-17,0.03244941858156455,0.10041468022574478,0.09284875895586318,0.10126069040725215,0.017501503314624037,0.01923847124780814,0.029804797931382486,0.023540865234757798,0.08940511443712514,0.013794634539458077,0.06196425809840504,0.04396820960650854,0.011401207764439054,0.04480623227601218,0.10497758708443203,0.11087002176682538,0.03276747545798058,,0.03456331071890317,0.034422762350913544
2025-01-21,0.029641364209405226,0.09947769420224477,0.09518858298618209,0.10027807583520695,0.01792832011135411,0.0196315262129689,0.03064482808844745,0.023450450876283058,0.08894463946262608,0.014051153705972817,0.06273041580842874,0.04406099354325972,0.011516830256137622,0.04479178084515467,0.10187068768649891,0.11211296277139035,0.033746183420854114,,0.03503154284155514,0.03490196713602929
2025-01-22,0.028300959168497716,0.10262225797994298,0.09837348871873572,0.09705347507966727,0.018510385282833608,0.019774115351984065,0.030962128439228163,0.023775520184291396,0.08869707270741625,0.014401483799420559,0.06343410358099776,0.04385012012424112,0.011446248452039745,0.04665026623109697,0.09954465160976758,0.10814203399989236,0.034003211095530964,,0.03615110206933794,0.034307376125077914
2025-01-23,0.02859911803981911,0.10249327250770732,0.09969639879979451,0.09726637784788174,0.019239236040284144,0.019790495808844125,0.030997332002768645,0.02348395136223423,0.08833292378090316,0.014359143460161634,0.06364691538736779,0.04391012756853868,0.011383536402608162,0.04740147340970695,0.10063277090197417,0.10421586482375532,0.033708079518707676,,0.03637874295752842,0.034464239379414174
2025-01-24,0.02704467035251573,0.10377597173634116,0.0991356806074035,0.0999621804803307,0.019171616108811466,0.019845829040456366,0.02923050080421409,0.02271816755262361,0.08904798144183823,0.014140063926480616,0.06477529651805897,0.044471692178480404,0.011086015257007432,0.04658320075628211,0.10021282075256054,0.10381677160735729,0.03396640502822934,,0.03676929210659939,0.03424584374440904
2025-01-27,0.022819817123594745,0.09461245006395588,0.10180442085620478,0.09725622923085185,0.017755234791742007,0.016755274176586572,0.027847740963065776,0.018434826406576812,0.095464525504792,0.012970523287539375,0.0694037634571278,0.04917467279333326,0.01008992085661612,0.04844791175749618,0.0949752593767214,0.10760498036638655,0.03489192065269515,,0.04129182458805219,0.038398703746661524
2025-01-28,0.024347859848438076,0.09943201807320426,0.10228541651136171,0.09856327876798303,0.018453858424855123,0.017918496599506503,0.027894475853250993,0.019084151900174394,0.09209586702070376,0.013141176124021622,0.07110393871870929,0.04545783676943381,0.010475904651911196,0.049215750937474774,0.09743240506636312,0.10305028160192449,0.033417678428953476,,0.03954264443257604,0.0370869602691543
2025-01-29,0.02434670039272201,0.0998189822040971,0.10265577333845226,0.09742260140079685,0.01858647888697913,0.018882917415743643,0.02871404758613339,0.01912736624769867,0.09297503652165755,0.013122590331843298,0.06852504032210904,0.0455176875291759,0.010395626257515377,0.04892525240602372,0.09938416386687779,0.10321326276030965,0.0327163339893852,,0.0389066282127371,0.0367635103297422
2025-01-30,0.025200763284727618,0.10180955670116697,0.10244783860132074,0.09829885670697476,0.01867557049510053,0.02072732355767907,0.029097101566964628,0.02029291442687135,0.09178906880601949,0.012973844529991512,0.06644968708594952,0.04300832271186937,0.010830665172801991,0.04864804991854867,0.09929784949307943,0.10358633897148171,0.03253472077903378,,0.0371450856660497,0.03718644152436916
2025-01-31,0.026163931158483106,0.1021020941868165,0.10025980553486784,0.09995339727688637,0.019058725481884305,0.022222800952927477,0.029052203065917805,0.021800061984876905,0.08945615018649843,0.013043703663215885,0.06859472718729787,0.04261905082487394,0.010868152234589964,0.04826371833797344,0.10058275988311625,0.10126734570967459,0.03209950839384114,,0.03608901662678404,0.036502847309474236
2025-02-03,0.025745495210309402,0.10051127623583911,0.10111222381088951,0.1001081472147159,0.01894855085321658,0.022137917161571114,0.028634446653725523,0.022774653002264226,0.08796466063158741,0.013911731939472862,0.06878871029620946,0.04191306877535031,0.010982344142572237,0.04863778977326914,0.10305734653059928,0.10158556148583311,0.030768927535761024,,0.03566782325857054,0.0367493254882432
2025-02-04,0.026419933207470252,0.10013390339547838,0.09940780298001581,0.10114624555640662,0.019300090336113705,0.023900205198985777,0.028372423914766323,0.02389613906370391,0.0883759394416297,0.012559130508144565,0.06894650895496486,0.042195365125847026,0.01110272998182014,0.05005332053064827,0.098281848747903,0.10124525330057885,0.03302729520200281,,0.03564254506947704,0.03599331948404291
2025-02-05,0.026818326302794963,0.09985929055924911,0.09608945093556254,0.10232495029300474,0.019643816118335072,0.02522821372142592,0.02823437998327902,0.02416154818061406,0.0879286308530653,0.012590867445620544,0.06844439293438792,0.04191693807102566,0.011127139016943259,0.048262576401910874,0.10119956289339647,0.10131989535917695,0.03459382958617888,,0.034876627513391274,0.03537956383063734
2025-02-06,0.025958799876812523,0.09853494605703315,0.09574217881362354,0.10085969568314128,0.019656644969636813,0.023123908417441805,0.031127935797017243,0.02393137731202817,0.0882912385478304,0.012855714158220724,0.06816605468927743,0.04147591297366152,0.011454268915570234,0.04849572713960309,0.10257058268499078,0.10123232133136277,0.03676177640698331,,0.03490510745170327,0.034855808774061914
2025-02-07,0.025448146694890268,0.1023001040769356,0.09636404998329164,0.09899680624990621,0.019122152589376714,0.022733105439653623,0.030026171539416693,0.023437991366926227,0.08951387597225104,0.012479018205093279,0.06795173588614563,0.041689368639371595,0.010716670327811026,0.05321643483204982,0.09606904583994949,0.09981171741653058,0.03982282267990469,,0.03511185011470408,0.03518893214579173
2025-02-10,0.025193518163446633,0.10094296636752463,0.09635905703509896,0.10063964418011206,0.018675157328911462,0.022175329384253723,0.028520363628401317,0.022775464412732652,0.09191926608365593,0.0120592426470404,0.0662056466644805,0.04086398344224385,0.009928861924281546,0.050653577171613125,0.09525310039114551,0.10090018118853268,0.045539723667792055,,0.034734511527551526,0.036660404791181385
2025-02-11,0.023058784025277515,0.10059730120413994,0.09626029807887432,0.10319274753634482,0.018582825309073566,0.02212615899736886,0.02731180204066807,0.02224927572628332,0.09348505910635994,0.01214330233860425,0.06702192867791572,0.04141835105640677,0.009891177234541389,0.05147297532681979,0.09446741915128522,0.1014502979523811,0.04218201380578895,,0.035616753745198834,0.037471528686667505
2025-02-12,0.02216826754093178,0.09538224397392159,0.09707823655295354,0.1049108541758055,0.019059336393314627,0.02286583362264951,0.02755430852412617,0.02182119889158236,0.09581154491941561,0.012529107923581619,0.06729803449254591,0.04168646687009262,0.00995139776792596,0.05212718449186994,0.09233718355554965,0.09994939726095566,0.04390267631574083,,0.036527643223325496,0.03703908350371159
2025-02-13,0.022253449021936655,0.0952120474992907,0.09619199558745442,0.10424506913416423,0.019010744767310187,0.022852366595857626,0.027204763211283498,0.0214643251395568,0.09319176764823615,0.012634587469079802,0.06714873930318734,0.04187578546186137,0.009771090122152264,0.05192463950216544,0.09026217039067017,0.1039107174821025,0.046590571927191904,,0.0372026272205858,0.03705254251591315
2025-02-14,0.0218719422378683,0.09138267228769763,0.09413584281404959,0.10161681217552875,0.018954377626571452,0.022946224022564098,0.026924267534127376,0.021256113349402944,0.09529895705782086,0.013003840755521969,0.06676105532856157,0.04215942047203676,0.009584676566877955,0.05008739579731927,0.09162456721797016,0.10659504241328466,0.05211501735757792,,0.036681789028377286,0.036999985956841584
2025-02-18,0.022500106340462473,0.0920852466255609,0.09145558826623713,0.09652468739388305,0.018340581731450797,0.02225934606194059,0.026658030814477297,0.021912664981415256,0.09720847438766109,0.013581202480526829,0.06514243871824567,0.04098760128737869,0.009593889724079959,0.048895170519021085,0.0894087759206071,0.11081938784880212,0.05874724295184442,,0.03612707954799354,0.03775248439841195
2025-02-19,0.021790718970129443,0.08636527290856495,0.09275215863714172,0.09692991468034641,0.017853709797664905,0.022211741967033866,0.026029345431889905,0.02095623758540721,0.09799241246007077,0.01351205698398907,0.06503862144104924,0.041241955168693625,0.009268264590263626,0.049212162274776,0.09278715448871432,0.1086292598256459,0.06364079380050751,,0.036191057731921036,0.037597161256190365
2025-02-20,0.02162532112158433,0.08691149994445015,0.09321038044952784,0.09716326519885124,0.01792732130597789,0.02133640480029553,0.02627846150937135,0.021052860955743408,0.09818282023099917,0.013179196134966091,0.06477701766824943,0.04148181770212758,0.009258325150763485,0.0495449450907773,0.09191541960634157,0.10858762921215899,0.06322567993117331,,0.0364763021727233,0.03786533181391805
2025-02-21,0.021717381886548214,0.08560456065526854,0.09414618472295612,0.09711603197871237,0.018081556921065563,0.021099828039296484,0.02607020034784479,0.020428295884473258,0.09984874814757294,0.013158478878879309,0.06665697951233407,0.041838772847303154,0.009218069251974447,0.04928273953503977,0.09093262362193058,0.10775209576277439,0.06204262219778603,,0.03715182927585234,0.037853000532387646
2025-02-24,0.02219094310971396,0.08357529357403862,0.09680054393961594,0.09560762442340368,0.017899624041637186,0.02028664569237927,0.026243357451350077,0.01907153019026091,0.10019119073445826,0.013176762058101072,0.06802125770758093,0.042511629647361784,0.009422269810492231,0.05030821327603417,0.0887752471794423,0.10771040792885776,0.05908454553541768,,0.03813497057690498,0.04098794312294914
2025-02-25,0.02103976128830879,0.08644125324148048,0.09673028212851094,0.09611710501119432,0.017970694798243432,0.020044532186578437,0.025681532256369592,0.018636788139549443,0.10030498023433168,0.012925711402118362,0.06871803426862444,0.042889072635450574,0.009445176752294433,0.05186901560447579,0.08706424980236074,0.10864914479635487,0.053838475266359244,,0.03924520156602473,0.042388988621369576
2025-02-26,0.02167576796075504,0.08644676748144951,0.09490604294948102,0.09739368372557859,0.017883664560368627,0.02032937758569658,0.025491943044576124,0.01930050574212409,0.10104188890142952,0.013195482205545046,0.06663603583063953,0.041503418108882036,0.00938357478975045,0.05149619116286223,0.0855930663923891,0.1097617580110341,0.05821059144993053,,0.038028105359385916,0.041722134738122044
2025-02-27,0.020991872847557474,0.0872519150074115,0.09979238881484809,0.09600446262897472,0.018351918309275395,0.020898232801251315,0.02589220490396372,0.017602530174588734,0.10016615152388392,0.012676734957415533,0.06940137589696196,0.042974309889946535,0.009577434393459401,0.04966909171832154,0.08395892892644852,0.10954788039992736,0.05203801312705245,,0.04056864974248205,0.042635903936229784
2025-02-28,0.020487297608072032,0.08808179027155517,0.10074055040134154,0.09615772386140799,0.018580614423865858,0.02055298778952144,0.025780004263824107,0.018341308170124852,0.09470615282627919,0.012876442389879736,0.0705106105411189,0.04256236647894522,0.009607852680994075,0.049353258503034965,0.08740810521054526,0.11094909250557447,0.04956747953690023,,0.040750354573654966,0.04298600796336001
2025-03-03,0.019775591046053014,0.0865026121181087,0.10205661134047998,0.09613815717225695,0.018554704866489538,0.018945093258141244,0.024902018234962853,0.017819226261040898,0.0936870227599632,0.01301534621018984,0.07214576806179597,0.043526666490187056,0.009524947603832355,0.04985715445214905,0.08682269441616704,0.11412456219246093,0.046108606570756536,,0.042550680702136044,0.043942536242828706
2025-03-04,0.02039232818777199,0.08605377754571447,0.1014817679553575,0.0963451033174524,0.018459244573494415,0.018425780424571533,0.02539143177753487,0.019212155834331397,0.09231147219613756,0.013046992074809373,0.0695233236025823,0.043061482852359494,0.009447820748381684,0.05065587475253979,0.0894597832432344,0.11500711757087162,0.04998668841664018,,0.04002463381069282,0.04171322111552236
2025-03-05,0.019760058912677146,0.08696895122133666,0.10245986472269682,0.09668824464176055,0.018391693283501875,0.018281409994719514,0.025808535238145486,0.016251867749460025,0.09382447303052985,0.013333307223215034,0.06918726165909528,0.0424555137514885,0.009620176933581855,0.05188700629110009,0.08984750564670184,0.11694956594522232,0.04894851417896873,,0.03871569215801233,0.04062035741778617
2025-03-06,0.019619604495823187,0.08971075978504102,0.10498874570121446,0.09729848398244956,0.017949804334171846,0.01763282355170721,0.025073656078884524,0.01573562168780438,0.09636846895628869,0.013303094578367465,0.07193113456201396,0.04334476310212942,0.009368617853745483,0.05155601614532235,0.07726985482716361,0.11886735776503743,0.05007183822528367,,0.038989468560174066,0.040919885807377654
2025-03-07,0.02036479162105842,0.08714732949427173,0.10522436460864118,0.1039788858241753,0.017785477936021164,0.018589216029293778,0.02521811314979702,0.016035267194079977,0.0932366243261982,0.013833216074443655,0.07136178286010388,0.03805736402940589,0.009370785453747383,0.05338340387989663,0.07449465966013727,0.12172041826575475,0.05083232074184795,,0.03889463998887596,0.04047133886224976
2025-03-10,0.019622171962342165,0.08486325400818297,0.10808970049565382,0.10297775126965317,0.017676159594228576,0.018022524588333626,0.024916301778886624,0.015163823513150541,0.09645565357199029,0.013993840553157392,0.0732063060348415,0.03747291775661899,0.009064495197422934,0.05441946085402742,0.07230332631035047,0.11932850429268077,0.051291646448675884,,0.03998346983392627,0.04114869193587646
2025-03-11,0.020554288061167953,0.08462975708451734,0.10540389664205714,0.10367079884682111,0.016882276276648976,0.018800048412304458,0.025776399597475304,0.016289831593036385,0.09542574113740887,0.014405649668919407,0.07138079903572844,0.03726723386626177,0.00957541310571686,0.052207690698623334,0.0721933798806176,0.1192104480899274,0.05549626567315438,,0.03934190099541085,0.0414881813342022
2025-03-12,0.02079324530702374,0.08338918618687685,0.10437877336219657,0.10284298494400221,0.017030125908285055,0.018890198382062587,0.025361127824597318,0.0173439964454816,0.09580096243132392,0.01427328326496402,0.07006606993227996,0.03554339732177365,0.009591529086197946,0.051763937056956956,0.07298790978271681,0.12433951230997574,0.05603178455918651,,0.038134032201558817,0.0414379436925399
2025-03-13,0.020124829151143657,0.08495984500709385,0.10438595976774717,0.10340862777411963,0.01629448455068237,0.01860433407526466,0.023995221606372543,0.01673827398150655,0.0954493430139404,0.016152537827501114,0.07177526807624666,0.03554160123777171,0.009213945934791832,0.05176516263490244,0.07330550050779472,0.12593713117029762,0.05264725095339787,,0.03835947007331618,0.04134121265610902
2025-03-14,0.02137960669663592,0.08507233023904727,0.10257963409472443,0.10158549294821358,0.016052786034049644,0.018952045767879396,0.023756180841549793,0.01761463233987674,0.09497939955718564,0.015278458955906423,0.07079265101252716,0.03617727553827886,0.00934918236934103,0.05283458820593419,0.07045825468086339,0.12855197399782597,0.054594938114049606,,0.037869646414162315,0.04212092219194854
2025-03-17,0.021034914796904086,0.08537603387772237,0.10245378098025161,0.09956455936267695,0.01626031884186229,0.018698694339044395,0.02437855016879042,0.016572850947256364,0.09552712466264264,0.015119103827506022,0.06986088462605491,0.03609611624165033,0.00988799222639638,0.054985825950253794,0.07105220490973035,0.12954940219553748,0.05347260053981479,,0.03841750239543281,0.041691539110472006
2025-03-18,0.020513494238592507,0.08602909610260079,0.10455859032141157,0.09855335662524803,0.016248128072113927,0.018183588817555323,0.024285336981454908,0.01585893963471702,0.09624382420038889,0.015533574403807912,0.07196126805969563,0.03707875871063109,0.009736537845086296,0.054525399583168745,0.07032961406595546,0.13048564644888302,0.04934043082310599,,0.038396950297128495,0.04213746476845448
2025-03-19,0.020040669946598876,0.08427997293077119,0.10765653555373225,0.09953568008814552,0.016240578050135845,0.018643670038609495,0.025259294334142403,0.016405741396491334,0.09604484373531251,0.01527250380032263,0.07234675953592122,0.03702027776345364,0.009677193045391413,0.053798236830576884,0.07010182889097963,0.12760842760209526,0.05089625134111451,,0.03755822513270674,0.04161330998349878
2025-03-20,0.020184548305100507,0.08342498029883076,0.10672389238710311,0.0977431429882955,0.016294652677339157,0.019538152697920908,0.025052301342039576,0.016427038496599978,0.09694100534731205,0.015204782097488451,0.07275645043099266,0.037118192669602916,0.009991123692128493,0.052390628692332665,0.07134725494640265,0.12968703460647343,0.04998737601333499,,0.037616947020148506,0.04157049529055358
2025-03-21,0.022494997907879604,0.10000000000000002,0.10000000000000002,0.10000000000051298,0.016446119534909594,0.019171028657075553,0.02289743733667234,0.016696442534419553,0.10000000000051298,0.014364782378526932,0.07315043132642872,0.0376732836688082,0.009005092564582354,0.05420510043663879,0.10000000000051298,0.10000000000000002,0.04964675946468023,,0.036310787242953425,0.02793773694488566
2025-03-24,0.022628781695504013,0.10193711615965467,0.10075335772077074,0.09667731835717178,0.01690311684277151,0.01934740777947867,0.02492871690091627,0.017638375198536827,0.09914743359888997,0.01462425451782398,0.07284409657401049,0.037455898747814076,0.009650553922350888,0.055854286505210356,0.10007369007728202,0.09908930208371108,0.04761907971486469,,0.03536832461073455,0.027458888992503393
2025-03-25,0.0224038702021051,0.10258009604456962,0.10238041046657971,0.09646092236113059,0.01708924821796404,0.019101085414043567,0.024911473306351458,0.0173992869117073,0.09939777677603943,0.014241532555518898,0.07244564279629252,0.03803388675804701,0.009432715862473984,0.05686935662334947,0.09992348717426128,0.09761184900481051,0.0470078257593,,0.035489261247078185,0.0272202725183773
2025-03-26,0.021800459567937896,0.10096552891736156,0.10429856163616465,0.09620159090660428,0.01695890146467925,0.01801593476378366,0.024651667866372032,0.016648620595087392,0.10136416025090852,0.01398960663208552,0.07299133017878885,0.0387356409306981,0.009193677852706753,0.05663949987604997,0.0975110058795381,0.10003010759910305,0.04487946757442278,,0.03708608222698104,0.02803815528072673
2025-03-27,0.02082453531176838,0.09945988508617332,0.10722318979044028,0.09406482527888138,0.016534945757431058,0.01769379653552057,0.023862111313811288,0.016027972948360013,0.10427079975294774,0.014121052068158979,0.07355952168749243,0.03919439335634132,0.009071122954005067,0.057865628514682514,0.09660290850495871,0.10087555224785615,0.042908356685426356,,0.03772820491918484,0.028111197286559673
2025-03-28,0.020735921038557748,0.10097872844663215,0.10771459631360651,0.09515773805755154,0.016642414949417,0.01780139236929936,0.02375714871262192,0.015722145684077694,0.10195133766309009,0.013771422315362537,0.07449190606790418,0.03993482263935565,0.009121131482699609,0.05734022753472117,0.09501931664233844,0.10065547407965444,0.043545537485613565,,0.037649506198554165,0.0280092323189422
2025-03-31,0.020564387476473617,0.10137722539744981,0.10717814565795727,0.09517255708502788,0.01650157995881087,0.017136174089109085,0.023688366170116153,0.015752566085261717,0.10160632326059671,0.014022127700096918,0.07513266444365363,0.0394223285781364,0.009183705239815328,0.057959841428683476,0.0952246076743274,0.09987411282759767,0.043975561646783505,,0.038059640648708044,0.028168084631394478
2025-04-01,0.021148171247770547,0.10174746011094601,0.10686210160442984,0.09477862972864072,0.016638068933611156,0.0170073617478077,0.0230154407703028,0.016198205272125777,0.10146437501140719,0.01382987999805421,0.07397095066691065,0.039557522332738695,0.009265190878598254,0.057432509244760566,0.09592435692571004,0.10095632803918851,0.04452111578930599,,0.0374748735736028,0.02820745812408851
2025-04-02,0.02139091491232027,0.10166221257540474,0.10750490263457844,0.09478166634515432,0.017219777583925344,0.01734724495294327,0.02389158724302895,0.01634402829305903,0.10303662809251432,0.013878450195248767,0.07396721849186627,0.039895156543218194,0.00953039425618316,0.0571993084649743,0.09474939780836483,0.09867658515757806,0.04358470305218472,,0.03712210143805651,0.028217721959396418
2025-04-03,0.021385105863566692,0.10409203876666316,0.11425381519378398,0.0976765444297338,0.01712302174289905,0.016765458415621413,0.021949714743915015,0.01627147119091512,0.0961399806291285,0.013662527115171713,0.07741370776507518,0.038914137171242355,0.008782457314915497,0.05556879460159404,0.09609655636456808,0.0953595454842314,0.04625347133917094,,0.0357636233641263,0.026528028503677744
2025-04-04,0.02205217083513953,0.1019143469087085,0.1167911948447745,0.1005715176596045,0.017695524825137872,0.017400787593920653,0.02233619029775289,0.01579895676057425,0.09669733029451788,0.014664023255695921,0.0775235893362326,0.03944542877429475,0.008822138675252595,0.05765253796293192,0.09244872448099001,0.08999857230330272,0.046281108851215134,,0.036202055433540346,0.02570380090641339
2025-04-07,0.022018204935683617,0.10333944578221047,0.11529676144287973,0.10150477903255302,0.017492133384315385,0.01774150285710817,0.02236058156990008,0.01632551216556521,0.09693219860065154,0.014731603115639052,0.07533875377115652,0.039373755072295055,0.008909672930099545,0.05658243123295788,0.09134604859441797,0.09090099579693235,0.049054172798657446,,0.03560562489513263,0.02514582202184428
2025-04-08,0.02185841528812261,0.10754205913436615,0.11593153751758242,0.1048380767486528,0.017430553972237025,0.017681472200601966,0.022185244620786387,0.016381952029139935,0.09565215047460687,0.014601214450732862,0.07598851510721814,0.03774915737694684,0.008697778222856266,0.053685423344283494,0.09146288097324577,0.08902585422248938,0.048094104840273204,,0.03522234119658203,0.025971268279275907
2025-04-09,0.022611955328533266,0.10168712317260292,0.1103911287258845,0.1071303145838196,0.01725709438848256,0.01818732460361054,0.023464352445944033,0.017340537361627023,0.09581346072995425,0.01458994868545534,0.07243238793800083,0.03773977767021378,0.008977198002655826,0.057191027174950115,0.09623732105037691,0.09124768135179236,0.047986169574088196,,0.0339095039667383,0.025805693245269785
2025-04-10,0.02235874730102149,0.1047056994653124,0.11539923608422337,0.10786556825674794,0.017565082802319734,0.018324730317762456,0.02229945308183907,0.016513395837744107,0.0970772762590526,0.014281018882788906,0.0753775630435371,0.03863908955179256,0.008831968702799389,0.05327838153334947,0.09002370716743176,0.0886743977182996,0.04758745837425689,,0.034428526588552964,0.02676869903116795
2025-04-11,0.02241311184036738,0.10285180581306835,0.11560053136360925,0.11181374339013016,0.01736580466647948,0.018619320762814848,0.021806911397974145,0.016424844276733738,0.09890477663612357,0.014505424178651777,0.07327686595231474,0.03903907995358061,0.008163857477011963,0.057615414811248114,0.08921173434583811,0.0864804592069356,0.04601562851021074,,0.03397093716620846,0.025919748250698937
2025-04-14,0.021965374078274813,0.10335313499866801,0.11475242495845157,0.1087828553371576,0.017134240639061736,0.018889805454748453,0.021996590762970433,0.01643911962726277,0.10204920344345954,0.014470864037401636,0.07329203858112453,0.039173396440197066,0.008269942401156949,0.057823677071824994,0.08672419813077999,0.08758546638585483,0.045615294524481625,,0.03491357964394156,0.02676879348318193
2025-04-15,0.022041895387129397,0.10221584507344272,0.11456332657761197,0.108364290236591,0.01728851965481695,0.01915222488567559,0.022019940181272714,0.01637330204059956,0.10169752014257542,0.014243798096950828,0.07313234898933925,0.040847355289524635,0.008264453327162245,0.05796091875423105,0.08794265749737572,0.08702426333654395,0.04580903934661965,,0.03437524311345474,0.026683058069082624
2025-04-16,0.02205774665595479,0.10239525662240702,0.11526215382710561,0.1080427033134687,0.017533474622736456,0.01906920747541931,0.022040157058508453,0.016108658306566038,0.10128615636658844,0.01440201018457659,0.07375156802552754,0.041367838314409086,0.008363787863972346,0.05707778581258296,0.08745369214993742,0.08671815348153034,0.044556379906206534,,0.035487227344332184,0.027026042668170366
2025-04-17,0.022111156397785225,0.10138123671249949,0.11564994021940002,0.10562844757425512,0.017863908562578523,0.019884677023714728,0.02195537275483568,0.015629522120087995,0.1029581932759322,0.014171907391060905,0.07408446580176525,0.042033887873161584,0.008328596674252958,0.056884194157814344,0.08694869469381498,0.08599229803078634,0.04396126364040576,,0.03689783531268266,0.02763440178316637
2025-04-21,0.021116106392555956,0.09979687988297176,0.11695803444300834,0.10643949989479233,0.017795726507476628,0.0197336231313648,0.021431714960447885,0.015401196118408253,0.10348382068562272,0.013791370104017075,0.07520759344759495,0.04261857346832195,0.008284394028904782,0.057373607818257205,0.08603467660674478,0.08635017036014801,0.04262659220289126,,0.03728999147328109,0.02826642847319026
2025-04-22,0.020901670494848146,0.09857063206009076,0.11795301683455703,0.10564385121282543,0.01783232440328906,0.019752786800227594,0.022082193601514838,0.015916041702439175,0.10293041710380775,0.01379948282461485,0.07517001655416826,0.04241089998024122,0.008338681971669645,0.05609375445154778,0.08589024185645863,0.08854639711554205,0.043074586579360453,,0.03704948512099291,0.028043519331804347
2025-04-23,0.02160199697532859,0.09661640884267511,0.12126232425541016,0.10477806472827689,0.017837428364731414,0.020032964973235177,0.02261462708069459,0.016564149309289542,0.10385273890383136,0.013817815865063244,0.07362677468417526,0.04083452251603433,0.008471920776658148,0.055931092760002465,0.08679955192629273,0.08741315261426576,0.0440391229648802,,0.03649241563461762,0.02741292682453737
2025-04-24,0.021841854637210723,0.09682250395070464,0.12211077042182798,0.10508656968770895,0.017248156172876103,0.019696188063527385,0.02278842323846886,0.016342185336611012,0.10352779157804436,0.013864002288837572,0.07074315018601526,0.04064522277004178,0.008508876458312012,0.057059873750808086,0.08711949893251358,0.0874118065713149,0.04516518841259782,,0.0365323023006458,0.027485635241933235
2025-04-25,0.022047816248457787,0.09876524807299479,0.12008311271254694,0.1058686621686404,0.01744427251885358,0.018764371320040663,0.022799671276955515,0.016599517511820015,0.10261297063592073,0.01377634426191116,0.07025222707452308,0.04014223464878265,0.008563765519594018,0.05648203430039345,0.08826758692004122,0.08881199503829368,0.045316987226403906,,0.03586654215250538,0.027534640391321242
2025-04-28,0.022063312462809386,0.09934325371228923,0.1201085728762875,0.10596303779627321,0.017586223883545728,0.018478907210784726,0.022920463511205077,0.016347819650919547,0.10213479843556772,0.01397139516657064,0.07000598246721935,0.04077560146948928,0.008566156580627834,0.056710421929878276,0.08794723037344196,0.08748989302390044,0.04632125895346029,,0.03565793499850859,0.02760773549722114
2025-04-29,0.0219112965026797,0.10242773427062908,0.12146547530732492,0.10535664262788044,0.01782313796529531,0.018343139160270142,0.022930719808560623,0.01642483364221467,0.10140756577650278,0.014273600534445017,0.07072195365976927,0.04036460803366239,0.00855638082419422,0.05677925671711147,0.08791819119828745,0.08563697199375733,0.044791176614076965,,0.035421464736227926,0.02744585062711028
2025-04-30,0.021783927648093223,0.10421384986136946,0.12177139349435726,0.10588452784498446,0.0177655061596805,0.017966998422515243,0.022711029889491925,0.01635359887897191,0.09917798221733619,0.014077685745648954,0.07049921464890964,0.04008476592994803,0.00841118326470894,0.0576043439635162,0.08739647054815963,0.08560486035365329,0.03959299725497957,,0.039474817989656234,0.02962484588401926
2025-05-01,0.022507108769903306,0.10848251795156383,0.12118522750962936,0.10581901106157753,0.018397163401955848,0.018298218639186847,0.02382494610893143,0.01683710538029942,0.096728566862042,0.014093360386199148,0.06927263521056198,0.039542396765283046,0.008540761628231022,0.056677293957882596,0.08896938876444943,0.08431326291379627,0.039621328049992854,,0.0380118766796002,0.028877829958913977
2025-05-02,0.022438324093047753,0.10888177839838634,0.12049556782768613,0.10581485430543641,0.0181806756830595,0.018700026377542305,0.02390319341121811,0.017316230779452883,0.09651340556628828,0.0141499095619433,0.06865350462281053,0.03934110806493693,0.00845753074059295,0.058211915377741445,0.0881101481144436,0.08477128529854636,0.03950024346117232,,0.038096546123627145,0.02846375219206778
2025-05-05,0.022869902807878154,0.10889345195427047,0.12068110048107378,0.10502115640517003,0.018345859061320503,0.018482006669556805,0.02385395614451809,0.017597726897220143,0.09694603196239165,0.014413961145271851,0.06860194360423344,0.03923311281854689,0.008559428448912056,0.05772669135006202,0.0881912588837926,0.08509563537392373,0.038008237547548306,,0.03858775291656347,0.02889078552774596
2025-05-06,0.0227103567250884,0.10995626716984065,0.1204756551839047,0.10524027295444152,0.01837323931918417,0.019161513180214064,0.02356813258349524,0.01728601668973398,0.0969665221969286,0.013430837484673431,0.06794794646239331,0.038938543482061855,0.00877406258250248,0.05759361482562212,0.08755847750883673,0.08555244118274184,0.039035896849636244,,0.03889733785799494,0.02853286576070579
2025-05-07,0.022671486818968984,0.10476185713506841,0.12229820680710304,0.10785024837531457,0.018552617938297638,0.019428872747342833,0.023540043501987448,0.017592484781056295,0.09890505231964468,0.013771729217136966,0.06814243468822091,0.03909180049800712,0.009027948093608682,0.05891359822422493,0.08072123225130642,0.08796953905904166,0.03856886582503039,,0.03960991086170434,0.02858207085693477
2025-05-08,0.022650145039180954,0.1046821138405853,0.12072190767188207,0.10822671984580066,0.018729055330162923,0.019206147758217957,0.02363440145842062,0.018471450976650015,0.09843312672778842,0.01352551880681378,0.06780265754634995,0.039521697473760636,0.008854677180843885,0.05855899927750461,0.08172615386749599,0.08968457264543307,0.03773920027319293,,0.0395330408013695,0.028298413478546676
2025-05-09,0.022458925017009697,0.10376573976563673,0.12107195712975338,0.1083343292067391,0.01869934991776244,0.01854734700768698,0.02359588812833765,0.018243754943149382,0.09809991496066008,0.013133066417437876,0.067714366966516,0.03946401489202933,0.00873926289010327,0.05829495528299188,0.08446986699180294,0.0904103624664904,0.03757781488687721,,0.03924578175559372,0.028133301373421855
2025-05-12,0.023695740611155165,0.10352301686044903,0.11825901324965264,0.10784924360935264,0.01849128248717422,0.018692625028666334,0.024318339851649832,0.018552792996983283,0.09887269456592443,0.013084627918127116,0.06604587986811554,0.0387971294529611,0.009052466478815427,0.060665893175897274,0.08545926433898265,0.0908941933777839,0.03683729756380878,,0.039103905009275276,0.027804593555225375
2025-05-13,0.02484001834383384,0.10465262836204983,0.11523271361937382,0.10853563661455704,0.01810194879418803,0.019644965761819004,0.02370450528118548,0.019038193883517154,0.09892691308843465,0.013262550574471368,0.06424997719971307,0.03759324461139949,0.009018788729981665,0.06053318373132234,0.08322386365646502,0.09154324615675404,0.04099809046967902,,0.038834195138584215,0.028065335982670674
2025-05-14,0.025407766492728367,0.10462996273476993,0.11384226797559757,0.10734731105507808,0.01767042187533478,0.02009270857613156,0.02397480769652292,0.01906954125300023,0.10079071569298978,0.013062978568699726,0.06276012048400235,0.037064541903653964,0.009384197772760597,0.05966170801516426,0.08293965433483229,0.08912894230096129,0.04697279250806871,,0.038320551937572,0.027879008822131554
2025-05-15,0.02597048837856489,0.10284342484555264,0.1147838842717662,0.10806574245220443,0.017813705879746466,0.01983005559490342,0.023508321224588645,0.019105369698638196,0.10116304010175026,0.01295703697969421,0.06384271406063513,0.036780544522502186,0.009353564107197917,0.05798863865758812,0.08244716215012056,0.08978858184061717,0.0461305627137106,,0.03932051395199938,0.028306648568219555
2025-05-16,0.025302325574678142,0.10231327522853181,0.11515396277758991,0.10536253260913647,0.01799474506194724,0.019976726715112626,0.023274637731344656,0.019128058370694905,0.10335953493939713,0.013199688295818012,0.06415155370597261,0.03670923752736812,0.009310524864271587,0.05797146399316855,0.07997611689732181,0.09140744089604619,0.04801566186724992,,0.03914495491330229,0.028247558031047944
2025-05-19,0.025299598121408955,0.10291159535087704,0.11476686081127228,0.10657312247607938,0.017987115134820205,0.01967674710636399,0.02356395467079721,0.01977400446813126,0.10366007790298977,0.013132092267617222,0.06420522458047712,0.03621071604266055,0.009321746749892123,0.056981863527893535,0.07864418843683633,0.09215237914040697,0.04673004818173805,,0.03969214550867517,0.02871651952106287
2025-05-20,0.026540516202947655,0.10230380786081315,0.11509666127377279,0.10747575189652511,0.01806421908671561,0.01999827261691768,0.023682899754702856,0.019881926312095642,0.10405454667393929,0.013196305884620967,0.0642682491303216,0.036896807307085104,0.009262030890884457,0.05706112527911835,0.07751568834463338,0.09203756618365508,0.0447678416817943,,0.039105415872553034,0.02879036774690391
2025-05-21,0.026362569313570942,0.10045722586634936,0.11626626629136604,0.10845316469479914,0.01813359043593336,0.020609608103901354,0.024134335549349142,0.01968889239404935,0.10370541681923087,0.013368017656674523,0.06566607793009416,0.037155900668478445,0.009294712135571676,0.05626783214351738,0.07717063432428438,0.09145165676709087,0.044343547660748515,,0.03883451019804229,0.028636041046948273
2025-05-22,0.02685368553498133,0.10017322027855352,0.11521979618389652,0.10834189264066914,0.0180821366516702,0.021290846343751713,0.023809274712293944,0.019714776883305193,0.10330424567653534,0.013395458753620804,0.0658615694478194,0.03705221730392853,0.009239648165898388,0.05552812324066212,0.07909793565928987,0.09018405328164489,0.0438496310837621,,0.04028777471100719,0.02871371344670981
2025-05-23,0.02706648284831472,0.0992265764826002,0.11617384531230357,0.10802586666122073,0.01821265558592152,0.021590787355141687,0.023804469359795525,0.020145867977655985,0.10401094164450003,0.013580730895213812,0.06597182207819118,0.03692592017677346,0.009270838234154343,0.055022316683338346,0.07791997427657621,0.08924060187651976,0.042760590188679413,,0.041987825866555445,0.029061886496544106
2025-05-27,0.027110549927399,0.09775507979722965,0.11654211406788,0.10810443208577988,0.018148231930684898,0.0208640506953335,0.02391364210137561,0.020155040756049677,0.10263866484560522,0.013411131043706273,0.066147395080558,0.0369858915725119,0.009308274891054279,0.05523868396422355,0.07967230013081503,0.0894351000882696,0.04307305968687289,,0.042333044460606976,0.02916331287404416
2025-05-28,0.026820078885305253,0.0980726486494488,0.11624382927619867,0.10990605241834853,0.018225631467886583,0.020729612183993912,0.023041632422449988,0.01986276214890493,0.10247802137037679,0.013280541867874814,0.06556506006064022,0.03641219092944245,0.009265042884192104,0.05486254864065601,0.08067026673505653,0.08927265606212104,0.043433448293555645,,0.042407950981574155,0.02945002472197342
2025-05-29,0.026999081440580355,0.09170778218794202,0.11792104621226207,0.11159935096514219,0.01807057633600404,0.02054262870970117,0.02356373343370036,0.02030322884707112,0.1028084890385396,0.013534263653499676,0.066522897831388,0.03655572009184107,0.00899824231770117,0.05513887309175728,0.07998755850196422,0.09027122853773548,0.04284354159526177,,0.04291196486951629,0.029719792338392115
2025-05-30,0.025759438740874677,0.09348979998572489,0.12111504361266125,0.11351264706094422,0.018033221940480106,0.020690015806108648,0.022763696803439593,0.01969366945903158,0.10238394460636879,0.01360982292622873,0.06708312990974884,0.03632770369141435,0.008771216373279773,0.05467038915987065,0.07668285532543567,0.08990466371493877,0.042333997952576606,,0.04357202277330048,0.02960272015757223
2025-06-02,0.026003790429320158,0.09548254789365367,0.11995878739174452,0.11479406382341498,0.018142185683974237,0.020609931697258454,0.022774695246564988,0.019977569379841686,0.09797283297951977,0.013444097914728602,0.06674868243628951,0.03596670725593072,0.009078875114346989,0.05428073819834086,0.07724974538427799,0.09171627350012108,0.04293930930982409,,0.04331431944729222,0.029544846913555554
2025-06-03,0.02574936380862225,0.0973197494556419,0.11780821069490162,0.1148159981154338,0.017875750906998035,0.0207617785672882,0.023111776012218924,0.02217244510041732,0.0982401276834833,0.013363097896071282,0.06556715320823325,0.035477123529041234,0.008992378497218538,0.05400068990355466,0.07590223472440889,0.09241808591838173,0.04354907243019257,,0.04342162844363818,0.029453335104254345
2025-06-04,0.025421935518984307,0.09628104294981392,0.11647961365061417,0.11508715152341663,0.01775361835231152,0.020203866517712225,0.023104194443646756,0.023254866658339098,0.09748979790791278,0.01317772140090479,0.0645758554201605,0.03522602674458701,0.00915383540710954,0.053784013635400356,0.07945251426288437,0.09198623800641724,0.043860924381898134,,0.044303481195902356,0.029403302021984414
2025-06-05,0.024401044389988226,0.09733388893312513,0.11815275358705819,0.11551202179310335,0.01560641937552578,0.020261921967096794,0.02271105633293615,0.022375210081677827,0.09755071964540087,0.013146891872500658,0.06522033126474658,0.03541140669369188,0.009393734763008739,0.053120105693831784,0.07878058771233945,0.09549344061861854,0.04088114139781067,,0.044676214778617315,0.029971109098922002
2025-06-06,0.024251669267852178,0.0988096731948357,0.11842698019666656,0.1089120543216896,0.015423048087867755,0.020399707484925034,0.022615578972427323,0.022220221459084376,0.09856869026966049,0.012926653165584789,0.0646063918825445,0.035875646189774166,0.00931313858198269,0.05326734055227102,0.08205415984630535,0.09682779934856311,0.04137441042716787,,0.04414840293365366,0.02997843381714371
2025-06-09,0.024503461282368775,0.09762954037430308,0.1170486004365236,0.10694837456786657,0.015240234205459332,0.020568255647949608,0.022871403650933812,0.021484070135746828,0.09822901038050932,0.01271032722587034,0.06436176276465891,0.0360164368718266,0.00931276925931052,0.05435568438829791,0.08237167282891843,0.09820315450051523,0.04262258629418927,,0.04489785320890469,0.030624801975847334
2025-06-10,0.024329457922346337,0.09476899850830016,0.11668658089249266,0.10743731380576678,0.015288463816379268,0.020405387174675434,0.023117407702087648,0.02076029539108304,0.09760545805743528,0.013004890989904956,0.06417825002169504,0.0361740885510583,0.00931779182993038,0.05648982240933939,0.08221137813143581,0.10133105940264091,0.04254478827793544,,0.04424665349776153,0.030101913617731686
2025-06-11,0.025031493796005715,0.09476493638707498,0.11681539092565316,0.11044256005629173,0.015152462036317428,0.0213338492158681,0.022861399041653532,0.021598844006114067,0.09538166888265176,0.013250674538307401,0.06361571354279216,0.03568395227322862,0.009316942564244424,0.05525419068207013,0.08111729614781928,0.10248734163840482,0.04259012351037553,,0.04352182971573598,0.029779331039391232
2025-06-12,0.024693533075737954,0.09522471652086736,0.1174474959456937,0.11057147109673526,0.015374317903690213,0.02160149341974611,0.022437913549971378,0.022159124707262647,0.09613035883082974,0.013839904486088512,0.06336281439654143,0.035140967355501894,0.009563872135866885,0.05449164414687137,0.08182630685925316,0.10144237064733067,0.042245013357512746,,0.04292976487965959,0.029516916684839377
2025-06-13,0.02416460155507931,0.09445106295127167,0.11809036023275923,0.11048207217762193,0.015398579704764107,0.021300701081892786,0.022066698734734373,0.022516584960642638,0.095530924506812,0.013577122223349407,0.06357468920435932,0.0352069557117055,0.00948765408425674,0.052539714029574185,0.08123059503289537,0.10384242924736385,0.041693854729992215,,0.044524452128406354,0.030320947702518967
2025-06-16,0.02483885011254933,0.09420169950056317,0.11548248132909432,0.10842837079932668,0.015257962525203481,0.02108438776778376,0.022307238387780138,0.023499806985593702,0.09600951157095537,0.013836892588411195,0.06310522645712224,0.035210632408706935,0.009555524512173005,0.053363323977756116,0.08244185454228468,0.10426215496897688,0.04241042935715027,,0.044428049179057634,0.030275603029510847
2025-06-17,0.02439406195725611,0.08951490150731865,0.11559125157451562,0.10809452085236179,0.015298980866609387,0.021939300782921077,0.022202847953231818,0.02384324304789251,0.09869096537505037,0.013982930684174688,0.06321399689378504,0.034842744448042626,0.00969685467430201,0.05259477043511651,0.08261853017133901,0.10549100197857303,0.04217607721483275,,0.044695761631483664,0.031117257951193307
2025-06-18,0.025707047861055526,0.08856764448142024,0.11447771641567733,0.10710935103057978,0.015114734996229806,0.022225196955164908,0.02252345521984909,0.025164252539899342,0.09746449211440796,0.01415518583445996,0.06207744050739018,0.0340400956139055,0.00975721819205482,0.0520220656437838,0.08690160230520606,0.1049594731085563,0.04275292157163027,,0.04407225406992283,0.030907851538806284
2025-06-20,0.023696430903223663,0.10000000000068303,0.10000000000068303,0.09999999999999998,0.015725247189380606,0.022190016620251708,0.023301767755437085,0.021093599391128762,0.09999999999999998,0.013517884587671452,0.06561556005995234,0.03600956226395249,0.009879796427382745,0.05092272499076442,0.09288856477705901,0.10000000000068303,0.04142670267891807,0.00969367673817762,0.04447561090445306,0.029562854710197865
2025-06-23,0.02186033947292076,0.10645051489943415,0.10136345389265076,0.10138061059943232,0.015896567905923753,0.022348149341836505,0.02310940937151613,0.020833290106393978,0.09871515351383395,0.013702928863652252,0.06731274702692473,0.03563339003357819,0.009804712997578055,0.05141361562658262,0.08930666714107283,0.09859203904695872,0.03731790420914231,0.00976252386031466,0.04511927450663639,0.030076707583616875
2025-06-24,0.02153044141553966,0.10663044037781948,0.09889321046499418,0.10223644690505237,0.016223562422851397,0.022863460553214372,0.02249872315045091,0.021946981637318588,0.0978108386271908,0.013608614838872128,0.06480748710513398,0.03525027234743913,0.00978675361934434,0.05150338430857088,0.09200832897212545,0.10015159570686309,0.03791625757669711,0.009539121607443725,0.04481252694233405,0.029981551420744292
2025-06-25,0.021857018110371818,0.10686388882267746,0.09893757384734701,0.10130270562810394,0.016047239808616585,0.023407762183458736,0.023515212981391295,0.021740115895638505,0.09654460245517388,0.013907438630045801,0.06404766240819848,0.035508405114862786,0.00966399536331421,0.051304712848861546,0.09183952403218933,0.09851185249865663,0.040753269865828654,0.009404657211904652,0.045008686956036735,0.029833675337321907
2025-06-26,0.023275984895208286,0.10983070093666082,0.0963557106301128,0.100776090250288,0.016006144011028622,0.02297944335257982,0.024060952800038695,0.02184344298900826,0.09841876120212474,0.014184157143234621,0.06277088856371273,0.03437441758089479,0.009722010416328412,0.05090743307922664,0.09424824189381462,0.09501818297328554,0.0419639412894944,0.009192110240713019,0.04454125361921218,0.029530132133033113
2025-06-27,0.02187070991667033,0.10861515527786687,0.09817973787873477,0.1016644373591097,0.016344410940814704,0.02363182110282448,0.023600378249407965,0.02172999945591139,0.0978897447321596,0.01416887836654525,0.06360346668220235,0.034814579435505345,0.009838179837615013,0.05160110160759502,0.09195459928397501,0.09514167471434164,0.04101460485303481,0.0092631709142572,0.045297292971928756,0.029776056419499836
2025-06-30,0.021469133841721864,0.1105605222918385,0.09807757902824157,0.10280045115373972,0.01599714922196529,0.023892962254444098,0.023879752745969648,0.021280714958713323,0.09574844158311524,0.013952813406919336,0.0638257917041303,0.038182178023967256,0.009752971625605912,0.050620884009584824,0.09113509679816903,0.09286100188302114,0.04173433892085734,0.008795478368206783,0.04568457231629135,0.029748165863497326
2025-07-01,0.021450675786338438,0.10875769758527512,0.09846095821481177,0.10053399817895718,0.016034268460993168,0.023181118011229768,0.023597653764392504,0.020474093868997,0.09672550447571093,0.013930430886457896,0.06493142013861551,0.038955575853048256,0.009550260768962314,0.05260302997672919,0.09134286916327665,0.09274455404733495,0.04090436610089275,0.008880190130504624,0.04673737536037836,0.03020395922709377
2025-07-02,0.021107461731179375,0.10958508900088902,0.0981744387256867,0.10098115665778057,0.015685823316588972,0.02377848108716753,0.023712876127104317,0.020600241568606476,0.09674341363705763,0.013708767463752736,0.0641678473050266,0.039855671390190923,0.009392804670180785,0.053151463780843476,0.08774459491285126,0.09204716730416625,0.0416558363439977,0.008996238024767837,0.048243079834984284,0.03066754711717769
2025-07-03,0.02141062342387216,0.10991177951535323,0.09812694390594202,0.10193824753727902,0.01588462080900979,0.024194189990200666,0.02412941922651683,0.021357647980237936,0.09714029721247071,0.01384278015468569,0.06390403622092722,0.039665632406689466,0.009450785037537686,0.052033019141895565,0.08793513737772615,0.09156991655851913,0.04109559597458805,0.008945816022177944,0.0469590064802464,0.030504505024124363
2025-07-07,0.021494734630341048,0.11067057392033822,0.09884517327131061,0.10327965104757876,0.015916633157910826,0.023807573112366105,0.023781398531242413,0.021516879771177368,0.09836641956113647,0.013712591752753057,0.06422072066300206,0.039437585399070094,0.0094334243357405,0.05179574018106545,0.08507573160404695,0.09126923778301814,0.040521260171632954,0.008859068167397491,0.047399416396887106,0.030596186541984316
2025-07-08,0.021985878737984653,0.11207002503787292,0.09706570621317573,0.10165018246319259,0.01552074328731112,0.023871019205529156,0.02424105471272199,0.021519512462792226,0.09744682725641134,0.013576275345328926,0.06416270988759903,0.03903395600601164,0.00939617033255599,0.05286609282673807,0.08494393776955439,0.09402937326489906,0.041935523585722535,0.008989150670520248,0.04584648558728987,0.02984937534678837
2025-07-09,0.02354786235730013,0.11402788316484722,0.09689744266263826,0.10289430088426699,0.015503151489686848,0.024454719979624197,0.024250095486224723,0.022275877854018515,0.09820055905953277,0.013464166137418502,0.06335015109294796,0.038593946389040436,0.00921884167607777,0.05164039352035452,0.08454401940291481,0.09147191839461849,0.04231050130941895,0.008897050565724696,0.04461382111444513,0.029843297458899007
2025-07-10,0.02281902760043794,0.11374528035664294,0.09664154795172515,0.10166486867187857,0.015297759743729336,0.024055478436294856,0.024824794421088,0.02213513184058365,0.09889344820599323,0.01357340456073138,0.06277487929584112,0.03934873365971687,0.009413663340110383,0.050720754846382554,0.08553445752544647,0.09186758063673325,0.042472540694064524,0.00901873784110237,0.04526260361216928,0.0299353067593282
2025-07-11,0.022537310706552738,0.11617763052127156,0.09708334850645123,0.10128314352793798,0.015157743794809928,0.024384277880168954,0.024731381809808932,0.022415238838008694,0.09798942546611517,0.013661544113160548,0.061934137814428664,0.038263182833240046,0.009445399872941717,0.05040551623461491,0.08474419423543368,0.09291388694314472,0.04150520308047611,0.008849463358765332,0.046091686544253004,0.030426283918416074
2025-07-14,0.021271988500387588,0.11619447345472493,0.09880261838615344,0.1019953340546209,0.015893169226170713,0.024623968754097548,0.025092958771755464,0.022483365561387345,0.097304914156225,0.013925293654608345,0.0639544977605905,0.03828964380472983,0.009386541330051212,0.04948416003572519,0.08472946221401655,0.08868970811252072,0.042039096850763104,0.008173916554868196,0.04679330124204348,0.03087158757455988
2025-07-15,0.02164590792947773,0.11447499318223579,0.09747787484328056,0.103416352924954,0.016054528096788447,0.024229257829688128,0.02535792320540858,0.02328240788003433,0.09681497355469519,0.014152823503216033,0.06286482008568213,0.03743503273159242,0.00992844750414609,0.04899781003537632,0.08414459618195622,0.0893387697971205,0.044686571004827924,0.008179971655628903,0.04653188230242304,0.030985055751467833
2025-07-16,0.02166006572347827,0.11603565222075986,0.09905542962488484,0.10384814299405427,0.01642398026344734,0.024287611961554,0.025954114602356748,0.023066840202263773,0.09557833966815021,0.013979109532380614,0.06373737589902387,0.037708814229519674,0.010140322834141425,0.049031939531981254,0.08275678651812661,0.08699638385658993,0.04495542071413749,0.007955552694138382,0.04616615369196987,0.03066196323704148
2025-07-17,0.0227988616036835,0.11864348551527924,0.0992817173015372,0.10470851954712813,0.016368890663559753,0.024415922693445856,0.02629873464099386,0.022165807670901715,0.0947679889643947,0.014358787496339636,0.0644663454757141,0.038169695417103085,0.010323723317387155,0.048402390226104514,0.0831642163314064,0.08367345453021885,0.04403444796465018,0.007895823327196036,0.04552560775288329,0.03053557956007276
2025-07-18,0.023520314149556115,0.11723763446434941,0.09959011392779636,0.10251380298659607,0.01622057910353664,0.02376888497205484,0.025838658248743554,0.020844850071508762,0.09941275340423646,0.014289307812870279,0.06360789663790214,0.038269391956798175,0.010178731554740741,0.048610638026958676,0.08527645116781928,0.08364314988093735,0.04279259925178105,0.007943056900757776,0.04577657228993476,0.030664613191121525
2025-07-21,0.027998130354754663,0.1167898157565575,0.09973324237444692,0.10397491437103279,0.016267796579491837,0.02412699030331274,0.025850719058572676,0.021274908833430844,0.09738710293583498,0.014192359905949678,0.0632849308008324,0.03736727737767463,0.010307714377274499,0.0486351943788293,0.08324141185621581,0.08257289412561024,0.04245681898981814,0.007804113437160308,0.04581334228449852,0.030920321898701617
2025-07-22,0.02753244131726182,0.11751152800023804,0.10019232391794777,0.10287819035912739,0.016435382601208026,0.023779255820256806,0.025710206944032,0.02115354758567374,0.09616867316826956,0.014119403329445484,0.06492330531704255,0.03774568914425897,0.010142624985125233,0.049320671640409576,0.08400472350138606,0.08153712674948575,0.04207398262779286,0.007949311689654197,0.04594178072932747,0.030879830572056788
2025-07-23,0.0275113742219239,0.11853051927833778,0.0970822939998063,0.10264242289851104,0.01654875372918288,0.025041797026453136,0.025523698679371917,0.021945749293652984,0.09628901580831074,0.014021626561070085,0.06569860117377359,0.03766822853114222,0.010162366207018459,0.04830488032809184,0.08375617054947596,0.08031254894456447,0.04272454438574407,0.008093623523395299,0.04688309661154477,0.03125868824862851
2025-07-24,0.02774563815852886,0.11840341004251334,0.09971794811041483,0.10348860135645209,0.016478784703019698,0.02411047710159989,0.02538192077977522,0.022351601423686817,0.09627991536429203,0.013867501931295639,0.06498135655492836,0.036816258513436215,0.010142919779959814,0.04738399637912983,0.0838239217199864,0.08095847939035106,0.04297426836368121,0.007841625602958981,0.04643241031586416,0.030818964408125628
2025-07-25,0.02770483806702338,0.11793767928213947,0.09964587553128271,0.10334915833424921,0.016636702780239786,0.02485367964284949,0.0255700447367655,0.022206954310349546,0.0977871836101996,0.013953047444118932,0.06413395453139165,0.036945796012316595,0.010241903699515486,0.04720313641897969,0.08343618728416659,0.08008207148439062,0.04430266282053968,0.00789075800016345,0.045575924611818544,0.03054244139750004
2025-07-28,0.027574150089734135,0.11873486213797511,0.09911389658168508,0.10261257636801215,0.016656245481734118,0.02482244310319634,0.02608166416977213,0.023201334896499653,0.09765769387071076,0.014028801838382881,0.06287874832384287,0.03647957530370633,0.010287194610009305,0.047839685260876084,0.08370705095756213,0.07842863249180339,0.04781611660348384,0.007598565742419446,0.04450458664731569,0.029976175521278618
2025-07-29,0.02595768914108833,0.1183267218569678,0.09659135476067157,0.1023502105735721,0.016538165060014202,0.028541816946283695,0.026428513266242074,0.02321250791481929,0.09625987189486794,0.014037109518229883,0.06943441863826373,0.03600251612961217,0.01036840764949055,0.04626934692651192,0.08301232429834283,0.07792871938988001,0.0461286849730164,0.00768286733766155,0.04462447170270707,0.030304282021756855
2025-07-30,0.02772700259675843,0.11948384836936272,0.09494240744799992,0.10228139074210896,0.0165513129113534,0.028049337757475694,0.025979967673348103,0.024155202535131415,0.09443257706564985,0.01377205995693887,0.06880949716056066,0.03537894171918927,0.010204573746402918,0.04580545079355978,0.08724957548362033,0.07836803469079466,0.04685286174622981,0.007618704127300278,0.042246822110214494,0.03009043136600039
2025-07-31,0.029480475659482266,0.12096940427251729,0.09614996940275024,0.09949826982381528,0.01658861218841193,0.02779930381323176,0.026155025812266777,0.023280318609083507,0.09412318379878265,0.013926734373476508,0.06969965532096822,0.035123737654288514,0.010258832796031687,0.04478086391520784,0.08593097051125229,0.0747097390198836,0.045619799883444036,0.007559049458255651,0.04513460292217647,0.03321145076467347
2025-08-01,0.029125281138279623,0.11887432547427285,0.0969616403552875,0.10078619198410545,0.01631653299879714,0.027889514403693024,0.025727201964268503,0.023140661156578275,0.09299547752397966,0.013959243354176176,0.07046256758579758,0.03462583564938566,0.010246581651299654,0.05102248385298887,0.08207150667985655,0.07396020534980281,0.045163534415803286,0.0075021097146939966,0.04586809070103862,0.03330101404589462
2025-08-04,0.029759446323210627,0.11812394504681145,0.09802216054808546,0.10089443060679401,0.016563540582025388,0.028066301230411365,0.02595832909040559,0.023960995991554726,0.09236193715683749,0.014202867708313683,0.06998612243630958,0.03400620390550283,0.010364472951610004,0.05223874394991192,0.08193017165033899,0.07381898037619136,0.04507345266900385,0.00749419867533137,0.044521861570482255,0.032651837530867846
2025-08-05,0.029575637212456107,0.1172489853397024,0.09859667913853158,0.10036838706537182,0.016539614772325448,0.02761411713520085,0.02594210657026803,0.023286203788484155,0.09354372277346049,0.014261796073475974,0.07040603284497252,0.03412919180950905,0.010197662579907594,0.051076716966231374,0.08290417549458777,0.07554783706948265,0.044833779127833075,0.007464845874476043,0.044086518229943125,0.03237599013378
2025-08-06,0.03715038466053047,0.13452315305358528,0.09753619605830635,0.10088399570056313,0.016625502871733085,0.027267916728092447,0.025703394802511065,0.024191066790892397,0.08971121938559569,0.014138268065856142,0.06961267220066016,0.03374566549006259,0.010124645669369456,0.05003223837351251,0.07956838098251745,0.07354921827007348,0.035761771763749735,0.007326586886932243,0.041793946915773345,0.03075377532968306
2025-08-07,0.03603887629307628,0.1337409578982254,0.09577372303787533,0.10061311462038547,0.01662070253829308,0.02731420339124992,0.027030056527146934,0.024444605360934013,0.09281633277397533,0.014081872888712646,0.0697618081244297,0.03384647935206196,0.010123943111119771,0.04903701521643988,0.07931298061581718,0.07486733056848421,0.035258387786410016,0.007005707484282834,0.041586050427217684,0.030725851983862275
2025-08-08,0.03718060660463473,0.13137822952425984,0.09544867600359042,0.09934513315604455,0.016335068963708163,0.02776877676518137,0.02698316248015626,0.024177729155344156,0.09386903906244769,0.014284544037462182,0.069709672152228,0.03397921690603529,0.010424542654454225,0.04859911309764501,0.07956998908024918,0.07827946594865695,0.03316005991048138,0.007510348169864811,0.04157889420323002,0.03041773212432574
2025-08-11,0.03729732140689476,0.1300385251021692,0.09544415864275717,0.09916913986197284,0.016069576619456856,0.027412461662009342,0.026588839546577158,0.02383448511299238,0.0944758938196298,0.013787311395491133,0.06896311601794593,0.03364996438146697,0.01032634396451227,0.048322108658678566,0.07963557151559433,0.08158841622724995,0.03368267846498112,0.007364537560422088,0.04199723338076764,0.030352316658430353
2025-08-12,0.03863914619924502,0.12983776680805592,0.09447345469390568,0.099256663799164,0.016128402561461183,0.027775250645069877,0.026538607355689674,0.02451256520825645,0.09406140298173463,0.014041455228247039,0.06781225455813833,0.033868519627520535,0.01044934780292279,0.04950425974111682,0.07794930354043218,0.08191389579053289,0.033625346047659266,0.007724697507318039,0.04187749589914186,0.030010164004387854
2025-08-13,0.03945307351710745,0.12797884687302286,0.09362733073894641,0.0989645132721899,0.01598623588910664,0.026824177546436446,0.02618423068945472,0.023884789342274615,0.09331722850555803,0.01375904383835631,0.0684394908899309,0.03461274947221143,0.010595197878250242,0.051271481707103814,0.08020235012348632,0.08040910632046973,0.03367830491316381,0.0078289964228461,0.04263842503992765,0.03034442702015668
2025-08-14,0.039284370142114326,0.12794669670030318,0.09550943185437577,0.10073798436588187,0.015609984672805438,0.026105972627174193,0.02130557216126701,0.0233994011088628,0.09406556310653898,0.013244711374371368,0.06923832013804088,0.034570734428403256,0.0102067464553005,0.05103513730278489,0.08078712016361823,0.08194088806867199,0.033626028506764716,0.007857512625334816,0.04278067887237114,0.03074714532501456
2025-08-15,0.03876962583852403,0.1303217314805252,0.09532521373651662,0.10030363949537625,0.015709154940051928,0.0262585450677523,0.021981838978666977,0.02355266430315751,0.09479491662000894,0.01373847351285856,0.0697365517566441,0.034745720080794754,0.010448891678173929,0.05032585777723921,0.07882838230257487,0.08000649467210949,0.03396582919517837,0.007593069824543811,0.04292979708434704,0.030663601654956057
2025-08-18,0.03853543198681788,0.12982127832965526,0.09607978594891596,0.09929710990359523,0.015757834187409548,0.025955753525778547,0.021073717252065746,0.023759398666684233,0.09390368236571457,0.013450887152715741,0.06922312703141646,0.03518388976905304,0.010632040264967323,0.05126625464904592,0.07867194342023241,0.08107635012348803,0.034012332743351394,0.007684329027610803,0.04373698978857965,0.030877863862902363
2025-08-19,0.0365361755463049,0.12892459799769,0.09827136659285594,0.0988956308023781,0.015689185648769925,0.025395304842045892,0.02111314656976503,0.021945930856279817,0.09486163441010402,0.012147704204628084,0.07034485873059836,0.03589698692966575,0.010886635603214019,0.05255757774333,0.07631263315008745,0.08271630308363606,0.03312510844587346,0.007762757769442785,0.0449210038347585,0.031695457238571784
2025-08-20,0.03738849191667216,0.12968888691755737,0.09856914994367454,0.0991440829524316,0.015570082868945989,0.025559520672588182,0.021152856572925895,0.022246727919235352,0.0915859248370631,0.012140625891916074,0.07153202591913152,0.035888169873739745,0.01086240303410286,0.05244466425895119,0.07662102898585477,0.08068354730750782,0.03313388749980824,0.007866513915991866,0.04582424794018662,0.032097160771715066
2025-08-21,0.03847353569608469,0.13021696637695174,0.09867971667244595,0.09857118686489957,0.015679726188074405,0.025331537383642716,0.021145722629182337,0.023269676890971175,0.0910899552367422,0.011975582655945225,0.07185781570128191,0.03722952287953312,0.010997969309184334,0.05198069043920874,0.0765863453585911,0.07964789463105398,0.032905093317244415,0.008057733979067434,0.04465033638639223,0.03165299140350274
2025-08-22,0.03806750491502505,0.12885352461119906,0.09721297855467882,0.09813392229107973,0.01580655055628381,0.025874831331797955,0.021515493421838727,0.02346317679770279,0.09139705470582829,0.012478130026320844,0.07139235907714209,0.03756894031135613,0.010964252889723799,0.05229029192834189,0.07696674652897334,0.07940066140386655,0.03344005662499655,0.0080523588233337,0.045099004094053756,0.032022161106457205
2025-08-25,0.03685655116008262,0.12813702235651284,0.09712981232410717,0.09781867563406428,0.01591237112335645,0.02629738406207004,0.021573465893890177,0.023659717320426422,0.09119459057357358,0.013192617610260865,0.07222811303947481,0.037586198863007014,0.011288773869093693,0.05174714258893394,0.0765696699447039,0.07818949128030799,0.03344078387250944,0.008092260047911326,0.046275181531054276,0.03281017690465932
2025-08-26,0.03741419800684607,0.1280381110907424,0.09634001247434164,0.09803863039549583,0.015898983475115973,0.026807403231165487,0.02161963825435882,0.02434657586233987,0.09023458773142298,0.013821650434520834,0.07218236581067634,0.03708424691795268,0.011288374892302262,0.051955007982354674,0.07720323785662557,0.0774702467719173,0.033331969222426816,0.00810712162253366,0.046137200890208105,0.03268043707665273
2025-08-27,0.03729371415797595,0.12621551381268145,0.09596294156644439,0.09815410329766353,0.015999182644344797,0.027104458398349,0.021268100632739782,0.02473367472657568,0.09064507158626386,0.013811269042683755,0.0715569788338924,0.03718573942272994,0.011316444185746035,0.05268719757046698,0.07723574298250346,0.07785744803387315,0.03342883107964928,0.00823906755013724,0.04641251639159032,0.032892004083688975
2025-08-28,0.038359580758542684,0.1257349704649465,0.09499404444241662,0.09832778587482369,0.016445724348339606,0.02777957047003242,0.021746284724146494,0.025864740688546647,0.08957762791728335,0.014376953066516561,0.07142480531420262,0.036924752870241564,0.011879285365827004,0.050732107399579035,0.07773885814784359,0.07853351905211724,0.031975285487275684,0.00842127517474234,0.04659969789173321,0.032563130540843165
2025-08-29,0.03877052613702944,0.13217161915289038,0.09692788834489245,0.09936608533992435,0.016556011352511744,0.026703356846433702,0.0216886641570476,0.025340584051341184,0.08538622546731818,0.014032450113211454,0.07288393578989141,0.037812724692760064,0.012211718689283672,0.05171531122699886,0.06632353528250422,0.08038222189469597,0.03170770406301873,0.009115833043909137,0.047441097676865385,0.033462506677471957
2025-09-02,0.03699732118229697,0.13137029475699696,0.09709466836099849,0.09954600223514957,0.016458126798606604,0.027432917604633452,0.02100605376033099,0.025566379547068255,0.08450272621318466,0.014225194053912265,0.07433487991403256,0.037970840232620144,0.012166342795529334,0.05103332963467928,0.06805825083109074,0.07991142197598607,0.03109305331602276,0.008864119318613818,0.048296216291485644,0.034071861176761496
2025-09-03,0.03709636530574461,0.13130821878505963,0.09724725734417451,0.09977111311888624,0.016514872084942706,0.02868295043771772,0.020928598337884192,0.025426892988805152,0.08562517007554571,0.014142434558149898,0.07443371345834286,0.03775502151731418,0.012182149148955409,0.05071797256021838,0.06496055188327261,0.07915596238752289,0.030224336513890403,0.009108373860375362,0.049354417152739125,0.03536362848045846
2025-09-04,0.038137340393234964,0.13048518694039654,0.09575175136892888,0.09756696549854393,0.01964117172027407,0.02893356617741394,0.021861816099372784,0.026314642722300018,0.0845383714565567,0.01466702598074768,0.0722803117756368,0.03693382784706617,0.012446125380576958,0.05021709100638527,0.06451755924309305,0.0800070809978068,0.02962749557469257,0.010358056605577846,0.04976777184399156,0.035946841367403365
2025-09-05,0.03789244126701784,0.12897870421236918,0.09165195799310799,0.10434327597605215,0.019170509251810918,0.031012262419415848,0.02185371840560935,0.027028940504602837,0.08140027810126373,0.014631700394408037,0.07210474153049372,0.036714781508355145,0.012810505916914572,0.050045167878257184,0.06230058945928081,0.08270823957099657,0.028764924186551872,0.011110099487861774,0.049741505547204065,0.03573565638842636
2025-09-08,0.04238415391883041,0.1250255514386068,0.09072860367928329,0.10647162046718231,0.019345868359614566,0.03086999096285533,0.021799677451795285,0.02802067283951029,0.07932422240671849,0.014484067164564107,0.07229537297470323,0.03627698719226426,0.012662386267611254,0.04949481654474073,0.06420429170819987,0.08186157755777299,0.028168685477910738,0.011298050495047911,0.04946251352398463,0.03582088956880361
2025-09-09,0.04166944388167757,0.1254025584736505,0.0948747928671707,0.1026051283565337,0.019648947859667507,0.03052426373579816,0.02169611244873808,0.028026058857161078,0.07743701640456854,0.014304559691063472,0.07178269332973569,0.03648134922610181,0.01273203210981634,0.048521058170421696,0.064345889834354,0.08332324090190928,0.029909398334445433,0.01117887372902482,0.04959631818950506,0.0359402635986563
2025-09-10,0.04299182277317147,0.12802673474228393,0.09300301865436457,0.10831543540768067,0.02008682977208357,0.030421671269692786,0.02174507835372859,0.029632977391875325,0.07636634808767989,0.013864431051212414,0.071396806178319,0.03588483324015328,0.013296351710207854,0.04653003155575834,0.062097991489906794,0.08294268730603559,0.029406178681528866,0.01126959594710464,0.048015975270335576,0.03470520111687693
2025-09-11,0.04313797396859251,0.12893125497987626,0.09255264968408444,0.10453137383023739,0.020315643353025815,0.029383295766422603,0.02159054552844338,0.028553815120276365,0.07627171805363607,0.013411873879226531,0.07141293139733947,0.03621550667871704,0.01318973032382832,0.04540759084312507,0.06115476238122634,0.08851535353464302,0.029204028118639404,0.012761634953898711,0.04860550544545628,0.034852812159304865
2025-09-12,0.04276277735480155,0.11821143167056676,0.09260368401877934,0.10534536758525977,0.020265285110268687,0.029027599264394396,0.02162357660733904,0.029220773325161913,0.07659914414027984,0.013339004453076335,0.07334302724347652,0.036285860004082744,0.013126307616409852,0.04548504068911292,0.06222790967396617,0.09301888854385351,0.030082246969861955,0.013110964265591583,0.048682995910106226,0.03563811555361088
2025-09-15,0.04227273276473421,0.12095775682709187,0.09117765095542925,0.10451419687988943,0.020579196033806334,0.029286563740460878,0.02187775894625237,0.02900288130663334,0.07616617453032364,0.01308545646077421,0.07281718181567357,0.03571137689984162,0.013319313358775642,0.04529301062095541,0.06113425298019341,0.09154458880109284,0.029748878538466715,0.013452223988157413,0.051416185405896854,0.03664261914555119
2025-09-16,0.043603893162115895,0.11813121327783567,0.090911811027795,0.10323520524860089,0.020792000147979977,0.029931775394420844,0.021483618877279606,0.029048210948057217,0.07664432284533894,0.01294265017656723,0.07342743654590009,0.035092477304423005,0.013480072457132945,0.045602576309347734,0.06234952156965542,0.09203070384469317,0.029407545596668604,0.01365861924115057,0.05137702112513496,0.03684932489990224
2025-09-17,0.045494474455774446,0.11860443876427128,0.09041767238059704,0.09920026863371423,0.02063791445534058,0.029135927861564093,0.021252369126586505,0.029049693145865037,0.0780931847907384,0.013059347905735768,0.07166979681770841,0.03556632475946196,0.01286724403093291,0.04667100798751558,0.06424625938565531,0.0926720711434893,0.02941557992583315,0.01401420035236032,0.05186283545032027,0.036069388626535547
2025-09-18,0.04466603851705863,0.1183785677369938,0.09058371658993954,0.09615151314243205,0.02027570503944593,0.028788840212849297,0.021593845545422763,0.0295769097304939,0.07702921784319229,0.013380547702267546,0.0721305581799044,0.03522461983708265,0.013141241118854953,0.04747446056393648,0.06526619244144283,0.09508308051448101,0.029221514937644823,0.014325656542894404,0.05120036764717264,0.03650740615649005
2025-09-19,0.04192002521655846,0.1,0.1,0.10000000000058429,0.019803825153715482,0.029627272224008357,0.021477421361067967,0.032197317654427265,0.08610015772282227,0.013699539405935646,0.07058401314234719,0.034920895023937,0.01351423745519273,0.04383935168961866,0.0643971245625348,0.1,0.03102172675867404,0.013589662270108768,0.04742076360928133,0.035886666749185836
2025-09-22,0.04040705226034905,0.09689743222650962,0.09939762607003139,0.09784767603616638,0.01987282685231505,0.0297366758166816,0.02248223832306983,0.031074585653950926,0.08818810266665793,0.013868723204741225,0.06998204981920575,0.03504405142548927,0.013145625342293476,0.04402937771020117,0.06526400135566239,0.10081154469200249,0.03163987056777428,0.013636797680455377,0.048979898502525814,0.03769384379391698
2025-09-23,0.03927724776124368,0.09626850176950195,0.10098917088693102,0.098086049416998,0.019943525074193686,0.030139866153340536,0.02149810702121196,0.03079832648787689,0.08755545761340872,0.01359211406845999,0.0718011596738134,0.034504633480795466,0.013122057261528085,0.04371157297774465,0.06466539361803987,0.1022226795511966,0.031797210903010506,0.014145193821477862,0.048834424704904664,0.037047307754322405
2025-09-24,0.03565461323853818,0.0969418276001559,0.10089737921124996,0.09996033536653191,0.02014020619088222,0.028626949446222925,0.021303012294769965,0.02882879350065138,0.0875720794531665,0.013329289928865933,0.07206438007535614,0.0347316511579347,0.012430388470430688,0.044361553002786026,0.07060114552113854,0.1010088804287802,0.0318080950939418,0.0134985777755265,0.04873552628473406,0.0375053159583367
2025-09-25,0.03508622386382946,0.09796806861755517,0.1009818895476652,0.0997299116334473,0.020110645750674776,0.029312327379545523,0.02149355185734751,0.028199168354477094,0.08748389711897266,0.013212951941993182,0.07187973390553726,0.034637740405682495,0.013050450653133495,0.043672273229135194,0.07444847009437652,0.09868011357393335,0.032051842288803055,0.012832423278008149,0.04824352853859013,0.036924787967292344
2025-09-26,0.03466396814406832,0.09777926702807747,0.10143412264183066,0.09941374486621517,0.02084675819954301,0.02929909942076651,0.021603592690071782,0.027834537288310795,0.0875167952358578,0.013203922376109525,0.07220139613358616,0.034427850654020604,0.01320045389839535,0.04360851525347743,0.07401207401976378,0.09914801446551505,0.03185298316060928,0.013248644734649973,0.04781553462590753,0.03688872516322375
2025-09-29,0.03432930354230864,0.09698902214953382,0.09865360668654327,0.09607973369312955,0.020860352692913992,0.02914832297880405,0.02150894855679488,0.028058596662821806,0.08835520801839479,0.013144961980621497,0.07201327575530546,0.03412416554448601,0.013165545913404356,0.04292272248727232,0.07234272298648589,0.1018824702229906,0.03176930191598775,0.015265343733416918,0.049656148516302685,0.039730245962481585
2025-09-30,0.03318085738642223,0.09664605843332319,0.09890784289237092,0.0947377071919395,0.02066633193822782,0.028580467073456566,0.021025817297786308,0.027410564967948112,0.09165417839320972,0.012930124811256084,0.07219424777245805,0.03399913956374268,0.012916766157494616,0.043658352589019345,0.07231949346751451,0.10198891451098602,0.03218963433811553,0.014784726397355103,0.05016716377229906,0.040041611045074706
2025-10-01,0.03182861640991409,0.09564624500677772,0.09627826890905314,0.09254617636401927,0.020798937178475092,0.028246266335974334,0.021624920061833662,0.026370793697547266,0.09353822030838585,0.012728719473938978,0.07062892895664817,0.03338514698801456,0.013151805108834956,0.04200479855207083,0.06969425506711452,0.1072495265523542,0.033993827512279806,0.01543490829971839,0.05274995021736424,0.04209968899968086
2025-10-02,0.034245955090967,0.09243502405537567,0.09529029723369267,0.0937335957488106,0.020904640345928743,0.028097910940585374,0.021227745641883265,0.027196974035053067,0.09201425311336717,0.012628281825225598,0.07004002287262791,0.03273573403758214,0.013003312660919222,0.04258428258130766,0.07153104950665357,0.10804734893815844,0.03401837280167872,0.015785944172952808,0.05223273108612799,0.04224652331110225
2025-10-03,0.03305385976288583,0.09376646003168553,0.09492112387723962,0.09445230523548706,0.02086879212192379,0.02636991632553243,0.02153013057874032,0.02634039792560672,0.08844956028861616,0.01260180331769104,0.07142109823375524,0.03288903420209682,0.01263314856593827,0.042304043346456724,0.07207036986138093,0.11125169114056319,0.03389750918794164,0.01646048550505445,0.05217455432160573,0.0425437161697986
2025-10-06,0.035768763657744916,0.09488360351410031,0.0943842622901081,0.09223241882224471,0.020800069925665632,0.026137810345746523,0.021436310529601134,0.026554772763863883,0.09020936137536456,0.01257773747832191,0.07182504305731882,0.0328517437419678,0.012191806872360397,0.04400088093173836,0.07313338590019217,0.11134109621767206,0.0350759972647455,0.015275327308418693,0.04934782156052891,0.039971786442295716
2025-10-07,0.03480076642783924,0.09339681446338342,0.09647493041924075,0.09371768464624888,0.02081883140399691,0.026768874000485682,0.021487100266872606,0.025039427263787002,0.09459337156540001,0.012711931627815825,0.07254719622769487,0.03345564956969816,0.012091951029630456,0.04349956171809896,0.07251735292200095,0.10963402593093212,0.03586504899252285,0.015448078082688341,0.04634699230893368,0.03878441113272925
2025-10-08,0.034383705723236485,0.09655394595427622,0.09302766152898963,0.09192367528152837,0.02094533092351772,0.027384387122209215,0.0210618833124409,0.025933800235500935,0.09845845358741499,0.012561664384060011,0.07081733624678474,0.033421735362957464,0.011977962686454444,0.04308758102094781,0.07362531925289406,0.11080843753129713,0.036454472609928804,0.016091423761919615,0.04407252028091214,0.03740870319272925
2025-10-09,0.03556021289443891,0.09770334767809863,0.09397927328172674,0.09231653219278327,0.02162933832966142,0.028112613804786832,0.022249466827249403,0.026516611131729935,0.09394682796620787,0.012628398292257004,0.07145088454713283,0.03386033042753978,0.011809314258801062,0.043223207557638844,0.07262023207494177,0.10916418661751304,0.036260076890456544,0.01593149720425215,0.043861250121953764,0.03717639790083008
2025-10-10,0.03434618991756807,0.10051552036681596,0.09566187322563006,0.09175134601243014,0.021753924334553736,0.027845292658291533,0.02133223106727789,0.025725607609061105,0.09579512353135589,0.012630096772592183,0.07179168720584045,0.03326866703220102,0.011681368035968413,0.042167234980739994,0.0722345998962608,0.10875935592983313,0.034918440044219214,0.015153524985207327,0.04480286335209781,0.03786505304205532
2025-10-13,0.032067854145794494,0.09272628193529824,0.09392296519121457,0.09718071991447501,0.022186641777736427,0.028729829384418825,0.021305098085521043,0.02679938724232979,0.09412321058024274,0.012855889576383275,0.07133953186568565,0.03255303291168861,0.01209161022072062,0.04419683747195806,0.07296799731690437,0.11141451704778674,0.034855643859881755,0.016813567476240517,0.04424119588973302,0.03762818810598625
2025-10-14,0.026969460599620104,0.09070992777711875,0.09663467443908315,0.09749008215888193,0.023068537850437762,0.028360205544993574,0.021047126531609877,0.02408933658066195,0.09487487845211041,0.013123112409130652,0.07340551369556716,0.034113570781981385,0.012266486707158804,0.045235066907559664,0.07309618791420293,0.11234374322360119,0.03515564844812992,0.016534830592678695,0.04429289514038745,0.037188714245084645
2025-10-15,0.026152778371556443,0.09094398542085336,0.09604683792044529,0.09652937300569972,0.022893920978093864,0.02999445944950219,0.020614568569296145,0.023654512621391077,0.09509856829135505,0.013522598264209264,0.0728901324413546,0.03313525217865189,0.011890322504353262,0.04579751423878006,0.07312098533062389,0.11186465740272344,0.03463885662730091,0.018193083406898965,0.04457527677999078,0.03844231619691999
2025-10-16,0.026163879786795203,0.09142341389122992,0.09608969772256837,0.09604212913562793,0.02288517289722112,0.030669319444763227,0.02135802815058425,0.02427186089480798,0.09227023699185534,0.013798427411307114,0.07201661043215131,0.029467526045530712,0.012237543236860684,0.04605591901601279,0.07165724234429825,0.11651310037422122,0.03413174504428247,0.017945921603776536,0.045346661750601105,0.03965556382550441
2025-10-17,0.025783192121524932,0.0904186651599267,0.0957013052642773,0.09563920093393594,0.02311489485500577,0.030600796827863732,0.021657758752204406,0.02578559592746661,0.09221110568434276,0.013845000574905486,0.0707773736225143,0.030310700328088365,0.012465091424281692,0.04543412017206197,0.0720675687748165,0.11748121039048261,0.03336835659989241,0.017611504569202182,0.04562716285603847,0.04009939516116793
2025-10-20,0.025071300502552657,0.09207641008675937,0.09671356855398061,0.09504842584594593,0.023299952812967668,0.03010510156139636,0.02222487706843605,0.02705149067454809,0.090623114452959,0.013699122169148405,0.07111272551945741,0.03000837646158125,0.012112705463149374,0.046446951424755537,0.06992713229228503,0.11942137202897136,0.035005427614437375,0.018503337181631323,0.043144881728938975,0.03840372655609811
2025-10-21,0.02548336844349916,0.09247789282349382,0.09503756979071797,0.09407281171977157,0.023006470393639754,0.029386455054829487,0.022517684364142063,0.02594588103874226,0.09236323819077563,0.014042977747383872,0.07234765479495951,0.030816487884737776,0.012368140459583347,0.04688509016631026,0.06925790712620797,0.11777364220925067,0.0351446081265256,0.018823619738353274,0.04354479240566967,0.03870370752140639
2025-10-22,0.025311924255296277,0.09392001979193637,0.09948616038697626,0.09439796433945476,0.02254648910788471,0.03035468201422834,0.021724888321623476,0.024920048224957393,0.09373922806506149,0.013684204382347133,0.07141571612092379,0.03089129767538749,0.012113787613020979,0.045823769953020115,0.06732594697328091,0.11675755165395113,0.03400889751619133,0.01870111329025628,0.04409828297593198,0.03877802733826974
2025-10-23,0.025816825594478066,0.09441893762575615,0.10078298919310152,0.09216437184076634,0.02281052940725838,0.03062031667134264,0.022086144742095876,0.026412737034365853,0.09296870463828644,0.013694336803738936,0.0703279937648916,0.029948800482975158,0.012477963621869884,0.04737117391524482,0.06633436497565813,0.11737108387891268,0.029967842626567192,0.020528520068312652,0.044825723720462785,0.03907063939391498
2025-10-24,0.025360587558699417,0.09267882352462851,0.09712447784439822,0.0923872840724979,0.02309086454621317,0.031282541375813266,0.022928961409742134,0.026598216995793546,0.09322943409223639,0.013550425103251653,0.06986466371940092,0.029570624053744148,0.012932251496490276,0.0463150822252144,0.06571653603033345,0.12121283708502857,0.02945649562135127,0.022294146444711213,0.04518305019703166,0.03922269660341978
2025-10-27,0.02572524569162624,0.09276114478461904,0.0968491375930222,0.0927616984745587,0.023095715377917204,0.03125700249546602,0.023482260092394496,0.02600515289470275,0.09359379845544034,0.013391851682541436,0.07008951691829493,0.029858784027749354,0.013731273833596833,0.04681382576496867,0.068050263147538,0.1196254546977909,0.030876979317730587,0.020736168547923785,0.043619306464351595,0.03767541973776696
2025-10-28,0.025267716106057044,0.09220599072050159,0.09731302361916531,0.09501707355357047,0.023027510354300427,0.033601723009657476,0.02321445124770576,0.027084970552679045,0.09457372218908128,0.013749536070948995,0.06742665622562075,0.02981239559714105,0.013969358703995516,0.045762605539334235,0.06744640501287476,0.1199025396394005,0.031170401639907107,0.02051913666744093,0.04199662938466639,0.03693815416595132
2025-10-29,0.025145080030120403,0.09186124597154867,0.09545094112243428,0.09479827667614553,0.022953724107628377,0.03352916276917086,0.02305241200959409,0.02759886179713263,0.09045911327927751,0.013451074559691422,0.06791458893512224,0.028785429860724306,0.01454586882051605,0.044380427336585745,0.0662861014109404,0.11803659403909902,0.030225440509338224,0.02302375214758243,0.04821331340679948,0.04028859121054835
2025-10-30,0.024899665344182132,0.09118845891064649,0.09644514617816267,0.09385056004201422,0.02328558015896734,0.03425658085633234,0.022472523061362683,0.02720797317801232,0.09040367885134445,0.01347726154386485,0.0689070010825479,0.029331379121827938,0.013775007233087423,0.044767414437418995,0.06607391647168465,0.11846229007206817,0.029359577984245454,0.022387104949725182,0.04945687917149118,0.03999200135101368
2025-10-31,0.027240332368015627,0.0900870396579584,0.095951443351167,0.09147422576448919,0.02321980810288132,0.0344643886353838,0.022181199159106723,0.03044003614670762,0.09036085951379756,0.013469722266909465,0.06753092147719995,0.02914651803977786,0.013788973752332472,0.04107523324880892,0.06943918046889534,0.11746015234573955,0.03005851209563791,0.022637490507629605,0.04680490036997866,0.043169062727583196
2025-11-03,0.027869234726249296,0.08958525430238039,0.09705214048362734,0.08929176897038567,0.023059897758910035,0.03474182945328687,0.02208729048418114,0.029176874417357255,0.08879009856544065,0.013460840642640927,0.06596931794834318,0.029118489989381144,0.013582761124843306,0.040813209339485984,0.0666396163668586,0.12258939611427933,0.02920367903843428,0.02340517050451795,0.04837069174478629,0.045192438024610315
2025-11-04,0.027305016765171945,0.09108588202411899,0.09776293174897854,0.09050122893141832,0.023189088064783685,0.034869882740981205,0.02247230524480495,0.027667217259986374,0.08950269971020514,0.014572279394231271,0.06701531667564435,0.029213902599076837,0.013374171948250819,0.04067770087737715,0.06740216651582714,0.11888736870303573,0.028532731123425352,0.022961353296115025,0.047583102961281376,0.045423653415285786
2025-11-05,0.026805786578397644,0.08098975502884692,0.09648476579925142,0.08963931715607003,0.02415882347081809,0.03561954189455614,0.0228441867657845,0.028336029954776618,0.08572116125380767,0.014996921748371425,0.06657688150522466,0.028544194411576063,0.016057833076673893,0.04126097925271372,0.06946634395273442,0.12576468805456714,0.024530122937979806,0.0248118333280782,0.05096136925361951,0.046429464576152185
2025-11-06,0.024186624823833446,0.0779655432663488,0.09685596956954103,0.08965565862446843,0.025082561202039742,0.03476362518796778,0.027299526867171464,0.02686745831833989,0.08465417040233392,0.014346769663519618,0.06784774002708382,0.028479256093766076,0.01665676792193365,0.03989123100561544,0.07040667783264579,0.12747164264048627,0.023767847126228942,0.02401438620764668,0.05190332195341788,0.04788322126561142
2025-11-07,0.024709365651099255,0.0787722644043006,0.09807283120316876,0.08855608160650448,0.02494001968770788,0.032992165592094565,0.026595826239620105,0.027129627125519733,0.08369905113976314,0.014038745196487354,0.06629775923500802,0.028653442022921506,0.016813461174536398,0.0401383222495607,0.06899039983441702,0.12787656064628197,0.023563748735621916,0.027849940143205073,0.0523469497055455,0.047963438406636014
2025-11-10,0.02500731513446087,0.07736516956407825,0.09772701578272606,0.08748249949180438,0.02515503476005699,0.03398332701146785,0.02764187237050102,0.027219772978936508,0.07841099908913497,0.014074093120775255,0.06618294629467766,0.028110699465189626,0.017544148527805788,0.03936097701616624,0.06816560544047516,0.13114500620306882,0.02292701908336956,0.03003215141259924,0.05308409097074093,0.04938025628196469
2025-11-11,0.024743610775030758,0.07804673077206283,0.10009134110689019,0.08822744628214761,0.02566374087179663,0.03361577429281977,0.026915495094058817,0.026045394222880262,0.07835678494318521,0.013884787044933195,0.06749018634875263,0.027678350157936883,0.017490680536463698,0.03954151631696584,0.0670733153879993,0.12826401473640386,0.022748704432257117,0.031234039111636535,0.05339676357729911,0.049491323988479635
2025-11-12,0.023257199514615027,0.07790166915867204,0.09872486863677493,0.08883862531842582,0.025879116067861,0.03379985007642506,0.026611990472553484,0.02628663373363386,0.07923798940008893,0.01379133769888772,0.06815535846620141,0.02831050382946619,0.01752946225454711,0.03959027486965466,0.0669066487149199,0.12995161188805143,0.022158496579305784,0.032486206001934186,0.05238190982353926,0.04820024749444222
2025-11-13,0.022588347145448343,0.07980113681956551,0.09978410764386259,0.09021490773333873,0.025444948280524553,0.03135638314748256,0.025197486085457035,0.024869971710501815,0.08001029293644973,0.013157110437131856,0.06688438057209858,0.029336468055548025,0.016612483763833886,0.04051177655757961,0.0695336385216565,0.13335241982563523,0.021771061449501434,0.029647269737292422,0.051517870474044804,0.04840793910304673
2025-11-14,0.022381899210702362,0.0797267178822103,0.0978797945446677,0.09013941498638793,0.024902648985122323,0.03298701864312668,0.024900384031074356,0.025096032172431,0.0792313807029562,0.013400517506687838,0.0661066882233969,0.02895079223640141,0.016861168837809668,0.03996475471532389,0.06812710913296971,0.1377683280732941,0.022417214668691787,0.030695039263294557,0.05024658339116698,0.04821651279228428
2025-11-17,0.022307868073850386,0.07861040517539984,0.0985098328377328,0.09170854402733412,0.025342921772967587,0.03341122847351489,0.025278000609074938,0.02554959575240009,0.07379888481700121,0.013740752121864182,0.06643251106123922,0.027411682341131692,0.017912253039353846,0.03960761879395837,0.06693391079589424,0.13727977272680467,0.021334499914684467,0.03263106879869238,0.05173471903426385,0.05046392983283725
2025-11-18,0.02260528594009446,0.0783659671791404,0.10132613136263953,0.09360965704051288,0.025368176153086914,0.0333059010585413,0.025808797154850155,0.025143020792614625,0.07596500525263147,0.013882203713197002,0.06741122864279256,0.0277232069091229,0.018792935961138235,0.03893697376682549,0.06477297129002714,0.13323660692944586,0.02243051703428806,0.030910196469615406,0.05159371900089844,0.048811498348537215
2025-11-19,0.022692560610693073,0.07804031531968639,0.10299436653657973,0.09600347958431317,0.025273495380459494,0.03423786404805133,0.02633609261471743,0.02518842717837037,0.07282071746860533,0.013927148736856932,0.06775524160638807,0.026932295395945206,0.020148341601619442,0.03957352905854753,0.0659604040555113,0.12981776226717767,0.02136094246440772,0.030581666224127262,0.05193131646334696,0.048424033384595416
2025-11-20,0.02364695770774971,0.07972752613653343,0.10470793356509484,0.1001630655291519,0.025166614463582208,0.032894537665027104,0.026574540135706086,0.025445353454880887,0.07630886439335456,0.013806396823880277,0.06899251371372633,0.027894428633989735,0.018612592081071196,0.04088034317134694,0.06629982792023764,0.12332152964358689,0.021315621694478093,0.02593638529258648,0.051301686136565716,0.04700328183744992
2025-11-21,0.02381922140152897,0.07743629249784105,0.10456226538451266,0.0971024514873262,0.025138347042673852,0.03230957270710265,0.027058584491564078,0.024989642413601944,0.07880799122247915,0.013762425125062077,0.06948795651849088,0.028269472098379784,0.020177181978352443,0.04113754256090703,0.06621204555180056,0.12563799633632491,0.021496440465097768,0.026250018416725317,0.050196095556154376,0.046148456744074196
2025-11-24,0.023220971938190737,0.0751385865879773,0.10226757114413411,0.10076074584061424,0.025653916706820854,0.03473586647540797,0.027468668344264088,0.026356637690026566,0.07632439882514315,0.013686367017948535,0.06737472331137738,0.027095019587284917,0.02205787742790382,0.03930575620664878,0.06684639828573642,0.12655383725364783,0.020761513781380636,0.0277645810322809,0.04992852070565206,0.046698041837559545
2025-11-25,0.02259268843715847,0.07648626659821782,0.10155748330879417,0.10203214970027047,0.025651171854884015,0.03505689208296192,0.026756617099976968,0.026771286690787523,0.07510846212739142,0.014042778636221378,0.06725845355600557,0.027293670414047715,0.02132468401412696,0.03974398316872073,0.06614650020862246,0.12613949987533374,0.020118363768196364,0.02679362763870666,0.051318617805757326,0.04780680301381832
2025-11-26,0.023442597967187177,0.0759570946409707,0.09949594177779854,0.10247503931244517,0.025502049595311004,0.03462711283640153,0.02697221702883564,0.02771939707638367,0.07732186265706473,0.014283674200669033,0.06598123579096285,0.026752628292047984,0.021975582161265227,0.0394184247920564,0.06773891828910965,0.1259605955592547,0.01977281335362937,0.0254525081445997,0.05193632058830331,0.04721398593570354
2025-11-28,0.023432269432686066,0.07600708061955119,0.0988431588646439,0.10162815754759158,0.025404388828413227,0.03508225485047665,0.028113945727574866,0.029347795056329107,0.07562470809063074,0.014263956272079164,0.06500269131246647,0.02659962437416782,0.02266010091058388,0.03872279977597223,0.06750468783013028,0.12653549666561945,0.01995332220757494,0.02586084827654099,0.05158933316274971,0.04782338019421783
2025-12-01,0.024855108577639215,0.07544202730381382,0.09879793646721667,0.09846005565621294,0.025337972081827146,0.03280552916087696,0.028354033266158967,0.028776882697943738,0.07588687561544473,0.014154354562682464,0.06479428800807037,0.02703698303734401,0.022412232936047667,0.03914541025266953,0.06959801470166672,0.13019934903441008,0.019919304781350317,0.02460097840698611,0.050966379578144524,0.04845628387349411
2025-12-02,0.02151343347339457,0.07500805559524333,0.10056134379089013,0.09743953679183626,0.02555827013884041,0.03137169933411036,0.02859547098200016,0.03154797597556056,0.07820285427262048,0.01391405529159863,0.06545855023128146,0.026999574320899097,0.021381483936630606,0.04017320754686556,0.07103326515350261,0.1297184595809445,0.019639340979601974,0.024055465897730183,0.050398718856923735,0.04742923784952542
2025-12-03,0.02298428261853699,0.07546963223721148,0.09865048453426227,0.09737418000050396,0.024445830430657567,0.03186865175200496,0.029690267668446353,0.031727532672402095,0.07694711219010511,0.014128392193229084,0.06544444581539786,0.027471533143585285,0.02142006760505882,0.04045070501269517,0.07676115648882212,0.12706105750479355,0.020127281242899506,0.022840423918241155,0.04891789398895163,0.046219068982194834
2025-12-04,0.022776291906383382,0.07515054849292888,0.09826508956894155,0.09648736142603394,0.024463998668829187,0.03301643162965255,0.0304947409662522,0.03004275456248467,0.07926103174567506,0.014741509287785151,0.06625789483359583,0.027924189170618192,0.022939082070244768,0.039826821753785636,0.07444816898950846,0.12174956060451605,0.02027213542847641,0.024795351212801804,0.049734931090862834,0.0473521065906235
2025-12-05,0.023591312213597164,0.07376319314866553,0.09634293889840685,0.09693525062458476,0.024741534768645098,0.03260508716142765,0.03068320110836004,0.028660428720213203,0.07772723612397096,0.014651790812875185,0.06538848699594038,0.02794115333291732,0.022757006969903862,0.03953887450420107,0.07353302244575718,0.12496942187578206,0.02014835276198168,0.026052450210587642,0.05124218126388587,0.048727076058296515
2025-12-08,0.025334353846052964,0.07286210335252566,0.09522458146527607,0.09802374191584634,0.025705335739975542,0.033682259568287305,0.030854741243902924,0.028668193719352208,0.0772438015090916,0.014806966857715825,0.06607149230166176,0.028114259450390713,0.02315165500198639,0.03963324355096115,0.0673162662512322,0.12802998724854253,0.02021002347145133,0.025288112329238856,0.051588206827894084,0.04819067434861449
2025-12-09,0.024047394913905482,0.07325085489552194,0.09409799667822384,0.09918647942081951,0.025831708753276245,0.033736998858362184,0.0319942746613869,0.02722531931676134,0.07596850399812721,0.0150146531897931,0.06810847781003077,0.029123526360130804,0.024313866204890296,0.03882625250121947,0.06492453661060017,0.1307230527481815,0.019991309017099678,0.02457470088185506,0.051024300852886124,0.04803579232692842
2025-12-10,0.023071772925156296,0.0727627157513734,0.09184510044302138,0.09829950567894777,0.026053890767021717,0.033558160911408494,0.03195193125332528,0.024645927241840105,0.07538878076735085,0.015184396932950095,0.06870430204094753,0.029012717677712244,0.02408022778613446,0.038512804018091165,0.06590778763710385,0.1332037457789516,0.019437437445339198,0.0254480344408478,0.052641461981487246,0.05028929852098961
2025-12-11,0.02432681788492899,0.07370660594542003,0.09191959637672908,0.09666686742038609,0.028424026841414183,0.03373425597993472,0.03202086365995912,0.024043464763615446,0.07412512216773473,0.01548116273471745,0.06978869043332545,0.02811181672646608,0.02442648955209831,0.03849986641540854,0.06358651631941484,0.13021645064412424,0.018887449207660695,0.026334747455220454,0.054074635229336476,0.05162455424210507
2025-12-12,0.022634592192380024,0.0743026099829979,0.0927616686299041,0.09287737305590817,0.027842788719828624,0.031961427479200985,0.03125049709403353,0.024348223337816652,0.07547812218596842,0.014973041511187887,0.06975868778301739,0.029647827702488493,0.023112901637017118,0.04034612242130501,0.06521692730634183,0.13191377640229718,0.019497520765287813,0.024400852927439327,0.054855074033413595,0.052819964832165896
2025-12-15,0.02204837531525133,0.07568146430570138,0.09413803005107442,0.08852095752652712,0.027792346309223396,0.0318896837406183,0.03154443620782718,0.024237406591152515,0.0765263221392568,0.015083327620031443,0.07023467023690394,0.030212297125551717,0.024080939673220704,0.04086868595016211,0.06572429865277492,0.13120293019786053,0.019102858706393198,0.024123007714006557,0.054981582984887714,0.052006378951574665
2025-12-16,0.02235985166679171,0.07619394966171747,0.09401632346440791,0.08925080687851536,0.027130484664947288,0.03049216594684682,0.031123454112456282,0.024078930008570424,0.07882437806883828,0.014559642557736728,0.06914474491981819,0.030679379032023765,0.022853766083773694,0.04110841686699765,0.06587866588639991,0.12896185565853138,0.019366898087961402,0.025138415947018936,0.05576403023946068,0.05307384024718599
2025-12-17,0.022338837207492433,0.07629665968908252,0.09504107875320689,0.08807304004427062,0.0271848041071966,0.03011227272710824,0.03127164326512076,0.02374199751267848,0.07777491763527242,0.014206512482822646,0.07064333257934785,0.03129056856361923,0.02387784722850544,0.040708243334969314,0.06609954310712506,0.1292687068378091,0.01885016931298599,0.025630333923289842,0.05544427740913177,0.05214521427896486
2025-12-18,0.022537628327440815,0.07537710337811296,0.09447523837449569,0.08640229452059565,0.027260585191412744,0.028672320128227822,0.03124278694109847,0.02381202661110084,0.07252753797960693,0.014641950184181804,0.06969889156120689,0.030227028349406312,0.024406270977147638,0.040236311450086826,0.06621344250326584,0.13811015675951943,0.01799279767519198,0.02636831753600501,0.056562147153507436,0.053235164398389
2025-12-19,0.022288424306347452,0.09999999999999998,0.09999999999999998,0.10000000000053895,0.027025799465728716,0.030800618328142064,0.03048302294780398,0.023459493414849264,0.07335278462798575,0.0147279156209379,0.06633273973108096,0.027568145557900756,0.02203610208697792,0.04063903253354299,0.06621534790616868,0.09999999999999998,0.018273455514024123,0.026668279562922788,0.05702535553141211,0.053103482863635566
2025-12-22,0.02322498822474079,0.0989306028327205,0.09908209765344289,0.09953675111946075,0.027551238266993683,0.03210258442614869,0.031074022303031985,0.02328781906513968,0.07287497858583913,0.014871338621466211,0.06628291506326286,0.02769315590153514,0.0229515730182493,0.04061425061904177,0.06627947087752885,0.10324532752955326,0.01809050079521281,0.026847219233620077,0.054035050094737525,0.051424115768274
2025-12-23,0.022543276771322583,0.09865633430695807,0.0998023672603629,0.10106416213593405,0.02775785448589196,0.03151942948810077,0.03097472898531397,0.022755198830726235,0.07292916358416122,0.01484418186944071,0.06650648237187223,0.02737788847829602,0.02263931607380339,0.040274152612863504,0.06807085954499431,0.10235157488209362,0.01779027142014679,0.027086063441177952,0.05359909693791209,0.051457596518627566
2025-12-24,0.022540659237817808,0.09764510021289922,0.09970585801325478,0.10059328534240812,0.027543488071370855,0.031863966477450364,0.030696981545398856,0.022943134818452955,0.07288253033463597,0.014616298104559639,0.06626339469623527,0.027030084060261764,0.022993058539351865,0.040377983606935335,0.0666374870882074,0.10545387143428711,0.017545186497415582,0.027454147891634903,0.05370575951203544,0.0515077245153869
2025-12-26,0.02219095500832967,0.09841074956668569,0.09941706710126125,0.10131535266513862,0.027781086412550466,0.03133537283478927,0.030756881904820302,0.022182968179658112,0.07338794752639109,0.014512486612298231,0.06624299111315819,0.027102757503685557,0.02270488386356389,0.040151026155817074,0.06659065031266792,0.10485536773328097,0.017603594527679525,0.027467207237118024,0.05390683043260605,0.05208382330850016
2025-12-29,0.022643265053070388,0.10039988906110135,0.09933031810116089,0.10078281407346674,0.027512145037044078,0.03138993831230663,0.030417016098348567,0.02221557921089919,0.07257567228100155,0.01434209944955636,0.06596152530911323,0.027008402501970723,0.021699556733788445,0.039601669186818504,0.06635321203938051,0.10869983332242737,0.017340213418516538,0.026901605155420165,0.053138522558377074,0.051686723096231714
2025-12-30,0.022843883905796995,0.09966744340041624,0.0993358241194887,0.10141634018955735,0.027582883315693443,0.03113056321952349,0.030221374458457864,0.02236944759880997,0.07321014469256414,0.0141068723824528,0.06623610196783992,0.026869158417036923,0.021721810544870823,0.03950500241052943,0.06741399544168854,0.10857282365253608,0.0171693991052309,0.02659563748460488,0.05313896156674955,0.05089233212615205
2025-12-31,0.022582834317711718,0.10005743565823604,0.10001116086690871,0.10185318010233754,0.02746034930714346,0.031218102211823386,0.03027142110064639,0.02252617659535622,0.0731315628812729,0.014119226589513222,0.06624438819116214,0.02719282968501365,0.021901043317559522,0.03939371034442955,0.06704406245085828,0.10751687102659334,0.01719220315676583,0.026672597206237682,0.053046737215552836,0.050564107774877694
2026-01-02,0.02333225774308017,0.09763598962004637,0.0989765666639138,0.09786586423038464,0.027662721208645005,0.03054888898753018,0.030541071616039552,0.021464134765594823,0.07107101275316605,0.014235524167003171,0.06564982725725899,0.026172316456042663,0.021959184729837725,0.03889405891079576,0.06748250523392502,0.11370219312439052,0.017424883331992106,0.029615980309275976,0.05303262700477201,0.05273239188630553
2026-01-05,0.02193354803126992,0.10131476516093264,0.10010358434758032,0.09768736636359902,0.026249479771453036,0.02992859370774857,0.029592633069052802,0.021236156640978582,0.06967190369690456,0.013732844801409867,0.06485322194995152,0.0264068183036638,0.02051278800824898,0.0400550751779208,0.06882962054947417,0.11367689036335735,0.017091516006409027,0.029800366939023996,0.05398586822572936,0.053336958885291684
2026-01-06,0.02030162624866357,0.09403936137689319,0.09720201875354027,0.09391733544565573,0.02776453956910502,0.02990127306279739,0.029612678774302827,0.019340593444211785,0.06686684935437098,0.013811840261910204,0.06271901646740709,0.02500768675368035,0.021924137389012704,0.040579461266990156,0.06463308811538793,0.1201890792282505,0.01667333666301985,0.03649980964408528,0.05917534177697533,0.059840926403739954
2026-01-07,0.021383602341805648,0.09430321622503157,0.09761462040553362,0.09598617701948568,0.02890183805629761,0.030662453012305,0.029854845559878992,0.02096777270056037,0.06625496363010551,0.013868609186336813,0.06319832403021741,0.024110439895767662,0.022159436510783788,0.03953921428148646,0.06341433567406231,0.12116186049456774,0.016756642965796667,0.03776506686275847,0.05638964426952527,0.05570693687769345
2026-01-08,0.02106688791554225,0.0935010964981891,0.09978706688982301,0.09681155704379384,0.026176211205481935,0.030139690199509156,0.028136805960674673,0.021947188141280338,0.06813048042501381,0.013597131520185313,0.06388822798474458,0.02466101014331879,0.020497019816158646,0.041215811541261436,0.06514298636719991,0.12189777951975164,0.01737990369327807,0.03719619221162148,0.054248058434387195,0.05457889448878483
2026-01-09,0.02117808923221934,0.09003397238650587,0.09953413991538511,0.09738855492763482,0.026026372534206792,0.030609001039053306,0.02804621600329151,0.022591036917784222,0.06723286665362728,0.013303065356025807,0.061841021802502644,0.02406109008748154,0.020036219855002393,0.0399298494996475,0.06300389211686559,0.12470241365158194,0.01700335723959818,0.04071370307853011,0.05623751855870816,0.05652761914434779
2026-01-12,0.022026942468323988,0.08860832634235848,0.10095483561175224,0.097416594425207,0.02587704153835082,0.031207734598926225,0.028574644826493086,0.022963976981968757,0.06581306771777669,0.013500588488214947,0.062493264706036014,0.023506300099394563,0.01898399621880019,0.03947938128268018,0.061504601929979384,0.12248698577797437,0.016645779568951604,0.0411261303554944,0.058264242506299586,0.05856556455501749
2026-01-13,0.022750105814117978,0.09206233795182713,0.10224245689558148,0.09675544565817869,0.02685258826259326,0.03216692919845886,0.02892556616355336,0.02342756743775985,0.06448006249698646,0.014069449591210807,0.06307645734942323,0.02338678572207447,0.019913320554571873,0.039573301212689704,0.06079713160044465,0.11813846641717841,0.015595524386235685,0.040647277506981286,0.05688519838545719,0.058254027394675806
2026-01-14,0.022146723530431647,0.09049823846491961,0.10294291363468203,0.09472418108448984,0.0265490869924182,0.031001153808720355,0.028631869493326894,0.023280496384622373,0.06535261971605086,0.01404165468634761,0.06466919032094064,0.023689044193118826,0.018650470973396054,0.04043640053244469,0.060688485963450715,0.11884717351687116,0.01574762437238135,0.04129783087847333,0.05702968598157479,0.05977515547133888
2026-01-15,0.021931906435143415,0.09223236379184523,0.10559709001961708,0.09338495050997954,0.026491502244702758,0.030595208319773592,0.029746767337824297,0.02160380618646451,0.0643348933716124,0.014269899440777802,0.06542917292358645,0.022983451444918198,0.018861817027715378,0.04056506328398921,0.058682733800157046,0.11732559476796553,0.01600232604009291,0.042551990918678576,0.05709548422943492,0.0603139779057211
2026-01-16,0.022516367370872765,0.09037852549166969,0.10413647631403053,0.09433317096637656,0.02606015270621186,0.030169137463773747,0.028596468028668786,0.02154965646014561,0.06383499163794111,0.013975744069033545,0.06497475622994348,0.022094546780560467,0.017552147985068614,0.040894286771480735,0.057872514316671404,0.12457191943921575,0.017501148711292547,0.04237262827825562,0.05733587809346911,0.059279482885317925
2026-01-20,0.022957417437661522,0.0895545316498675,0.10368721105906276,0.0900752569992514,0.026068728557319676,0.03017429506467158,0.0292392036045669,0.02208364785584464,0.059398745180110374,0.013756599055509288,0.0644246196878802,0.02122743449764102,0.019511941717674515,0.04130735635203575,0.05792212526474524,0.12669038070143274,0.01698731473229448,0.046874855109526076,0.05779971857740275,0.06025861689550179
2026-01-21,0.02143516503913628,0.0871567944992347,0.10258961255650138,0.08676208697895103,0.024420530302138126,0.02934573495793607,0.0296786145238,0.01954529585780694,0.059003236786808626,0.013587975376366374,0.06342951071847698,0.021338563869587636,0.019311337368734926,0.04186150030367175,0.05840479396151541,0.1314080911274219,0.01700263739651854,0.050525812331543504,0.05950522893318281,0.06368747711066694
2026-01-22,0.0212626573782178,0.0939085410229059,0.10025582693174971,0.08509113491412558,0.023980834462618023,0.02729387488712004,0.029565377437698367,0.018790972304355863,0.06047302616679156,0.01297337143276045,0.06334095115022055,0.021463350599152574,0.018719609184112862,0.04155245334732181,0.058271427755946015,0.13305979204942944,0.016958213299998418,0.05024209701159526,0.05936126915221515,0.06343521951166468
2026-01-23,0.02076987924874664,0.0938302920833212,0.10073285557769647,0.08488646693186036,0.024275307825030002,0.02886148614256179,0.029138616682666783,0.01879840396000798,0.060441551383281736,0.01307647093332639,0.06360197720760546,0.021459831848307617,0.018172579751696498,0.04164834533504965,0.057071208381844124,0.1357066958635902,0.01679428411726291,0.048019168986336846,0.06015255126460554,0.06256202647520186
2026-01-26,0.019749086226667642,0.09787624859606883,0.10273216476595227,0.08526677681546563,0.024322944734378384,0.02904625343370851,0.029004041678317796,0.017875533438978897,0.060082012420828695,0.013130406741666703,0.06407880059802877,0.0215481835176325,0.01761525412737853,0.041370450644494634,0.05756498253653059,0.13072149715610032,0.01614173111590593,0.04717828943225628,0.06160160569151186,0.0630937363281274
2026-01-27,0.01979516048688046,0.0954798675012705,0.10483926223920814,0.08344881853534912,0.024776359977708697,0.029959741832985387,0.029949171443598845,0.017302828679397596,0.05674061445554032,0.013182422457493816,0.07074878052648562,0.02084382842865355,0.01876995449609798,0.04055073055303091,0.0557743792830334,0.1316910708546839,0.015627404516213122,0.04611327049761312,0.06115144456246472,0.06325488867229073
2026-01-28,0.018971481916161572,0.09538505774751449,0.08986103493776178,0.08155880413427398,0.025160094485912693,0.03030325940402007,0.030196594905641555,0.016889811283702306,0.056687572536197633,0.012932089968512157,0.06560160483600536,0.020424725580965263,0.01906237586817405,0.04195214341855082,0.05483790188832514,0.13630816168187854,0.015249085586167806,0.049328491433890675,0.07098378847037216,0.06830591991597189
2026-01-29,0.018231223283529448,0.09461769068168573,0.09272566155206736,0.08135344237039056,0.02484791650080344,0.026473439360305624,0.02959400785394947,0.01695044187109412,0.057540151761999496,0.012888155030665717,0.0651328905378236,0.02080662262779457,0.01895145600777676,0.042944254657727644,0.05367411664258245,0.1372703054783472,0.014806559244455082,0.05088673542570945,0.07196717789066291,0.06833775122062934
2026-01-30,0.01770382598362952,0.09371199764335411,0.0922812673173585,0.08438740648578784,0.025598051044576957,0.025709227107656482,0.030140424661995513,0.016982971164882444,0.05757316172269229,0.013152419321535179,0.0676453003867106,0.021097168044832335,0.020147749647794606,0.042251372479781835,0.05389681533167535,0.13529142975883476,0.014821115392485826,0.056053867995908536,0.06796656252479931,0.063587865983708
2026-02-02,0.01727641273634963,0.08804606756936809,0.08948165756158784,0.08123341974565332,0.02628378037653758,0.025117515977527566,0.03045241261667506,0.015668534894446823,0.05773153823834214,0.012956287746938779,0.06964120571067797,0.020781197324171614,0.020995038417439268,0.042465919126887366,0.05174396364483769,0.13749229027233292,0.014567173130602776,0.06237176955146912,0.0695591681342678,0.06613464722388664
2026-02-03,0.017893364076972666,0.08851890460245081,0.09045862031521534,0.07835788336564337,0.027016228480855158,0.026124087108986154,0.03131701857826918,0.014505237393429071,0.05656918326120133,0.011588028217969613,0.07093468541459355,0.020504267992567,0.02152096717401741,0.04208195495605386,0.04956957132933649,0.1314082204377458,0.014548163421330222,0.06501625149661093,0.0711896520564437,0.07087771032030842
2026-02-04,0.017308031748808024,0.08794770367198768,0.08502576128549415,0.08005008830055405,0.02633899143448147,0.025744846060835675,0.030634759227052395,0.013418044068358835,0.0626879845606358,0.011587860747458933,0.07333233706680763,0.02324824752654589,0.02444117833239181,0.0436482445170183,0.05141886483968719,0.12634416555758152,0.01753398848558686,0.05806187124414759,0.07136207624103419,0.06986495508353192
2026-02-05,0.01720427343922166,0.087215266608911,0.08386960848678399,0.08113700642487147,0.026382160246380806,0.027665670807208238,0.030505933271120635,0.013635752898707354,0.059517867148236495,0.012205070693452582,0.07575063790674136,0.022821292118949423,0.02662241133722412,0.04468908140029216,0.05198398857379207,0.12802629025208845,0.01609646688028018,0.057441250360057976,0.06941839546775955,0.06781157567792047
2026-02-06,0.01918801132313006,0.08730588651392426,0.08386934648089182,0.08138076008706557,0.026540328421602328,0.02700040907752712,0.031072471556898996,0.014516826016656763,0.058489253648444595,0.013003264833632682,0.07684614535541805,0.022218530861815695,0.02728075182651177,0.04447972543061254,0.052706097012204176,0.12360999922181504,0.01679033243144378,0.05588870762256624,0.06881118294772272,0.06900196933011568
2026-02-09,0.020749050148001123,0.08813870144430361,0.0869143135714547,0.08238241862391397,0.027733292099827046,0.027450976209367976,0.032426986325855986,0.015749189772378627,0.05721606769949065,0.012706561807167139,0.08093482423310869,0.02203376957498897,0.02793580569776206,0.04263494764639328,0.0529047431292471,0.11758335657256845,0.01605452488889904,0.05339131346519825,0.06668897995776371,0.06837017713230971
2026-02-10,0.020739085013097742,0.09126056220808207,0.08884890389421883,0.08343617106215347,0.02923818225351379,0.026200304791763558,0.031249619085675525,0.017610929936509548,0.06101325497443416,0.01205803512654046,0.08071153639433182,0.022611218242169086,0.027762317221658367,0.041321433515270636,0.05392076680386032,0.11711908913695265,0.016323883851875328,0.05073528897256294,0.06362869123576737,0.06421072627956233
2026-02-11,0.016001581046900516,0.08795007751551548,0.08732745562032718,0.08253367569304712,0.02860610846967683,0.025569147730677522,0.030085743600279134,0.016473331840077873,0.059108679747881386,0.011841578493018834,0.08236335256022567,0.02206347699933296,0.027928795976098136,0.04254771201684732,0.052541130835840104,0.12647473508045068,0.015427114544136292,0.055151486358751826,0.06424472439398946,0.06576009147692564
2026-02-12,0.014272100055850171,0.0857278362435333,0.08830519848301331,0.08087035163096164,0.028586680592834268,0.024066353088552983,0.02945287115222183,0.015822209666744552,0.05443233986918073,0.011907812176317053,0.08261739269137668,0.0208728914924289,0.02875604531341565,0.04167923153157472,0.051248277065896256,0.1294625634449057,0.014856546884515704,0.05883807232414613,0.06895502407867665,0.06927020221385363
2026-02-13,0.014455894373698467,0.08901579838474476,0.08938220977095628,0.07876291997713819,0.029379430706990797,0.024436254916074585,0.029348390409657754,0.015659933329565286,0.05617029742508905,0.012678338787545375,0.08308329588044568,0.0211373076370351,0.027511325000721728,0.04190575779652623,0.051059450328797024,0.12762625822463453,0.014773752615035052,0.057995337546665957,0.06755120716604954,0.06806683972262863
2026-02-17,0.013906441204866955,0.0901347613155611,0.09094546099511015,0.08095374069752626,0.02938869429611416,0.025064538141971657,0.02989459115488694,0.016179505511641924,0.05579694146090676,0.012756703646971432,0.08160595053994439,0.020591920217877212,0.029485808943733004,0.04210895472267888,0.05161765408738055,0.1246158209749347,0.014648907647868315,0.054947661869588715,0.06632579671712026,0.06903014585331652
2026-02-18,0.014377902130547111,0.08696120303864245,0.08921630428572744,0.08009627786249386,0.029808058629921357,0.02513208207594413,0.030026498158854876,0.016339715935262615,0.05538378447347293,0.012820777749560239,0.08154406447782035,0.019900204481254038,0.028829374516085696,0.04207080208658929,0.05094208705069613,0.1294371546111454,0.014258585117872017,0.05511269514292097,0.06666229178382574,0.07108013639136355
2026-02-19,0.014666776092848948,0.08537578689514735,0.0912245730212763,0.0800761690406974,0.030481258393609576,0.025095648209494063,0.031107977897758637,0.016677787212012248,0.05634250980913396,0.012985582125957103,0.08009470869190666,0.019723897796392602,0.030794211777451785,0.04157928942779712,0.051202094787068,0.12795158450164032,0.015410740395842755,0.056874173131702434,0.06421106747298959,0.06812416331927314
2026-02-20,0.014110486843989653,0.08127209990989043,0.08955827383652326,0.07842227090634599,0.03154609677123796,0.024800881698273946,0.03265329085539862,0.015579583217709565,0.05691154739229789,0.013589383572883982,0.08457158106668416,0.019368332928657875,0.031781573724461394,0.04191333008265045,0.050255436044312735,0.12924505274286657,0.015262730839180633,0.0585455960666993,0.06348969189960346,0.06712275960033223
2026-02-23,0.01406266959746135,0.07856375363995866,0.08832985711441584,0.07847108723676412,0.03270101127602659,0.025299936067856316,0.03296556191121147,0.015690626232694602,0.05591731803461158,0.014458028732253495,0.08872456983848603,0.01827551549131843,0.03238138828456289,0.041705987169444216,0.04956770620943093,0.12795234184885604,0.014582742352834192,0.060517842153119936,0.06338845631588826,0.06644360049280519
2026-02-24,0.014055715430531869,0.07931656713690204,0.09042265456147403,0.07722687005207494,0.032483208617057696,0.0252173992506259,0.033736432908081905,0.015250486544862616,0.05611524136865445,0.01467173772417508,0.0924935262341251,0.01847053134211638,0.03299039690743747,0.042471073985996095,0.049904076570267304,0.12694059150782222,0.014763668229014947,0.05789107128540535,0.06153976166905964,0.06403898867431491
2026-02-25,0.013575683788353648,0.07924143940126915,0.08823485224855115,0.07637006149122687,0.03240270652739586,0.024243596312506006,0.034357278918353454,0.0151033835229226,0.056036822245395405,0.01491929071964039,0.09477226666585045,0.018241823798094626,0.033545729810383874,0.041752802183083706,0.049857621099812746,0.12615718565654854,0.015415808004569249,0.05553539251971545,0.0634827960902676,0.06675345899605929
2026-02-26,0.013663389667379011,0.08024034424967827,0.08864765134732426,0.07636295690094184,0.03233970635776211,0.023780847234574465,0.033127944488185346,0.014465331896648809,0.05695153159239436,0.014069565732567511,0.09169600887260416,0.019021333450579964,0.03246050574771588,0.04137905286803861,0.05047746151805763,0.1263080436547703,0.015319494858503114,0.05911938494424004,0.06369243229276382,0.06687701232527052
2026-02-27,0.012862307285484395,0.08125490736237365,0.08619964750361205,0.07500677658363825,0.03266439704849208,0.023390250471479464,0.03390129146001758,0.01401238843529841,0.06858193882787389,0.013529527133615169,0.09072425815190094,0.019372272947512488,0.03323427605497767,0.03950403512428483,0.051447572100389256,0.12395671895121664,0.015182199517277596,0.0569963299873539,0.0626874359537119,0.06549146909948977
2026-03-02,0.013058217498866336,0.07876794783775891,0.07980978044930107,0.07485972259174577,0.03315551018497545,0.022495889638863675,0.03914970159960116,0.014278962012375891,0.0711807700171494,0.014391815666875299,0.09528362497139126,0.019988193001972503,0.03715024625790429,0.039559739206817865,0.05090601429622946,0.12396740379564321,0.014935460530890702,0.05549498477799217,0.058342099721417365,0.06322391594222813
2026-03-03,0.012639729659213953,0.08059247251902696,0.08130563980492717,0.07828180919907196,0.033181479630874325,0.023008213247813675,0.03906742034477147,0.012919831186354981,0.07151769233326045,0.014548432798737652,0.09459767598702451,0.02076033308735039,0.03494224146376351,0.039551403814001865,0.051858467270174596,0.12127033860467518,0.01528389231202639,0.05388590299802179,0.05839915558520743,0.06238786815370168
2026-03-04,0.01273411751341457,0.08489047219144283,0.08098788132054979,0.07689623308233023,0.03338902233730196,0.023563240812954,0.037194664862655956,0.013212189925459047,0.07044071556580023,0.014432678346021396,0.0903405336731623,0.020089606491738996,0.03331447798610719,0.03931072990582797,0.0507826320256512,0.12440680919205145,0.015809012599488515,0.05548438060622225,0.05956671265613709,0.06315388890568306
2026-03-05,0.013617980610299016,0.08897027272801657,0.08426661032650533,0.08179446753540907,0.029371919004045795,0.02344765933794548,0.03482554027495666,0.015025073308368558,0.07112670337926386,0.014125480256249302,0.08515036535542875,0.020301908060160342,0.032332989920813335,0.039069811977759564,0.04996392600415682,0.12494476889131889,0.015841990284563803,0.05313784198520351,0.05914644835399013,0.06353824240554527
2026-03-06,0.014056127557259733,0.0880784262608059,0.08476232767060661,0.08439221167790018,0.02997605227843716,0.022872239432685227,0.03357799214887192,0.014919633877602888,0.07385347340972313,0.013186296093349356,0.08096224279715962,0.020739030408849345,0.028791758470010892,0.038560385905481984,0.061310131336948986,0.12108235820378006,0.015974250578755463,0.05144014684018652,0.05897952348832172,0.062485391563263305
2026-03-09,0.01371663196430392,0.08650551252982558,0.08314130439090271,0.08402032445213468,0.0308831430697564,0.023377044470999014,0.03422404231978271,0.015000176041805367,0.07031895022043454,0.013520568158069806,0.08063381907895308,0.0203998686100534,0.03144016579528871,0.038035854053298096,0.06037517769044367,0.12110233072577888,0.015524866086007581,0.05466894226868162,0.05958955758521247,0.06352172048826779
2026-03-10,0.01284193995114418,0.08650366259637017,0.08212593394548846,0.08177598970786966,0.032188297949947424,0.02307916591947023,0.034743627683743256,0.014284450527441286,0.06783420406939442,0.013697367847878264,0.08366641647859464,0.019372068597230483,0.03244837987227104,0.03723155349110614,0.05973955466287033,0.12332081704410022,0.015164597820374371,0.05642679318647295,0.06010945918804623,0.06344571946018619
2026-03-11,0.013680097707301738,0.08534139648911354,0.0805349139144117,0.0812335446654599,0.03229435865806448,0.022695221223460512,0.03335702312281289,0.01468465026696026,0.06920910412031733,0.013160275684377167,0.0806104949754479,0.019593901611035566,0.032283228219675275,0.03760314685736017,0.05768041150288748,0.12746481316143984,0.015106947785800694,0.05954018433638995,0.06014018427579605,0.06378610142188751
2026-03-12,0.013517117862777046,0.08499518265213085,0.08076797336554838,0.08201449828311468,0.032911479152885524,0.02320552770997804,0.03282005831206582,0.014506841852117595,0.07225086086700455,0.01321287894926317,0.08151146626209178,0.02025303228489114,0.030388047288273014,0.037288538645489956,0.057413619792313283,0.1267187910950643,0.015076314718004281,0.05770659159820953,0.05980187956908692,0.0636392997396901
2026-03-13,0.013367205691534895,0.0833748953893526,0.0810718533363249,0.0775276297299169,0.032442747879062886,0.022791066286338875,0.03261551083665057,0.01508588588816378,0.07204520631773752,0.012741505560245812,0.07986956335153729,0.019983861537451353,0.03024049474324702,0.03737680634387044,0.05670739896805808,0.13128354372416234,0.0147947210292309,0.06081392094403557,0.06048461263262391,0.06538156981045438
2026-03-16,0.013726823604223549,0.08202904426021025,0.08031112793479663,0.07583748519489471,0.033913404040794966,0.022671492563542693,0.03222245173798533,0.014528214240686368,0.07216666407266564,0.012631599023138963,0.07922177695567711,0.019612282054435163,0.029474493973476918,0.03708539263235112,0.0572954905060715,0.13200293244537473,0.014848764631376543,0.06278885661793536,0.06096209191033295,0.06666961160002931
2026-03-17,0.013596734820300178,0.07978005927422972,0.07853257178894785,0.07421503594276264,0.0340938464960193,0.023381975856478197,0.03168166287840587,0.012789070197195069,0.0698210400283242,0.012179931394099062,0.07716084474103269,0.019263297678024687,0.030246680831143097,0.0363115195872847,0.056237772459277774,0.13657472056103367,0.014543047376087834,0.0635540182835587,0.0637198978117182,0.07231627199407652
2026-03-18,0.013531638538476047,0.08196174512983483,0.07469560978350215,0.07328775101260188,0.03573523665463391,0.022783709335447332,0.03332813909555331,0.01256682793488719,0.06837051901021572,0.012252688988313101,0.07746385322301251,0.019215747130688954,0.032839269458285324,0.036835680353745764,0.05452543692965027,0.1371837722833546,0.01407135020560228,0.06680302885169051,0.06184603512626582,0.0707019609542385
2026-03-19,0.01318783123628871,0.08008366430098342,0.07440775598008433,0.07242369510422811,0.03730903572133883,0.023142497371280997,0.034831786323122324,0.012912044934948828,0.07012169133307015,0.012925118727682386,0.07759462226968321,0.019244326228240963,0.0353107050344103,0.03651641564202394,0.05437038735823959,0.12881694622757192,0.013935364159880627,0.06677964242528005,0.06447360384938294,0.07161286577225842
2026-03-20,0.013729734418995375,0.1,0.1,0.10000000000046973,0.03180486241595414,0.020193972832843295,0.03161736774271194,0.01461662648525813,0.065188291108846,0.011968194953880486,0.07385154448796999,0.019027971382096262,0.03221460649598508,0.03441857495360508,0.05248464458213888,0.10000000000046973,0.013247430436923772,0.06519688555893396,0.05797446102175669,0.06246483112116145
2026-03-23,0.014336967756384815,0.10144202318871783,0.10100074331802657,0.10169346811734692,0.03313018660651754,0.021109460710644415,0.03132404674982958,0.014551793750149932,0.06653707113278957,0.012663796706980776,0.07595192161059013,0.019174090173211786,0.032585248561525504,0.033977894179939086,0.05270334376367025,0.09364104133975422,0.013618520425326084,0.06310870847430236,0.05585044927752169,0.06159922415677115
2026-03-24,0.013848542269997283,0.09582264767113578,0.0969600909993243,0.09851590826837296,0.034235275372246264,0.021759238367490108,0.032818916263137723,0.01363955016025453,0.07017833974801599,0.013683354401549002,0.08091351063486646,0.020157722689498767,0.035201686174907196,0.03409320909868423,0.0530134751547846,0.08995728299904737,0.013791980559483307,0.06201175547683096,0.05768502790830547,0.061712485782067714
2026-03-25,0.013580972871331266,0.09814356375983166,0.09683172946587387,0.09785648421727226,0.034574316404420095,0.02163035621088511,0.03251642801226146,0.013993831342192538,0.07239920898618774,0.013799496793921553,0.08269765847098276,0.021578926702400233,0.033844182887404796,0.034355241074647,0.056050176606971286,0.08617890720294483,0.014797876911442525,0.05936191837484922,0.05562889800875213,0.06017982569542749
2026-03-26,0.0137517476112543,0.09559107500736962,0.09934810495935575,0.10196280564181504,0.032871669594645124,0.02098982230750977,0.031205111025391048,0.013940581425008649,0.07419917844747222,0.013301915615000494,0.08203984522578013,0.022498264050719113,0.032197048181999505,0.034887443288551936,0.05964450832246926,0.08601625176778596,0.014646609671160002,0.05658757269383854,0.05470849006805869,0.05961195509481487
2026-03-27,0.013667286416850654,0.09443793970077097,0.10009144420252962,0.09937597042652643,0.034159753922079636,0.021574597865986627,0.031340832004479215,0.01382741162451904,0.07273515948710406,0.013416347274596167,0.08319655556011729,0.02155616743737679,0.0329175239311864,0.03487786147400992,0.05814149966137022,0.08673366256765028,0.014505804277279101,0.05803454463981268,0.055119397731010523,0.06029023979474431
2026-03-30,0.012949406795326223,0.09669217672593071,0.1026295260508104,0.10313065039316595,0.033022378738583665,0.02109222763698184,0.030074083697960795,0.013562943118111646,0.07419667433756912,0.012711143046667761,0.08316699570759242,0.021660828137586026,0.032652181086822135,0.03528810687168234,0.057277475805449125,0.08319739196082719,0.014809859305080601,0.057417794161809324,0.055861502315439925,0.05860665410660281
2026-03-31,0.013280324174312177,0.0958846130463404,0.1021050913129087,0.10206826626740156,0.032945637436774276,0.021670870630770316,0.030580606530467812,0.013591205297606695,0.06938236996520716,0.012634601924713796,0.08252439482114557,0.02140930649775478,0.03286826998054603,0.036081641692625774,0.060558908767425486,0.08179367507686805,0.015027796165697074,0.05981522068244095,0.05664838330487961,0.059128816424113904
2026-04-01,0.012325095288174182,0.0931579398966972,0.09863318940493934,0.0988525234805201,0.03370040458928966,0.02124557390027699,0.03043596598952143,0.013268562778264301,0.06843960492811699,0.012410594541248836,0.08261256728825504,0.020605059167534984,0.03417863909157236,0.0353245562291269,0.06239371548423326,0.08522639779997172,0.014214995559799137,0.06229195974015233,0.05854076302296537,0.062141891819339795
2026-04-02,0.013343818480945293,0.09282885322625554,0.09706173463361677,0.09733610929565568,0.03567566095203995,0.02127072054442957,0.031100872539412475,0.013768754551349714,0.06913012149292752,0.012700070015418534,0.0842486262561658,0.020769017045294033,0.03629520115836215,0.034656946951573446,0.06146897333671701,0.08328524000151839,0.01438214421017212,0.06194609073366953,0.05825868708749916,0.06047235748697714
2026-04-06,0.013356157720315353,0.09198865770806598,0.09540061525517368,0.09680202924655809,0.03438820941677882,0.02098140049877678,0.03035254441883078,0.013841413236537422,0.06832465873063487,0.012548221144222434,0.08300066314925189,0.02062916068854086,0.03372143711510789,0.036333627039454,0.06251217955527621,0.08542466371293707,0.013600268375926816,0.06356348931929978,0.06118517159405814,0.062045432074253275
2026-04-07,0.013160589885764521,0.095150799275814,0.094617565550709,0.10048054733451804,0.03467999138086251,0.02086317498017142,0.029880988799327143,0.014102221314119397,0.0685162683153467,0.012328448150332327,0.0822598358893705,0.020209084925866795,0.03479718615530864,0.03584735189731744,0.06102275542243782,0.08349855214178506,0.013652127729858262,0.06093676056002623,0.06180164861478034,0.062194101676283885
2026-04-08,0.012929404288556446,0.09624565150528995,0.09296509229092767,0.09829481663165207,0.03562135233054681,0.02096389739736987,0.030733995059900515,0.01357697161207326,0.0666081211407129,0.01256893553142044,0.08522211327660185,0.01910026536979223,0.03561130033730314,0.036846018992630396,0.059497181517146724,0.08376860338823518,0.013109134322222424,0.062412384044503486,0.06100972129955914,0.06291503966355544
2026-04-09,0.013113920558148211,0.095288033722898,0.09295595341059594,0.09783299253191165,0.03454355982882757,0.021116276401561215,0.03048188528069465,0.013055682951473621,0.06407519482134041,0.012510490629298307,0.08610439720873471,0.01864322051962321,0.034957037295495194,0.03679203316163557,0.06127819307835906,0.08534196816113712,0.012805747260817343,0.06692555490329863,0.06047505580794796,0.06170280246620174
2026-04-10,0.014759298716666562,0.09393071348516496,0.0928867022921396,0.1000571983320081,0.034377774186816944,0.022016025223524235,0.03222267216937443,0.014137428483100921,0.061394221305272854,0.013107054666555557,0.08489042312324864,0.018288591645356646,0.03431208311817218,0.03648181612513518,0.06416083430077975,0.08325493459209955,0.01361677013670738,0.06537584120594327,0.05944895776874345,0.061280659123189876
2026-04-13,0.016020734444743286,0.0940634370946866,0.09301095852862153,0.09921604481869851,0.03226353172302103,0.022280883760234974,0.03134461134436182,0.015412017543251676,0.06353894167299572,0.013241750395863226,0.08425192108302715,0.01766256492175581,0.03227566433657271,0.03587701942302027,0.06361674613339172,0.08195137290546244,0.013591045109478738,0.07097019779080942,0.058807833071631836,0.06060272389837161
2026-04-14,0.016109902229648695,0.09390473872717324,0.09357311745216504,0.09777082126075261,0.030874057527352325,0.023031797811668003,0.0313631599640511,0.017988019758872167,0.06070337075043701,0.012863910518213829,0.0816708920520332,0.01712604124254189,0.031065024861497825,0.034979126138385885,0.06373320486466039,0.08781153611759517,0.013983636162238987,0.06914090360006017,0.06003478138904545,0.06227195757160696
2026-04-15,0.01638175119033391,0.09469813023195084,0.09327670517366761,0.10271994374830322,0.031767299964968444,0.023043369084082024,0.03109302674627318,0.01914282599623999,0.058839943156811556,0.013073341695938963,0.08020839392825248,0.017370956355283903,0.030260869546108956,0.035081432146627886,0.06461691632315496,0.0867930206983434,0.014154543587843585,0.0658255586161616,0.059050574697197086,0.06260139711245646
2026-04-16,0.015953533359728125,0.09679952643941404,0.09275023302239523,0.1012047803786829,0.03236023784262514,0.022658131278221222,0.03246978894320942,0.017713408677717736,0.06283893792927978,0.012554774295657422,0.0776922464063265,0.017912320126941692,0.032121680804543924,0.035669733783856745,0.06281202491166743,0.08536550620537678,0.014442751704663649,0.06655602622639556,0.05925295829586974,0.06087139936742669
2026-04-17,0.015960702672867463,0.09703372273563664,0.09235036512520645,0.10142219268242333,0.03255916485729676,0.02304673260050985,0.03352301131369746,0.01760069811782125,0.0628274133705264,0.012637528429719175,0.07549848243705416,0.01798231043726683,0.031642856102837014,0.036630837424100934,0.06464159628845745,0.08342178023905605,0.014265191840921159,0.06551404392254628,0.059879411155939345,0.06156195824611575
2026-04-20,0.015977131617282633,0.0976778316809749,0.09257734814597195,0.0988348499071343,0.03203121011877855,0.023092053878761922,0.033452779520254466,0.018943623443949245,0.0647121771749778,0.012719753246829196,0.07524864227864528,0.018744330252946386,0.031382485394165834,0.036922686699528307,0.0677950381901228,0.08145053985871188,0.014264005562162526,0.06436522841481913,0.058531609026103125,0.06127667558787976
2026-04-21,0.017229487384493387,0.09988459976071852,0.09087404909705493,0.0982177940675497,0.03176534189381972,0.022932596508205595,0.03268961623082767,0.019693626849248698,0.06643415020474844,0.012466842616620953,0.07435759069393617,0.01913958900075469,0.029002729139104216,0.037349021779607014,0.06850464842756197,0.0806198353152692,0.0138870099505692,0.06292642505734872,0.05992165805022148,0.0621033879723397
2026-04-22,0.016947749100483432,0.0999381766724235,0.0861961904256092,0.10039473085687625,0.030505821288112182,0.02226536131824417,0.03245391420749726,0.01975595427711234,0.06533463108035995,0.012050494819369064,0.07383246009302445,0.018461070069583405,0.029432376524311358,0.036185020928949894,0.06931882919008679,0.08508687793054458,0.013878717981960302,0.06634793719174453,0.0603965939616777,0.06121709208202952
2026-04-23,0.017275093669276403,0.09719946685989687,0.08760776216693669,0.09996409322037372,0.031583699757605006,0.021740203799639785,0.031314614440470664,0.01941945832834041,0.06466034973338056,0.012059064033478367,0.07423302987653302,0.01812894838685863,0.02857520085667503,0.03795210070522895,0.07304174648600958,0.0842853901603649,0.012735577849942907,0.06330756645203016,0.06133815669749575,0.06357847651946244
2026-04-24,0.018258526818007877,0.09772118303222439,0.08561096230765192,0.09858729617511672,0.031270540376318524,0.022332327977340805,0.030555064263036318,0.01997557022801882,0.06461080352549138,0.012350330599034915,0.07554515632140793,0.017908924626654187,0.0291740943459294,0.03813890997434956,0.0710919241054921,0.08507816156005145,0.013575382262398199,0.06583990327815868,0.05994194650116584,0.062432991722150895
2026-04-27,0.016980401770540218,0.09590316557328595,0.08555206471016193,0.09822985217055999,0.030594421080328723,0.023138428566769672,0.029410283410658534,0.018616348747952406,0.06499559468617233,0.011811173288003296,0.0726041420452159,0.018327318618263706,0.028639414832246017,0.03730921124944325,0.06889330778800414,0.0905514044394399,0.013099598413240076,0.07166123304096683,0.061339251508508066,0.06234338406023909
2026-04-28,0.016639378849947366,0.09670012343514907,0.08702796607124526,0.09878956561377084,0.030106504445780523,0.02083992774058232,0.02925289192692947,0.017992244972045678,0.06514260002258118,0.011576643527380899,0.06957357616080069,0.01881396240523264,0.027750651838141314,0.03721108892827028,0.07015065447195835,0.09153956737930276,0.013478753120315882,0.07067088287114566,0.06274211197681753,0.06400090424260244
2026-04-29,0.01733859857620277,0.0957129216841549,0.08717632828511157,0.09719697302592993,0.029309824803549742,0.02106094812983539,0.02846155646764086,0.018500785909500377,0.06315945160015962,0.01132972949760393,0.06701451363607117,0.01849991464726037,0.0291596642813892,0.036618062196956694,0.06958527641329704,0.09127501188428708,0.01262437634443246,0.07279182005022206,0.06764945301335386,0.06553478955304107
2026-04-30,0.016584528908612103,0.09471250224309043,0.08355173326485904,0.09669536020342083,0.031481801499973275,0.02211363926963099,0.028825794765237334,0.017705302838499734,0.06196848750263328,0.01163142237748288,0.07001564590666876,0.01814639947940389,0.029627303711169332,0.037533626943107815,0.07090873206684625,0.0880416794022335,0.01270737546664189,0.07255512771269833,0.06844613614054341,0.06674740029724681
2026-05-01,0.017021196993559938,0.09327385883577573,0.07953184775615223,0.09607701905999755,0.03144621627383297,0.022291684013937024,0.029287535610414632,0.018475785184212834,0.06144472944289251,0.011866347342237366,0.0664455474476592,0.017774117361658348,0.030723706612770806,0.036152635939722406,0.06975916765613399,0.09087972731111567,0.012365837597341134,0.07728488008390551,0.07268817470365302,0.06520998477302717
2026-05-04,0.016650650122072345,0.09204198253736988,0.07780192342958318,0.09381052800261476,0.03121119718957804,0.02209323593837073,0.02893932522006546,0.017789555744048943,0.06116326943449985,0.011873146750959207,0.06649824510434296,0.017636732073525275,0.03118737486512106,0.03544229112286143,0.06830937233657672,0.09536397961330854,0.012584540998876483,0.08066041251946601,0.07294091152920351,0.06600132546755559
2026-05-05,0.01728884555193949,0.08776270666318753,0.07295401700928958,0.09309766269090919,0.03053886706672539,0.021201678382428816,0.02849004702637963,0.0185082668375443,0.060375459082424476,0.010551718336156077,0.06499403618955171,0.017832905706531895,0.030757562191702406,0.03463809504445527,0.0681966469446655,0.10249455311328239,0.012141674048878276,0.08735823311889993,0.07366876837983698,0.06714825661521107
2026-05-06,0.01682407147078675,0.0744663867860118,0.07256212195354673,0.09097703982253949,0.03173522893534043,0.020644176554790034,0.028712361859141246,0.018613547766510388,0.06544821869207099,0.010666984697555396,0.07147053129436703,0.017697093204320485,0.028675391605894253,0.03539495097800208,0.06828701153588672,0.10480263692980386,0.014838049259643547,0.08600306358642151,0.07372757450499606,0.06845355856237129
2026-05-07,0.01598413500015669,0.07464517947201671,0.07442937470717098,0.09176424476564982,0.030803266329138133,0.019989322561670308,0.027540847380132894,0.01837672555122379,0.06559339029832062,0.01022441070748371,0.07467851191821062,0.018002835098058903,0.028172823363744368,0.03509582433523738,0.0660101430170208,0.10566630954172253,0.014976606382817307,0.08496482306130645,0.07472990427767504,0.06835132223124302
2026-05-08,0.015513237422997345,0.07089050025919337,0.06624407004457589,0.09083147158970944,0.02976678585460991,0.01850278856957299,0.02758312830924011,0.01747400011205996,0.0704758452283619,0.009641346190706805,0.07268739007188146,0.018041655992822744,0.02706779693530658,0.033844561854586716,0.06668287042056675,0.11598639288510727,0.01496605212331357,0.09412886233562236,0.07249272397183915,0.0671785198279257
2026-05-11,0.015656147307414138,0.06634833004382966,0.06162525991629919,0.08796835315113527,0.03073103931605746,0.018261414592078994,0.03037518960317777,0.01895185884441921,0.06498657835586916,0.009801665207656846,0.0784067022879352,0.017272058414524765,0.030685371012954703,0.03416203475306874,0.0650573091343144,0.12001227517658666,0.013781759412881097,0.09061714612384356,0.07511268082334044,0.07018682652261274
2026-05-12,0.015843301502404074,0.0711901377205492,0.06609123525333889,0.08846390007591538,0.031336516954882265,0.018406761775138933,0.030735373170339888,0.018409018930895263,0.06459652474489233,0.009833213505328826,0.07697630981510685,0.01737574754001084,0.029703258553898763,0.03378456543397757,0.06435499126326155,0.11868074093521194,0.013858712296093078,0.08726937214823281,0.074810083097756,0.06828023528276543
2026-05-13,0.017023115051114625,0.06882366912962341,0.06306561762922597,0.08613077516388089,0.03073913915547239,0.017953212511759367,0.032485207466031056,0.017175243965473156,0.06461856450249215,0.010581314654688282,0.07856832438258006,0.018070674854855563,0.030206445905204927,0.034162623528494376,0.06820675478771598,0.12196505442849508,0.013240188321495474,0.08527814482238535,0.0740689320652055,0.06763699767380638
2026-05-14,0.017262608977100812,0.07186367549202816,0.06501696086727239,0.09025205045864272,0.031242937840955637,0.018284823705994952,0.03239575988638412,0.016642699784095934,0.06523105845359484,0.011276041231917944,0.07874679497531557,0.019100813743780427,0.029182865709330416,0.03319586334910497,0.06953811507797872,0.11711012202282105,0.013587565524660337,0.08100463784766442,0.07249662332998152,0.06656798172137506
2026-05-15,0.018203815792356116,0.07157917883195794,0.06523959063477748,0.0905380082393953,0.0303897747458036,0.01781682888058167,0.03175542196130985,0.01610556936708503,0.06608026757963625,0.011308048357176803,0.07524439061030753,0.0192185508135187,0.02932238581949005,0.033046079060361534,0.06985933083318976,0.11332725691463685,0.013236735079160003,0.08547199150791279,0.07427065939384957,0.06798611557749318
2026-05-18,0.01765104290550586,0.07466504004205655,0.06637440669672273,0.09362903050133342,0.030042141146048872,0.017789942924084808,0.031458067613007026,0.015270100247662075,0.06790133732443483,0.011446728052087437,0.0731420208466137,0.02002302923278707,0.027942493827541486,0.03312289281386832,0.06975524591750883,0.11149071206880179,0.013750278744424988,0.08464888516237233,0.07227241608675983,0.0676241878463781
2026-05-19,0.019876143052972486,0.07421793819452573,0.06467286718441367,0.0910348459116371,0.03089339515768567,0.017518876885878196,0.030502841864906042,0.016427391683396603,0.06683430233670999,0.011029325721664207,0.0717375083986054,0.0196939570220471,0.02796993378301816,0.032546930588189686,0.07236266086697125,0.11373502889967586,0.013553952374666174,0.08731248589036625,0.07119341941655011,0.06688619476612033
2026-05-20,0.02273891743554085,0.07157702612931315,0.06489630495308722,0.08985727089316263,0.030718511524078097,0.017386571538733946,0.030065878810360137,0.017272060587365908,0.06700252751415249,0.010462325708783726,0.07160853007072596,0.019817690700376343,0.026494076647117056,0.03344912656164706,0.07458322079631659,0.11576045164946512,0.014416572621026498,0.08542781217343105,0.07090721770623112,0.06555790597908497
2026-05-21,0.022499904929644307,0.07241675953680599,0.06294598064524014,0.0852569042441398,0.031075198178979063,0.017024451337447004,0.030318011447533783,0.017465880915092855,0.06667017373031144,0.010625770391457241,0.07270536643537298,0.019043251497072346,0.028151592098195084,0.032144211847491576,0.07273629381765238,0.11516623922843915,0.013775407991267731,0.09052390440663782,0.07316497932034419,0.06628971800087505
2026-05-22,0.02273846952466011,0.07349010141299073,0.06523685932006815,0.08342814402089077,0.03026319766839957,0.01726391803644241,0.029627934273658126,0.019321788418898974,0.07622613364468518,0.010423709103166175,0.07186779935345175,0.020636994257901622,0.027058768652507715,0.03207689258051442,0.07336744757793087,0.11120339187558449,0.014353332526307718,0.0849760498598577,0.07182433598959467,0.06461473190248877
2026-05-26,0.022361911606505958,0.07144980434176301,0.06533525661211366,0.08063588188142957,0.029624685566785897,0.016523200150102755,0.0283707951012103,0.018588042173226443,0.07465433599519894,0.009563067060125044,0.06897343020996179,0.019822066792153172,0.024681612265628886,0.03179885861775894,0.07377060731873006,0.12589469797403072,0.01418611960546597,0.08654798887170155,0.07084946731507816,0.0663681705410292
2026-05-27,0.022884686264582548,0.06988577593126953,0.06575657251512945,0.08069082932402014,0.028652983880749865,0.01595224468606217,0.028331725644824744,0.018585717084402136,0.0748330296319448,0.009671968575136244,0.06722775832396273,0.019392470354301323,0.024481365833487704,0.031035084007911082,0.07048318074809043,0.13047636435631824,0.014625476138098326,0.08672711299140501,0.07306325222694832,0.06724240148135523
2026-05-28,0.024291107398341293,0.06951778570031222,0.06845590666598762,0.0806753397938199,0.02773301603151148,0.015496428599705682,0.027788545049702566,0.01847081410667804,0.07696673903282424,0.009282743250211611,0.06367421369601703,0.019700222137061997,0.023083674292019834,0.03090637866081221,0.07176564703695794,0.12836008185959855,0.015645035022302214,0.08861848777174988,0.07304524733082834,0.06652258656355726
2026-05-29,0.02279797903968109,0.06836171563428636,0.06600376291172592,0.08099513719968561,0.027114415164579023,0.016262297787397906,0.025514620312969437,0.018776833701450238,0.09779415893143227,0.008697086711067899,0.060403997643770135,0.02125621245697982,0.021954045642500454,0.02838720836494849,0.06885651651154119,0.12910568614548415,0.016710936314483137,0.0874718919658014,0.06985482484240917,0.06368067271780649
2026-06-01,0.020504768302982375,0.07044653389834427,0.06251258608109657,0.0802186504351507,0.025543294251812322,0.01734797369434369,0.024643520449596685,0.017319650817160873,0.1041271322864318,0.007967260871783618,0.05668555006442829,0.02235933053930932,0.022386439013771846,0.026953911994367252,0.07097389714229696,0.13259900598941748,0.016365103844612056,0.08752825026426786,0.07041320363289659,0.06310393642592943
2026-06-02,0.021577045372782606,0.06850542790178768,0.060032160295893894,0.07951440727098405,0.026643148050687238,0.018186261439789925,0.027432043547994934,0.016596197691327485,0.09205251427619968,0.008499356391701593,0.06085111607800731,0.025249595196067415,0.024082841926669776,0.026856618303702777,0.08898894006616506,0.1290181851879791,0.016568589288939627,0.08075712327751723,0.06705986906311526,0.06152855937268724
2026-06-03,0.021886759868361604,0.06766984605873676,0.05930117790939512,0.07843230343626495,0.026165096161587697,0.017511357900465527,0.026668970615392917,0.015435256013045377,0.08845734757788211,0.008728160529007687,0.06056594072629714,0.02463851635197714,0.021806216706729185,0.027711155358234856,0.09165891785370696,0.13000511320225946,0.015556736997925607,0.08570449435744067,0.06760563822211592,0.06449099415317328
2026-06-04,0.02226065513171728,0.0665483065319138,0.06089977163626663,0.07094345599342033,0.02333199509080103,0.01678867708275995,0.02782143754933411,0.016172780599977236,0.09155808253056297,0.008893374329150284,0.06169035438462397,0.02479334490936321,0.02270075015359192,0.027985862939886284,0.09937849963194341,0.1241498341654536,0.015892240587542336,0.08492709563808756,0.06871282728756421,0.06455065382603985
2026-06-05,0.02197201534168265,0.06886831875856522,0.06416288376378984,0.07276458144851101,0.023695125055042298,0.01634662517579962,0.027681093105839893,0.017134689109709708,0.09533630075910528,0.008607110924793878,0.06159924335284733,0.02526895498470405,0.023098632768711665,0.027904785371334652,0.09216389808572474,0.11989086896260545,0.015723354297830523,0.08379799842451435,0.0700862204669956,0.06389729984189219
2026-06-08,0.022895982101326925,0.06662763894164213,0.06333268013651011,0.0714114448836739,0.021608669164514836,0.016211246734258916,0.0281821628348203,0.017565667343339277,0.09234438646901219,0.008254238396933738,0.062115629584816416,0.024456613603044297,0.022865698584833827,0.028076316161313612,0.09639218568426325,0.12550865123222507,0.015846832205775017,0.08428672140446547,0.06920767143736299,0.06280956309586755
2026-06-09,0.023196711426417927,0.06679700743465762,0.06994626968659451,0.0727589461534861,0.02093078518481065,0.016056204636665284,0.025682996484271064,0.019054908395984126,0.09056723550110492,0.007977129778135444,0.0593018978750413,0.024358987304608976,0.021590533810315317,0.028425869013584758,0.09158936419412798,0.12731365829431926,0.015064261417568739,0.08713947098691202,0.06873600591939893,0.06351175650199502
2026-06-10,0.023322640469353256,0.06896879410339621,0.07017894010193765,0.07137387796393484,0.021474978807591725,0.016252773312428883,0.026554675056958063,0.02001819819226653,0.09096498833885584,0.008180093748450582,0.0593626661770245,0.023799807114993472,0.023234044562451362,0.028311730560622743,0.0900068883587486,0.12598536618219802,0.01124250352033331,0.08982549399704991,0.06862461262153847,0.06231692680986592
2026-06-11,0.024172401168480368,0.06619664900499857,0.0668114890357579,0.06884673609159779,0.02045372971051137,0.016095772908862282,0.025324529852451375,0.020779002910018857,0.08976620961863387,0.007656961881597353,0.058118570470421606,0.02279975822166066,0.022572843889642664,0.028455836218222993,0.09311291101498959,0.13086211618965082,0.01144114307195239,0.09586469088179474,0.06803647826388232,0.06263216959487262
2026-06-12,0.023689534618537254,0.06785531490780108,0.06620671477343433,0.06706556869265812,0.02013519140441755,0.01610348154118496,0.02634456025597993,0.01931646774521207,0.08907163131260362,0.007882080231744559,0.057954846254000464,0.023049794834829888,0.022940524172397208,0.027715494554947644,0.0910678731648941,0.12659288639674204,0.010703500330345419,0.0991921353124327,0.07165036501122848,0.06546203448460854
2026-06-15,0.02351908898770509,0.06583569247537811,0.06392284389827303,0.06479509565405452,0.01961157646181831,0.015469147853869126,0.026515964219625154,0.01872708804987919,0.08620017048441488,0.007689616849039532,0.05681973848903971,0.02195418162103442,0.022335244248479675,0.027203676046692802,0.09420837250484347,0.13149316796654087,0.010160651868361363,0.09887802895201511,0.07348143345980626,0.07117921990912944
2026-06-16,0.02277502703443727,0.06812254976233847,0.06664548131834272,0.0644671651260273,0.018969749026552463,0.015248324914492867,0.025560914943644323,0.017988210554942093,0.0886831502516143,0.007402050116010906,0.05591397974095825,0.022584001221579695,0.02125120324508063,0.025669936156717244,0.0884372333889742,0.12834482237840364,0.010016989642130911,0.0973011727107179,0.07739518675054241,0.07722285171649246
2026-06-17,0.023209524918411766,0.0657892436198549,0.06651189595791829,0.06621359258098784,0.018930448939596587,0.014938705714171248,0.024871672093147886,0.018429003907948965,0.09052920195842454,0.007237171942079522,0.05440553725447268,0.022132594748463127,0.020807954231964042,0.02443221716584806,0.09053563568311193,0.12926006171846507,0.00937711542874533,0.09419752696146427,0.07869479907155064,0.07949609610337323
2026-06-18,0.02192442567341542,0.07162263127418945,0.06596678226380799,0.1,0.021982363282943937,0.015754761120695078,0.026258300113138094,0.01628250948316427,0.0891328182931465,0.007627149056642687,0.05371474047930553,0.022225129114431547,0.024968892944632257,0.026993042440273972,0.0874673159170291,0.1,0.0068630829422120804,0.1000000000008913,0.07361593120839843,0.06760012439168234
2026-06-22,0.0225813398521948,0.0718776629410167,0.06515461494435851,0.09303460970735344,0.02304386746673874,0.015550434170298602,0.027949112395856176,0.017712084600473854,0.08902357109105936,0.007990115239079507,0.056320695437769346,0.02213074796791832,0.025590137491338427,0.02588356345312027,0.0845656185114685,0.10426962966520208,0.007739272646826152,0.10149654164274767,0.0733782736192854,0.06470810715589409
2026-06-23,0.021925065930543785,0.07183563913533415,0.06699806545424437,0.09700262000661826,0.02476891674505891,0.01557631447980654,0.026947799889913807,0.017131352760031276,0.09776738943382739,0.008133861164174189,0.05603231426303758,0.024058627911039434,0.025496368778499527,0.025800706756389347,0.0823546594369685,0.09737998671931607,0.007821478063514487,0.09423036750507789,0.07500121836475383,0.0637372472018507
2026-06-24,0.02208014545246675,0.07173093097679396,0.06873030699256205,0.09755449742859408,0.024924623327566692,0.016115984124216345,0.02778117985105599,0.016973206983439217,0.09920341919273717,0.007923644220164934,0.059453369924168685,0.023999480518872907,0.025975995385707853,0.02602966877906631,0.08169017588003502,0.09711488296173366,0.0076241828900038226,0.09212934860757109,0.0717256761327863,0.061239280370457116
2026-06-25,0.021070579254124748,0.07007778081864237,0.06664208346459442,0.09251211244369696,0.0249574303807815,0.015321923173663455,0.027512788257536825,0.016139719819898,0.08936383880009752,0.007564801563709944,0.06332592356361552,0.021947993783847625,0.025370109740022666,0.02490279187503884,0.07948459211368164,0.10758907173743254,0.0071071924367925605,0.10714998282443584,0.07066450993476464,0.061294774013622495
2026-06-26,0.022026355229852378,0.07136230529914706,0.07049335138257809,0.09487806916855174,0.02638780183179272,0.015297142972310506,0.027444994924300553,0.015440954848331532,0.09206101535000066,0.007480633151876411,0.06581981715807646,0.021930582207320252,0.025641690295467163,0.02425191655763712,0.0801369177155072,0.10634449695874373,0.007349412314294233,0.10261815278643827,0.06610888162277767,0.05692550822499633
2026-06-29,0.024708391912591988,0.07125830846067384,0.06882084224457893,0.09315552949174828,0.02527047361442667,0.014929843308390051,0.027112317842700878,0.015181473831840738,0.09282570500286266,0.007229399440886466,0.07241889858189084,0.021416005880628527,0.025721077325386903,0.023320536135288797,0.08037854414364654,0.10398269338813602,0.006481221763119361,0.09654332979989391,0.06849300264503708,0.060752405186271584
2026-06-30,0.025247435282784222,0.07134876660807338,0.07057764154371539,0.09134371146955492,0.02504855610381843,0.015347424896594703,0.02643448282546745,0.01621262959740546,0.09345470486623687,0.00743729774488346,0.06990111383273614,0.02102446928674899,0.025055881518330936,0.02372781807547376,0.08324826181224015,0.10117130931322467,0.006529487911874235,0.10340833855102405,0.0659731481963573,0.057507520563455275
2026-07-01,0.02403446619499091,0.0745692284421911,0.07347464593980806,0.09520350825561699,0.02515936113713263,0.01622800770848383,0.026320940742481647,0.016484251469246407,0.09816114289478954,0.00770764097469534,0.0643980464343367,0.0218293883224276,0.02493565678624883,0.02435847755039813,0.08115163455109518,0.09661137568631073,0.006559563025662646,0.09863582169503446,0.06674412601400787,0.05743271617504152
2026-07-02,0.02452384476826318,0.0775377949853573,0.07598564405248905,0.10059805690931418,0.024877623977704485,0.0163281485476063,0.02577449667601598,0.016656888039380126,0.0985044450683052,0.007626897984317334,0.06211501688571287,0.02215265887678929,0.02454893158388247,0.025534399245209914,0.07919790826401757,0.09879000043532256,0.006989326426068248,0.09153320494120326,0.0647484076270988,0.05597630470594182
2026-07-06,0.025320166085130935,0.0814127911515414,0.07468071716471518,0.10120785516386364,0.02476842517676372,0.016493973815175644,0.02515223289618982,0.01772069765100293,0.09956559360091127,0.007404239825585081,0.059623225963701794,0.022493418757372933,0.02387895160168449,0.025814607864428327,0.07797031646515333,0.09642679264445465,0.006772714850615064,0.08870666935857915,0.06642546603457594,0.05816114392855469
2026-07-07,0.023428076072119684,0.0816344254188295,0.0741837762506707,0.10476980129877395,0.02500060631562354,0.01697028527623226,0.024582652898465795,0.01719488489988242,0.1056559072800962,0.007244816311455692,0.05932353655295674,0.023672648268724072,0.023871078619652594,0.025531689227579996,0.07542926247018036,0.09643333144817276,0.006827150151081728,0.08606019551453523,0.06615219029772926,0.05603368542723745
2026-07-08,0.023304948079298015,0.08602725645876572,0.07160034283283005,0.10634965478532792,0.025464938853991665,0.017159487688274213,0.024034387772842152,0.017456035848140494,0.10590632500646274,0.0071792416546196045,0.05698537051372144,0.023537146481401414,0.023354852252343284,0.02554963958764229,0.07326349646219604,0.09424083173131528,0.007092752914199832,0.08891629523531112,0.06650452816703228,0.056072467674284296
2026-07-09,0.023693589751911916,0.08400398713253579,0.07035802245819019,0.10523000046643802,0.025576607243389553,0.016192054877816043,0.023787604278758773,0.01719871017464005,0.10573940133683739,0.00691080441261398,0.05710744369110221,0.02480882022415129,0.024868001542309847,0.02556948047557567,0.07375767372082519,0.09433921596640037,0.006812370898563549,0.09161648997197752,0.06597171709367206,0.05645800428229056
2026-07-10,0.023521547437908876,0.08544394174208864,0.06930656296928303,0.10534075982760242,0.025608725401042996,0.016489472473445704,0.023679360920745532,0.016758951865514043,0.10259746527007531,0.0067802293980143945,0.056891051194084094,0.024616156362220195,0.025502157429942714,0.025294441986289037,0.07180455491930945,0.09363112280335098,0.006861782245814368,0.09496761844924594,0.0677677474080405,0.05713634989598163
2026-07-13,0.02172509460871968,0.08719377436003907,0.07158006388239568,0.10640235072617768,0.02605929988412237,0.01663905669657917,0.023615628384632523,0.01620656388074335,0.10612573538529428,0.007202512407277793,0.057521431238469284,0.025253955440511577,0.025731385197096848,0.025390323145283677,0.06973750873048444,0.09434260814806529,0.0070631962768237105,0.08732543921320883,0.0675133630809671,0.057370709313107664
2026-07-14,0.02106583381486017,0.08534598339869431,0.07053883180191636,0.10478390794664294,0.02538958192178564,0.016149379340398253,0.02317744339038532,0.015691930231923314,0.11041036962117194,0.0071018682367236085,0.057205424502195755,0.02571699028830385,0.02648130294095442,0.026313379369049254,0.06927917504854277,0.09605065399318245,0.006846810173483124,0.08909817879858985,0.06686022380425195,0.05649273137694474
2026-07-15,0.02163472543574055,0.0851162507543353,0.0741415061516891,0.11246415133766807,0.025215569585447507,0.01661915750277984,0.023653066878969696,0.015962590509748173,0.10530345998759848,0.007592122476162788,0.05629050304237597,0.02606137224508725,0.025911555182396896,0.027392135556424297,0.0680382428080317,0.09360733070450884,0.007063009282811792,0.08659497262062378,0.06680320875015021,0.054535069187449756
2026-07-16,0.021154390795125308,0.08936774652685774,0.07741253184501751,0.11451136768704596,0.025060084072394986,0.016130082999229536,0.02343730419654173,0.01570303412979571,0.10704677661554637,0.0076826522956144035,0.05477563152865656,0.026568805308990626,0.026052821232450077,0.02830923945363801,0.06657745981557105,0.09466815706806464,0.006939213830332088,0.08109581378594764,0.0644310808747672,0.05307580593841275
2026-07-17,0.02008867986427106,0.08955153443987368,0.07657066514825413,0.11349295139049,0.0241823729424848,0.016042713827845168,0.02354850862556567,0.01528153756058924,0.10868298739276354,0.008012565457265579,0.05358496930647728,0.02703070826070374,0.02707535268324641,0.028482727183958143,0.06678601627265561,0.09439405427073747,0.006812040105257966,0.07790806516473316,0.06809822672326082,0.05437332337956662
2026-07-20,0.020275386355636065,0.08908204708944813,0.07547568541293413,0.11461119935001257,0.02423820406371201,0.016188987421186875,0.023968029680569103,0.01589066278249782,0.10353009543372083,0.008180487775320254,0.05255312128685113,0.02603956360519028,0.028014046040538105,0.02861952731928093,0.06832217870058457,0.09531218884689592,0.006647258011267042,0.07925989019969465,0.06878458805395318,0.055006852570706345
2026-07-21,0.019503666968968165,0.08551407079815411,0.07367841315267339,0.10903595181789509,0.024344556904165503,0.016682496485376282,0.02480323825791545,0.015588129030951997,0.10212058962435541,0.008140376585817634,0.05189157664191334,0.02541330373650533,0.02852413910496515,0.027707146609270976,0.06784004205278796,0.09937017459033083,0.006620643631075989,0.08439183990329129,0.07118691910105888,0.05764272500252727
2026-07-22,0.019960356818831595,0.08448261159898124,0.07250342713429636,0.11045844979482582,0.023348081383354643,0.01625564794360192,0.024064067563131737,0.01567265919086965,0.11012076312416985,0.007815889970756624,0.04851071509197141,0.025837521219123034,0.027859384926313586,0.027621949513750747,0.06790323365932759,0.09690011204468296,0.0078237294610407,0.08375553759083193,0.0714443848887091,0.057661477081429664
2026-07-23,0.019634263977837865,0.08496817151356391,0.07217681952718742,0.10878471231265245,0.023817933426621318,0.016126108057437798,0.02404545656166929,0.01617407565526366,0.10896296315755431,0.00784369265350636,0.04901652363072654,0.025445141433614107,0.027882166566902074,0.027499266362378556,0.06708263858309084,0.09941882057543679,0.007959802445966972,0.08399547418764988,0.07157129962684752,0.05759466974409233
2026-07-24,0.01845055759232407,0.08836868718999721,0.07384267324863637,0.11165249521920244,0.024106173932734346,0.015520520124503442,0.0228793661672303,0.01540735186008545,0.11448052629664728,0.007606444721294475,0.048524175246921125,0.02689761340343626,0.026945794118042012,0.02769671535556465,0.06576224561461168,0.09774988676515722,0.008101410663870736,0.07902582137748075,0.07042520083636429,0.05655634026589589
2026-07-27,0.01839597196830936,0.08918186706293696,0.07432799573001858,0.11538512754598852,0.023957165175682228,0.016633112781732,0.022617251596880106,0.015442216416468379,0.11500211765998604,0.007751088657185982,0.04877869548429315,0.027954113608587284,0.025868211926765437,0.028634004634976767,0.06587290000305848,0.09831096460400043,0.008253411730821244,0.07236319966116724,0.06951236008520202,0.05575822366593994
2026-07-28,0.018112343344348,0.09470369570468073,0.07648326853197591,0.12232575670497906,0.023768211086627068,0.01957413048880746,0.02165885740627244,0.015206730830714202,0.11290246630951178,0.007901046782675232,0.04585761969296407,0.028231389684902294,0.02529168270536813,0.029251428757222656,0.06481916869916858,0.09574949067674698,0.008419895144523484,0.06627730153244953,0.06795988895302395,0.05550562696303838
2026-07-29,0.018118940813646164,0.09196551594918803,0.08349304303187449,0.12427005255446119,0.02337087238077405,0.01918446178910326,0.020654267904738344,0.014662649036065914,0.11108070411264585,0.007596764185348436,0.04712403796950413,0.02872752563266426,0.0243980083500678,0.029757616294508966,0.06339437854320075,0.0899755781898118,0.007938574841105269,0.06408357978078318,0.07251176251685901,0.05769166612364923
2026-07-30,0.01955053381095675,0.08954065886500567,0.07974956683771244,0.11704745319821852,0.023672734253550178,0.01849202726701512,0.020802735354081135,0.014966776522097058,0.10943779803103955,0.0072396497800305964,0.046234923417380155,0.02739819570827035,0.025233350273077104,0.028206699306710326,0.06390153890462254,0.09575212188252173,0.00769500126025277,0.07261447268646026,0.07263564123580706,0.059828121405190705
2026-07-31,0.02018489408050584,0.09386375369166347,0.07972304253569318,0.1167617597481822,0.023852847315715138,0.017274531236558706,0.02185100568394758,0.015333583115746419,0.10885051664645165,0.007138970908581546,0.046942923202874375,0.02767035241909172,0.025843926519325842,0.030323545913904636,0.06506087512995314,0.08961290416211647,0.007837859029179281,0.0684991752191021,0.07255972318668212,0.06081381025472453
2026-08-03,0.020340602639960553,0.09399127121432925,0.07912358437606921,0.1148777299122795,0.024146145553253073,0.017410080078100902,0.023370957876876243,0.015778015224855033,0.11252230106317511,0.007291969722705999,0.04860711153594128,0.028340198991757992,0.0275562646592101,0.027917792244988998,0.06559373803093167,0.08810465448922648,0.007716694197051359,0.0709667729742388,0.06883526278792224,0.05750885242712626
2026-08-04,0.02141759317658741,0.09049435480488016,0.0775586092016304,0.11440867223819802,0.023727628456557143,0.01766608916351962,0.024542816581665333,0.016061176985715162,0.11447935909992392,0.007949896096841198,0.049525847789632226,0.027628321092695966,0.02807903129800451,0.025917119834185907,0.0691305108918932,0.08858311803686694,0.0079800469850357,0.07352513273510479,0.06545265310198564,0.05587202242907674
2026-08-05,0.019028284428171633,0.09486134282424198,0.0789760428148674,0.1160336195047207,0.02389481203780115,0.01747982166988973,0.025212226481567266,0.015335031879811742,0.11480538193723383,0.007903730749443505,0.049149936883223166,0.028427347245826826,0.027632805119725615,0.026465516480397504,0.06755097023027178,0.08986568735161471,0.007732992183699492,0.07039933288666105,0.06564687557656419,0.05359824171426674
2026-08-06,0.020286470732320747,0.0944290255251212,0.07989907417522565,0.11912469330071666,0.024101009719521182,0.015520334368643614,0.02622291852637369,0.016087917662412833,0.11096137926699168,0.00841918805831988,0.050395284432373504,0.028607118088755636,0.028644823923467733,0.0272972876394957,0.06887814246997573,0.09059230274824917,0.0076553420750580204,0.06705730657600914,0.06825188732135426,0.04756849338961396
