date,AEP,BE,BWXT,CCJ,CEG,D,DLR,EQIX,ETR,EXC,IRM,LEU,NRG,OKLO,PEG,SMR,SO,TLN,VST
2022-01-03,0.09999999999999998,0.02345059123914977,0.016012870495516425,0.03558647225472877,,0.10000000000040231,0.10000000000040231,0.10000000000040231,0.09351386446969023,0.10000000000040231,0.05493592034934949,0.003724108949496721,0.03261870525932604,,0.09999999999999998,0.01256454550068064,0.10000000000040231,,0.02759292148005041
2022-01-04,0.10073212814813605,0.0229833377780677,0.016308490082808293,0.03729724466546716,,0.10034474354458792,0.09726185176491094,0.09815151712743585,0.09408171467801728,0.1004880638685894,0.05470344565658631,0.003748811170583515,0.03257641861500009,,0.10047958140411015,0.01262641634760999,0.10070941450737926,,0.02750682064071014
2022-01-05,0.10262077657910695,0.021749776917060218,0.016020647722687655,0.038504237857045716,,0.10272374153510497,0.09455700547311219,0.09597409159973014,0.09515825437822205,0.10146173398115806,0.05275437720901638,0.0036585213636809266,0.031956955526655124,,0.10112641740651654,0.012741370436897461,0.10171410418339125,,0.02727798783061442
2022-01-06,0.1034251203484875,0.021186880847419955,0.016334673725341982,0.03657881520522728,,0.10361264364746176,0.09434969891493081,0.09533380558593314,0.09456213786445566,0.10214831965198419,0.05144182869635652,0.0035320977339036138,0.031696145196560666,,0.10236357155929894,0.0128580018651334,0.10277841090912941,,0.02779784824837526
2022-01-07,0.10425139300073621,0.020761417798552066,0.01644059418313442,0.03774425651407562,,0.10403744855077517,0.09355778521082905,0.09436278691356723,0.095727796123207,0.10095985749410226,0.05093225866286669,0.003741554515520588,0.03131229699672613,,0.10301281101176181,0.012717966381251774,0.10241081988318396,,0.02802895675970979
2022-01-10,0.10451513811129558,0.02074873704901469,0.016297637241807106,0.03729792631446192,,0.10424724313976406,0.09321306604312087,0.09351058712384011,0.0959568250277072,0.10190963659173792,0.0512470543480688,0.0035259687869313174,0.031365216310538166,,0.10255182261864905,0.012834808753857983,0.10288457848575583,,0.02789375405344942
2022-01-11,0.10439438485147072,0.021463979864699247,0.016591773105680156,0.03793741484427071,,0.10408209177252666,0.09364043290682318,0.09461055193284217,0.09406102700900203,0.10042566064067569,0.05115340868872234,0.0036928983975808506,0.031968369140148604,,0.10259090996552442,0.012900216343898001,0.102314150276262,,0.028172730259873234
2022-01-12,0.10471169311420118,0.020869217543367014,0.016308956824970047,0.03842072429411102,,0.10396839000841793,0.09328795266869858,0.09390874161482242,0.09423422095438237,0.10082750389767789,0.05139839273759188,0.0035966987082706094,0.03223969524474437,,0.10257954310247218,0.012872964090440092,0.10219187983260505,,0.028583425363227496
2022-01-13,0.10564543620765147,0.01998259512165222,0.01633993881270096,0.03711005338145029,,0.10483843062318793,0.09274839010312728,0.09210969184120478,0.09569237362260198,0.10206141421452408,0.05037853720079417,0.003328064146001767,0.03199294823143148,,0.10329898203421385,0.012889437790142238,0.10331249565876764,,0.028271211010547814
2022-01-14,0.10627842320028047,0.019883990238290378,0.016496133504565424,0.03658979155920789,,0.10459441478883465,0.09221145679313561,0.09249236242520842,0.09659411061069333,0.10196736121462448,0.04963032741257174,0.0033679938051519843,0.03213353748400708,,0.10215359292471606,0.012946795707366104,0.10428925233537983,,0.028370455995966503
2022-01-18,0.10646383017357243,0.018852211286137555,0.016677369808698713,0.03530956859267777,,0.10456433196672729,0.0930153461955238,0.09292779988794189,0.09629204270084732,0.10265242551621542,0.04924577129717758,0.003302965392901937,0.03192277822081276,,0.10305188702762758,0.013034626957655249,0.10423135796376543,,0.028455687011717277
2022-01-19,0.10643864073354545,0.018631258887808755,0.0169382476024832,0.03570679204677746,,0.10533656097527463,0.09246631396294845,0.0912896880688286,0.09678785704124503,0.10344082442705857,0.04834649925347771,0.0031936087462713335,0.03161857172752628,,0.10353189159520008,0.013054453506055087,0.10472135816433426,,0.028497433261165158
2022-01-20,0.10643863304538655,0.01848212330018435,0.01680861568164932,0.03516716366463852,,0.10589804150625544,0.09314454538198057,0.0916604264931734,0.09687880199891581,0.10469660343562721,0.047818413901075114,0.0031623478064301764,0.030662091300171394,,0.10406738664405991,0.013059990121496745,0.10440740107743926,,0.02764741464151626
2022-01-21,0.1069395291651111,0.017374133289568515,0.016803741422750755,0.03326190205450157,,0.1066074590431478,0.0932192364340015,0.09118551430509556,0.09673216962465428,0.10478535659508181,0.04886629137961511,0.0030044691909631755,0.031328731998239635,,0.10424808677551074,0.013112870457919416,0.10475735141797392,,0.027773156845865062
2022-01-24,0.10690124471231673,0.016384397548290765,0.016611468295003633,0.03188605213921767,,0.1066993154013531,0.09324110901861286,0.09278531134588892,0.09654991046202595,0.10445203703771247,0.05048497911643568,0.0031567985857325798,0.03141445637375405,,0.1039495550266755,0.01317983752777917,0.10442957896774135,,0.02787394844145956
2022-01-25,0.10686489539122879,0.01717267416662655,0.01671617476388996,0.03338561311442504,,0.10589018603019208,0.09281844994074909,0.09164873818619253,0.09622671616331366,0.10348413867016334,0.050149695971661884,0.003201162936156032,0.032078406543551215,,0.10417652802431854,0.013228006636491657,0.10496912660644052,,0.02798948685459912
2022-01-26,0.10779718040778286,0.016487464220440323,0.016156748631785803,0.03248501578205664,,0.10621108115807489,0.09073370351249238,0.08948533282223994,0.09680551209804757,0.10497461648828117,0.05093350318551116,0.0031687233515349357,0.032433104918031,,0.10514396468700561,0.013362850531343892,0.1055745678000872,,0.028246630405284592
2022-01-27,0.10858799346086039,0.015089223275149015,0.015684177727760165,0.031070259027967225,,0.10741098272244524,0.08926178173700407,0.08795563207060077,0.09901804334636408,0.10585517358998651,0.0503008464408637,0.002881170673198837,0.031826964934268,,0.10641929614759767,0.013375832337503168,0.10742570615248696,,0.027836916355944184
2022-01-28,0.10743597093953963,0.015209970932151831,0.015193587476915541,0.0315644068153298,,0.10715353183433313,0.0898457089450639,0.08947338787355737,0.09865264988696835,0.10615418276923697,0.050923893207359634,0.0029445851955874304,0.031998967425427086,,0.10550961342823366,0.013135372396702283,0.10701069124125544,,0.02779347963233799
2022-01-31,0.10655500615325061,0.016692631026990465,0.015337984412048035,0.03179005258114173,,0.10748974678597635,0.08901902987245698,0.09059510703025639,0.09805491470220967,0.10606221776600228,0.05137481759157756,0.0032155352908704955,0.031664659824099314,,0.10502956781391676,0.013007884940015597,0.10646424241285307,,0.02764660179633466
2022-02-01,0.10507176030171722,0.017023971331208105,0.015395649171120695,0.033458221600023055,,0.10766499237383412,0.08896782279632641,0.0903324886058515,0.09736490514878907,0.1068839367735978,0.0520620179632325,0.003207932727260699,0.030977521495283027,,0.10563525745819491,0.01314424763720802,0.1051218173422705,,0.0276874572740825
2022-02-02,0.1053502389560861,0.016397493665110525,0.015210760422189721,0.0322563711646978,,0.10779642560676274,0.08857283929310594,0.08901342976252992,0.09774250210526524,0.10965935253701672,0.0518438796775893,0.0031420296388676916,0.031464614232838375,,0.10567771715133682,0.012975411255178046,0.10485737932478757,,0.02803955520663737
2022-02-03,0.10611538887341304,0.015540715550222017,0.015145770668703963,0.031193534578330667,,0.10774592945273075,0.08752327243143873,0.08893882758003138,0.09788247045800522,0.11237602032754415,0.05121012044933857,0.0029141669599555527,0.03116995177788142,,0.10571715873001801,0.013031483581723924,0.10585414996833327,,0.027641038612329274
2022-02-04,0.10560360235191009,0.015825363885589736,0.014995363973137613,0.032701862575924195,,0.10735056534545201,0.08705871222774816,0.08816299520726288,0.09768698601086356,0.11247957488462802,0.051295698143897464,0.0031510833385681425,0.03135718682708276,,0.1057050306768912,0.013107895555963067,0.10572849446869169,,0.02778958452638941
2022-02-07,0.10644501011275287,0.016023592664303882,0.015127589041888755,0.03278699120335139,,0.10742849427860546,0.0876346209715767,0.08780195809586795,0.09668880953117637,0.11281743898945577,0.050885824660814045,0.0031815029180044477,0.0318040810394204,,0.10604247729849516,0.013141553284634785,0.10419194347827411,,0.027998112431377824
2022-02-08,0.107084231928839,0.016545172132572082,0.015328119728593003,0.0327340350461557,,0.10785089199770151,0.08627926795326585,0.08696666795061668,0.09708308834121313,0.11139191797908964,0.05037087425498366,0.003192502843672936,0.031802979205385606,,0.10700616058309202,0.013127690973240683,0.10481188917618854,,0.028424509905389965
2022-02-09,0.10455647362593463,0.0176230849141623,0.015496655874409314,0.036995268957084895,,0.10626677511417026,0.08700570622371924,0.08913099090917755,0.09697785931754402,0.10875255381967387,0.05113684333759134,0.0034256961344262178,0.03217887023650892,,0.10570577341140837,0.01294330501304666,0.10352115893567494,,0.028282984175467513
2022-02-10,0.10526706340317805,0.017521026260967233,0.01540688412384284,0.03749637099119234,,0.10654129904087838,0.08549492441013339,0.08789711097504348,0.0953862242027655,0.11051019429563519,0.051144040768135834,0.0033779499699276645,0.03254710689124246,,0.10629171074789696,0.013331907453403432,0.1032000179367001,,0.028586168529057123
2022-02-11,0.1057370203366424,0.019150116599146845,0.015560363894926415,0.03730990224992868,,0.10788865240169887,0.08326942694108094,0.08577412483074194,0.09507717783628103,0.11083174802900432,0.05082894559264671,0.0033643169502318594,0.03220495820633448,,0.10659474780178128,0.013369084405788483,0.10475234345166211,,0.028287070472103496
2022-02-14,0.10492549875722902,0.0200249804532841,0.01565580121110648,0.036750962172452044,,0.10841352686203348,0.08393201684171023,0.08646194128932988,0.09475719821471544,0.11207617392972777,0.05041021641771549,0.003241915944262822,0.03167645761494624,,0.10568398468503079,0.013479386375866173,0.10422971257093053,,0.02828022665965959
2022-02-15,0.10411175670934954,0.022807277734991624,0.015950127945487332,0.03716735378547774,,0.10773860266357496,0.08428193690739248,0.08692538461132142,0.09376505011899754,0.11108607983073045,0.05057963723739393,0.0034396882801457714,0.03194503582772495,,0.10516362483447149,0.013494809672444033,0.10299046917539616,,0.028553164665100564
2022-02-16,0.10409745192417663,0.02260962802176392,0.015932979390993945,0.036428220123381,,0.10841780894944049,0.08301538905324087,0.08693466963633605,0.09417343034219341,0.11166444421644292,0.050860110260125664,0.003378074060641866,0.032023346810301306,,0.10577562845669072,0.013486232560218176,0.10275237575278277,,0.028450210441270298
2022-02-17,0.10397018612398763,0.02162459254680842,0.015802455311186927,0.03555074313029029,,0.10886619768725088,0.08483853188298418,0.08914110268675074,0.09498710534287214,0.11082721251496154,0.050271543771429436,0.003211564623373534,0.03135644627772585,,0.105489334073463,0.013464228911406818,0.10249157147817323,,0.028107183637335283
2022-02-18,0.10495838373785424,0.0210950407021469,0.01568482805276452,0.03435281324838802,,0.10955697558544368,0.08381163132925151,0.09001384804105435,0.09533587078586986,0.11124791897931781,0.04991671985520235,0.003079905429762236,0.031647730497125326,,0.10608239426701878,0.013522643879650978,0.10147883541347703,,0.028214460195672437
2022-02-22,0.10695531140959717,0.02048339929976809,0.015574640110265636,0.03576831252775936,,0.11156950285441919,0.08561824170723778,0.08976329577814873,0.09671763728207468,0.11304271121525031,0.050330566563948145,0.002945403836156056,0.031173884104732142,,0.10776344242838452,,0.10393530723112619,,0.02835834365113195
2022-02-23,0.10677118065069212,0.020724382020722437,0.016627723840532283,0.03595669683428285,,0.11068056625892354,0.0844083598558129,0.09020987979655486,0.09828793492402546,0.11285534673984098,0.050515492335222255,0.002957708013260632,0.03126920200357437,,0.10743603587227081,,0.10306756986759377,,0.028231920986690744
2022-02-24,0.1073036178499657,0.023242637576467187,0.017602715864472585,0.038321874003267205,,0.1081117366249464,0.08434681417037153,0.0927431682695784,0.09446364243051288,0.11168885493833104,0.05353019242387315,0.003173370397742551,0.03181664308339277,,0.10346133648890052,,0.10131176897562487,,0.02888162690255326
2022-02-25,0.10765190671876,0.022987384986695766,0.017423930798082275,0.038120168919407775,,0.10838697989054306,0.08398464830333333,0.09123297599756972,0.09450967868389912,0.11176413947430998,0.05552088907599336,0.003067841729010838,0.030734490407210838,,0.10457488225022525,,0.10170176027190715,,0.028338322493051477
2022-02-28,0.10836781527123614,0.024962379179907256,0.01863084958932721,0.0408094608514266,,0.10754599038967533,0.08165420737551202,0.08996510481108248,0.09359877711809983,0.11104168973086317,0.055769785353193956,0.0034142017996613536,0.030426293529010637,,0.10384402356778255,,0.10064649150779642,,0.029322929925424953
2022-03-01,0.10852874544958785,0.025516931303606726,0.018992769280726567,0.04084123099980351,,0.10787289290963764,0.08168617760679156,0.09067192037767192,0.09298871851430118,0.11086777157408174,0.056693782032428336,0.003220115228558101,0.029588067963311055,,0.1039013660827679,,0.10024385119341422,,0.028385659483311648
2022-03-02,0.10850155566758024,0.025028019266527184,0.01843855780299479,0.04142121258193998,,0.10778878872217929,0.08140141543752723,0.08941223845799223,0.0943246661248109,0.11092328708582343,0.05695017615036655,0.0032338073685177914,0.03018951909707536,,0.10417019925954774,,0.09981214184371319,,0.028404415133404238
2022-03-03,0.11025757285337018,0.023908813765359204,0.018222737356361006,0.03997596221748476,,0.10710720553659125,0.08147233004761192,0.08970621107332226,0.09548870263089512,0.11047418012985155,0.05756732374872222,0.0031608354235520904,0.029499954766935125,,0.10415707366976894,,0.10127877218022573,,0.02772232459994861
2022-03-04,0.11136942377455174,0.022913253632320822,0.017996037970540796,0.03771588850290598,,0.10817902007979772,0.08151169796882703,0.08835789963879041,0.09659362752178792,0.11164870346042874,0.05719368874799897,0.002948165470976333,0.029223766841579436,,0.10474839183277145,,0.10159221212866516,,0.028008222428057478
2022-03-07,0.11246257876653672,0.023182033422774397,0.018824264637128697,0.03852144400664765,,0.1090107054139188,0.07967475641517505,0.08610908371883438,0.0962425636713597,0.11054784298947429,0.0560180802518084,0.003065676441374178,0.029560433983819523,,0.10493433328368415,,0.10406947574096259,,0.027776727256501613
2022-03-08,0.35908198804316777,,,,,,,0.2724085026060956,,0.3578076746036473,,0.010701834747089247,,,,,,,
2022-03-09,0.35476760171600163,,,,,,,0.2788629421462771,,0.3546774076889925,,0.011692048448728676,,,,,,,
2022-03-10,0.35684700776493866,,,,,,,0.27844548518974355,,0.35362232610627886,,0.011085180939038914,,,,,,,
2022-03-11,0.35816630203447475,,,,,,,0.2756897922420033,,0.35681070119135255,,0.009333204532169466,,,,,,,
2022-03-14,0.35829269260799607,,,,,,,0.2740708516456698,,0.3598584513135299,,0.007778004432804204,,,,,,,
2022-03-15,0.3584237292759625,,,,,,,0.27773027574183484,,0.3564522693377135,,0.007393725644489095,,,,,,,
2022-03-16,0.35636369432258336,,,,,,,0.280048792215183,,0.3553278354600735,,0.008259678002160183,,,,,,,
2022-03-17,0.3538007644030475,,,,,,,0.28438807113380377,,0.35324919188563986,,0.008561972577508912,,,,,,,
2022-03-18,0.10000000000034139,0.02410551934582925,0.017278625964540304,0.04230730820440635,,0.10000000000034139,0.10000000000034139,0.10000000000034139,0.0908778443520358,0.1,0.05382760180648314,0.00279673815593304,0.029053545314186288,,0.1,0.012663445733939111,0.10000000000034139,,0.027089371120939856
2022-03-21,0.10024366204487559,0.02317233404960206,0.017335634616442108,0.04501417768082359,,0.10021119110783382,0.09829414343396958,0.09765355467579942,0.09151579479817976,0.10050551759838429,0.05428896102822203,0.0028720223938153797,0.02835542070785639,,0.1005193890005301,0.01266106001399796,0.10081972224467797,,0.02653741460498994
2022-03-22,0.10059997766557052,0.02380695759039995,0.01739772053519131,0.044801200010788515,,0.09983413230964104,0.09901115845087458,0.09752539778573038,0.09043378508976023,0.10022627269315589,0.05502829953628434,0.002855719398337864,0.028597997401389685,,0.09978865317279695,0.012660802862645633,0.10053501616054426,,0.026896909336888986
2022-03-23,0.10161410565297506,0.02408172923005131,0.017436667239585833,0.044667134020388743,,0.09992987332412509,0.0978997557087227,0.09616153681385937,0.09160018708406353,0.10060005773640232,0.0564472698730864,0.002753113365332731,0.027710568467915732,,0.09954417694851962,0.012671875165386834,0.10067039037884888,,0.026211558990735868
2022-03-24,0.10109298593325386,0.024750630081046214,0.017270467076740955,0.04418835427792153,,0.09985365051793008,0.09770890216123565,0.09579483229513426,0.09230438419305617,0.1014142267623285,0.056308769688790304,0.0027876165112427523,0.02754485538001418,,0.099703850405835,0.012516566828339418,0.1004737570386096,,0.0262861508485215
2022-03-25,0.10035920808695054,0.023749369351167466,0.017261666533577878,0.043303200051683276,,0.10073453989623833,0.09701589338885575,0.09458449197190112,0.09299288284921782,0.10262876900717138,0.05656513650265605,0.0025590548048128013,0.027674995701717508,,0.09970956676446101,0.01236560989283172,0.10166687609365632,,0.026828739103100994
2022-03-28,0.1004443203379138,0.02353723824029793,0.01688645317542324,0.04199167521550562,,0.10030494381161048,0.09810112483921057,0.09665757555279796,0.09266981864953738,0.10302856893859945,0.056509895840936256,0.002364142075601057,0.02788900588887226,,0.09926684153787632,0.012263384014779508,0.10102531886219561,,0.027059693018842475
2022-03-29,0.09995253073863933,0.024444462228160806,0.016446144378089864,0.04048535563007603,,0.09947804604791202,0.09905064979692145,0.09909189373628208,0.09202560888090336,0.1034775549163999,0.05709190797645623,0.00250138534490384,0.02783345449012889,,0.09847715568247752,0.012078161152026505,0.10090389935355215,,0.026661789647070073
2022-03-30,0.10035670921995754,0.023467151108461697,0.016672474715079738,0.041167437670555244,,0.09974455853982726,0.09847108550011598,0.09771888876026955,0.09224234863822506,0.10371749719188751,0.05724777798859144,0.002461192115086061,0.02765135737587609,,0.09936666339577731,0.012081896009100564,0.10114130893329173,,0.02649165283789731
2022-03-31,0.10085271801729348,0.023112114379764157,0.01636478323395421,0.0427267753715921,,0.09933558600172511,0.09695506255105422,0.09621976367707077,0.09214987363224167,0.1046853059177969,0.05726718175885645,0.002445970437839418,0.027928929290927475,,0.09958269494354265,0.012404528915518187,0.10126100642218443,,0.026707705448638697
2022-04-01,0.10086288412490402,0.023098913886730413,0.016176799456586805,0.041907197636243725,,0.09927011419035034,0.09812681588008272,0.09737445946048015,0.09319376325182775,0.10296276218375543,0.05715703239632541,0.0023343791267016406,0.027485427464686834,,0.09942860275197918,0.012328721351379008,0.10180588944394006,,0.02648623739402656
2022-04-04,0.10057987104197531,0.02485426634189151,0.01622831400018117,0.04128887587836037,,0.0987049006623854,0.09920893539153591,0.09798161178320416,0.0931458782447716,0.10289762359206654,0.05703006340705348,0.002385995201640508,0.027112400321191995,,0.09887382083127108,0.012150440690709148,0.10104642818200792,,0.026510574429753936
2022-04-05,0.10083687713697403,0.023571898606816227,0.015991328393744147,0.04092787328314332,,0.09911608374592015,0.0986683834299432,0.09738520139225783,0.09427322722376542,0.1035162114334935,0.056265810624698084,0.002409812298327865,0.026993402788678688,,0.0988864234121484,0.012168579342696823,0.10229992267570083,,0.026688964211691535
2022-04-06,0.10193629164850045,0.02209981179202427,0.01583247108421585,0.040041282403347346,,0.09915019838180511,0.09850934487614582,0.09606615896064936,0.0941480861292854,0.1055098800059787,0.056043926817235364,0.0022728668051659484,0.027551252828046435,,0.09902396910447345,0.011989219733306205,0.10320409226071171,,0.026621147169108544
2022-04-07,0.10104588636626624,0.021431179366078894,0.016294836821014763,0.04343167504415076,,0.09917002271015554,0.0980782835183589,0.09531825582883315,0.09387589611483046,0.10636581467766396,0.055618457938426194,0.0021802251179177806,0.027488095280361235,,0.09855602677068732,0.011921488433705888,0.10241823414547112,,0.026805621866077878
2022-04-08,0.10014695264971123,0.02075559001451911,0.016051816041046205,0.042835309083060595,,0.09940293810881463,0.09874085292101747,0.09600864442247077,0.09367437171685736,0.10602415361468545,0.055648226184526396,0.00213676386347318,0.027705212559557393,,0.09868991664043825,0.0122321276723768,0.1028394866722761,,0.02710763783516909
2022-04-11,0.10031658376119612,0.02147669000443745,0.016274545501139877,0.04398507507671766,,0.10019489376237696,0.09740668937046684,0.0954925239065623,0.0940808381179513,0.10380434467542365,0.05618862252926215,0.00213517033595706,0.027459288159279296,,0.09987371440942092,0.012496778914234369,0.10185060451550111,,0.026963636960072857
2022-04-12,0.10094840104153369,0.020905969295803163,0.016244420935072248,0.04437020510942055,,0.099771276102061,0.09717838785937966,0.09396480778952597,0.09494479371563716,0.10312768695095806,0.056441962719493304,0.0021243295226578696,0.027631846271011427,,0.09987200370277279,0.012483867001520392,0.10301959894773922,,0.02697044303541339
2022-04-13,0.10039967343065356,0.021625063705547162,0.01621970374524938,0.0450804194853216,,0.09910308473260289,0.09780233706565586,0.09480130210380766,0.09461806352966858,0.10393150701624598,0.05617359538466317,0.002173094528922009,0.027437007285581877,,0.0989188066612733,0.01278180043955407,0.10235561172271326,,0.026578929162539785
2022-04-14,0.10023313123479712,0.020889246707616,0.01649810939458718,0.04478149412980479,,0.0993500701510771,0.09647725114730143,0.09263041939836072,0.09526150949939662,0.10476940106967655,0.055678778852542896,0.0022956121858397154,0.027733542821244808,,0.10069661324701847,0.012660032543475613,0.10320392156113384,,0.026840866056127267
2022-04-18,0.0999789419600709,0.020584399610709393,0.016545751792502176,0.043716974460934255,,0.09879911662318394,0.09654408138426845,0.09230962005542236,0.09555420746080173,0.1052991681445749,0.05638214203857553,0.002272521507760381,0.028214387457575506,,0.10027166246611284,0.012649767200367942,0.10308645058249234,,0.027790807254647356
2022-04-19,0.09976853638969682,0.02147029907945715,0.016465797216069444,0.04274484059482458,,0.097978781440801,0.09912331602658327,0.09430567564353401,0.09468544478370038,0.10478217387804072,0.05622385614864442,0.0023655196901259043,0.027850486324104997,,0.1001712118457969,0.011896847536163973,0.1026852247425569,,0.027481988659899464
2022-04-20,0.0987397426180745,0.020407826201414157,0.016369756573118236,0.043980045372565675,,0.09658931983934284,0.09919096511261097,0.09480857516515342,0.09429208462197883,0.10493127332286742,0.056694020595077325,0.0024815183445855327,0.028549036127202197,,0.10099211773708798,0.011742691777533626,0.10155151912928637,,0.02867950746210096
2022-04-21,0.09960473527950063,0.01828200406345731,0.016256952495727908,0.04011413488958599,,0.09766078113409422,0.09920429621761293,0.09485894709348867,0.09528554674700895,0.1055005476434811,0.05743756951581826,0.0021474985424567977,0.027912638918524427,,0.1024918085222141,0.011584694024321726,0.10310788565468362,,0.02854995925802333
2022-04-22,0.0992962194605877,0.017881479653013975,0.01628658275410095,0.03995000583349848,,0.09733417144545031,0.10043172468692294,0.09476091876928516,0.09535494142710509,0.10480916012156756,0.05744546260294995,0.0021039420044529846,0.02704973023595766,,0.10305144243996106,0.011733071418868712,0.10395628106929534,,0.028554866076982176
2022-04-25,0.10000178374237037,0.018504569031089855,0.015969011262333015,0.03902242176406913,,0.09739656865421054,0.10216718636844703,0.09612165265583135,0.09502882535997607,0.10556171417916813,0.05672960921485069,0.0021520617950063145,0.02697136572916524,,0.1017894867782967,0.01107954839340521,0.10320800937546064,,0.02829618569631975
2022-04-26,0.10010452168756444,0.018569887221605012,0.015853829359302237,0.038661064319815364,,0.09753735787581655,0.10217441963716675,0.0958059266384736,0.09508274838854001,0.10623197461977177,0.056381229795602526,0.00206236261530689,0.027108809690655416,,0.1012342108673339,0.011724591180324729,0.10291397284238982,,0.028553093260331116
2022-04-27,0.10116815265169968,0.018775190395044158,0.015955573472785232,0.03872467439839706,,0.09814705589875228,0.10195249896797681,0.09374951594675932,0.09584418548744265,0.10557813566850946,0.056556729756131484,0.0020280533717542096,0.026776405448612685,,0.10071509871727116,0.011978694789174519,0.10328489870075966,,0.02876513632892965
2022-04-28,0.10218805209776347,0.018422378662574075,0.015844029410415274,0.03824552174830573,,0.09680892777266471,0.10220372784131693,0.096779739331314,0.09525555016993656,0.10488341621807086,0.05684222349374076,0.0021152547511277173,0.026700250490193835,,0.09992379010602234,0.011016071982024363,0.10425473906675069,,0.028516326857778572
2022-04-29,0.10205463131298902,0.018111964085079972,0.01608285603759422,0.03861815852028654,,0.09726446814060735,0.10137241412265507,0.0949779215625103,0.09541223178435322,0.1047528479606848,0.056558650840606066,0.0020495918724818636,0.02659376044719859,,0.10093212533402089,0.011511682091374313,0.10442061844920969,,0.029286077438348174
2022-05-02,0.10224468961980478,0.018525246160957562,0.015916153719845175,0.038549684001447336,,0.09774237408454851,0.09966103137183357,0.09392876140888469,0.09597766811380107,0.10568883130659056,0.0540476978612334,0.0021581748499814543,0.027659036989834337,,0.10097204923837454,0.012217750479179506,0.10545338725364478,,0.029257463540038678
2022-05-03,0.10198264063882959,0.018571555589096393,0.015787193944000345,0.0387085644717911,,0.0971907692760838,0.09963279926034768,0.09589015763035749,0.09494071301144233,0.10499758510108982,0.055609088121810264,0.0022204284180495156,0.02763138759325254,,0.09976623426841282,0.012802569029025632,0.10456846317593232,,0.02969985047047843
2022-05-04,0.10210380006650784,0.019512329786594604,0.01599897381399103,0.03882903439683926,,0.09682669216399045,0.09934171097192608,0.09534167708855847,0.09393592753422636,0.1056808821506499,0.05664785932652413,0.0022165887394180713,0.027940902858602096,,0.09888164822871973,0.012339291630095763,0.1045284868042651,,0.029874194439091232
2022-05-05,0.10258364877524397,0.018482512933830204,0.01585630407305859,0.03661206452077166,,0.09889005981504566,0.09855581444218363,0.09442499402837308,0.09500885574944401,0.10506654326222312,0.05745776097505359,0.0020998479770539358,0.02799404903906327,,0.09984658980683456,0.011982857815762351,0.10540030457249108,,0.029737792213567288
2022-05-06,0.1022904769146041,0.014703677529017268,0.015528679946954326,0.0355338476815201,,0.0997620187343252,0.09798779874711745,0.0939303972249975,0.09556076284618122,0.10506467844607838,0.05691965054759819,0.0019725138086674286,0.03061951860714584,,0.10032281701991333,0.01274507225991203,0.10598841825540244,,0.031069671430565236
2022-05-09,0.10507141391314889,0.013570611445149339,0.015181337924014904,0.03220397128594541,,0.10220669749194394,0.09515279374456448,0.08855434099570274,0.09815874135819819,0.10711944448314101,0.05711767112514917,0.001563692564999326,0.031468834592681266,,0.10248536645540521,0.013017324980195857,0.10820698195389392,,0.028920775685866457
2022-05-10,0.10622962521268396,0.013490622116162625,0.01552940833251484,0.03351915263552259,,0.10166985834832143,0.09187790558425209,0.08665366851996975,0.09735191953823097,0.10904151448827383,0.05648146342717416,0.0015909333659766183,0.032190306893218446,,0.10312361044374134,0.012973439541134342,0.10850037471290189,,0.029776196839921085
2022-05-11,0.10660809973453532,0.01226815601523956,0.01494057434992618,0.03227923626916763,,0.10272446974403912,0.09194437669471962,0.08572227332075044,0.09827448801096365,0.11078783644986523,0.05527224511361319,0.0014497003105999116,0.03220781286288039,,0.10383322462887853,0.01275424935005153,0.10939740294402969,,0.029535854200740133
2022-05-12,0.1061047101007345,0.012589799011427856,0.015358284709232556,0.032208133789660934,,0.10333135842582682,0.09263854917957891,0.08707538965714196,0.09771187780431496,0.10735687145587537,0.057171722567845806,0.0014383271432066396,0.03211725031011324,,0.10348510568159872,0.012427483731262349,0.11032938140903394,,0.028655755023145494
2022-05-13,0.10536406349779466,0.013888788202934646,0.015496362973080574,0.033812275373487057,,0.10226781564370913,0.09378426318314621,0.08963910882854711,0.09673962195804019,0.10739103077601425,0.056581191087264095,0.0016280070658105416,0.03221637727566169,,0.10210135248082995,0.011918217631191604,0.10762907929378805,,0.029542444728700185
2022-05-16,0.10497434687464575,0.014044534857037782,0.015673114435701126,0.034613363932235755,,0.10222201173682076,0.09171614691746599,0.08769325467565112,0.09711489653982283,0.10767901064268082,0.05728091938227684,0.0017142805972737366,0.03353542269048468,,0.10122450851269273,0.012091872925222017,0.10839548604247683,,0.03002682923751129
2022-05-17,0.1050581463241424,0.014679591828474699,0.0158264029679984,0.03583137852202007,,0.1020268029669099,0.09110901931501957,0.08691720060614308,0.0966239839063833,0.10817096991163158,0.057296493668961196,0.0018301104476020288,0.03406683087345911,,0.10113337136902734,0.01209821227151839,0.10727259171723369,,0.03005889330347512
2022-05-18,0.10607563294670802,0.01418992379600588,0.015963909450473643,0.0354051311397634,,0.10160036194752686,0.08999899764908519,0.08690731996006697,0.0965257180865135,0.10886844752452651,0.05540218872003575,0.001749350502628079,0.035022964631044165,,0.10150641549673499,0.011957050864971683,0.10838064221874696,,0.030445945065168376
2022-05-19,0.10520490292861077,0.015665791814492073,0.015997210533794333,0.035687005556551396,,0.10106564184364114,0.09176736933139137,0.08663705905221333,0.0958846637065135,0.10942912937642016,0.05283679120524601,0.0017845170038235673,0.035362986690282136,,0.1011934651186608,0.012249612357341155,0.1077374960721533,,0.03149635740886497
2022-05-20,0.10518563637383727,0.015614671465013693,0.015636121103350414,0.035951722437097385,,0.10085973609078713,0.093691670586033,0.08843620322543978,0.09642392116748831,0.10821832358134824,0.05340481322472109,0.0017858809260672273,0.034780036422351945,,0.10040329383590221,0.0122510739490672,0.10709276298427031,,0.03026413262722489
2022-05-23,0.10450976560798368,0.01587463933672891,0.015555839179127715,0.03653571814547365,,0.10025569520247461,0.09422031161620423,0.08888684598617706,0.09513413091277388,0.1085925031460861,0.0543829886774876,0.0018007116151547993,0.03471113218423407,,0.10023259432541004,0.011855330446062195,0.10690988003496442,,0.030541913583657026
2022-05-24,0.10537344521984766,0.01467336207115128,0.015583464482325587,0.035533642431825045,,0.10130442222466238,0.09535600997264583,0.0890079584049909,0.09583671959904846,0.10944715372557169,0.054017206178372607,0.001680462720630543,0.034048831386500916,,0.09966095863550228,0.010833337963959345,0.10779802571205524,,0.029844999270910166
2022-05-25,0.10504607690404257,0.015148218644954246,0.015516006591375186,0.035854127858819945,,0.10041466609005287,0.09563301704609552,0.09030154629313589,0.09515714915969153,0.10927335703540292,0.05381356913387412,0.0017045769698935443,0.034612929730152564,,0.09836114998274009,0.011443095746780783,0.10728583326085481,,0.030434679552133515
2022-05-26,0.10514385613152061,0.01609237860136093,0.015614524046366023,0.03679094164695683,,0.10032753675863261,0.0949225970692332,0.0882031828559898,0.0959451078027108,0.10962404717437306,0.05452023386707851,0.001845411241905198,0.03449469499088497,,0.0980752439137122,0.01138452506927085,0.10677670790212264,,0.030239010927881806
2022-05-27,0.104104239944606,0.017406612026617564,0.015643564186772263,0.03688337588986545,,0.09904976981813081,0.09628724506917533,0.08946805831209739,0.0950491349821795,0.1089770682426661,0.05648678146053346,0.001842595336852652,0.03365253552391408,,0.09772821292791496,0.01162252092715165,0.10572062592879988,,0.030077659422722842
2022-05-31,0.10372251922064858,0.016876426455681947,0.015649815311469886,0.036148467410617204,,0.09923808071534172,0.09604802021501875,0.08973035403826124,0.09554790505679187,0.10870568693731024,0.05604705703543808,0.0018727286457281347,0.033749884692448995,,0.09811867567591276,0.011673774297969399,0.10639450352140618,,0.030476100769955043
2022-06-01,0.10446683153392054,0.01649712345498933,0.015484145208396843,0.036140333037891124,,0.09913672534996182,0.09529083335749809,0.08921165315319352,0.09616396421891847,0.109500022456659,0.05594008656224143,0.001817161270568323,0.033554416083573346,,0.09817399266233677,0.011537220476428866,0.10692523374641047,,0.030160257427011946
2022-06-02,0.10388698345817567,0.0178138527639557,0.015540114957637973,0.03757512613476127,,0.09811576787188507,0.0951797026465916,0.09061471993750687,0.09547932984869417,0.10824894209931545,0.05591102872004258,0.0020008675555958184,0.03359724150736534,,0.09802948660445407,0.01132924824768142,0.10668733935527783,,0.02999024829105908
2022-06-03,0.10454385095527366,0.017717495545430638,0.015822006644095905,0.03726908432301109,,0.09820856130081451,0.09335029263254765,0.08932762505842919,0.09614457304581212,0.10864575496307301,0.05618039490902755,0.001940684607721173,0.0336167226129204,,0.09893011134437368,0.011368775908161842,0.10677294716733644,,0.0301611189819712
2022-06-06,0.1041745381544282,0.018238095676905472,0.015848390449509052,0.037037764118479755,,0.09773158411173101,0.09319564659335312,0.0907194909855623,0.09672881643121355,0.10779401495230959,0.055423060541924675,0.0019254798090965028,0.03402047639357835,,0.09828605249224598,0.011779242625419588,0.10635301691533285,,0.030744329748910178
2022-06-07,0.10352099003436299,0.018374092500520803,0.015897806557423216,0.03968014525432787,,0.09719128198344842,0.0925297207312609,0.08976368521189619,0.09575611830010217,0.10782406668530417,0.056363536939709566,0.0021974949683372315,0.0335876900788647,,0.0980876101915151,0.012018946922413025,0.10575568598787677,,0.0314511276526368
2022-06-08,0.10364302890788052,0.018238775495299977,0.016001701568025543,0.04091657024067251,,0.09684617878366916,0.09266607960974035,0.08847611371218872,0.09521689338209376,0.10795487252325542,0.05614417022400603,0.0025535356899491555,0.03390412153875419,,0.09742604974138654,0.012219859925264446,0.10636087530953103,,0.03143117334828254
2022-06-09,0.10335310610595079,0.01778504289139031,0.01715616985416253,0.03999617179378369,,0.09656260054079366,0.09482646802818138,0.08895238655785045,0.09542461551474564,0.1066966691793948,0.05624869243425496,0.002372060314557048,0.034496935699667296,,0.09648823435405965,0.012297082398370662,0.10600008015092556,,0.031343684181911656
2022-06-10,0.10444001176242862,0.017156538365709007,0.017026950059210705,0.03945077449041497,,0.09756322867897844,0.09443966710455565,0.08867134530496444,0.09619868752487713,0.10632088322888748,0.05547962283751392,0.0023042850603250667,0.03371134004885134,,0.09801666022267604,0.012451356416837105,0.10602805197148213,,0.0307405969222879
2022-06-13,0.10403024347587124,0.016530347905317436,0.017567308239190366,0.03768677277912034,,0.09876777275220829,0.0963163536823551,0.08854128827087872,0.09573895437889131,0.10623229022302967,0.05530659288660633,0.002304713082502277,0.032693375449868355,,0.09935825095582738,0.012732567978393425,0.10631780062014688,,0.02987536731979289
2022-06-14,0.10350553890570433,0.01696193747247567,0.017847231043666995,0.03706187297502146,,0.09883031965666937,0.09650190950825613,0.09095738004428813,0.0959284340509666,0.10532857731367519,0.05537621099349095,0.0021949006811923196,0.03250856195111875,,0.09826204780760503,0.013098771142870235,0.10574282172751573,,0.0298934847254831
2022-06-15,0.10277157688128838,0.017869304620136764,0.017475264533159063,0.037042147420818156,,0.09820853121931425,0.09892308202426359,0.09331095012273688,0.09538420283563877,0.10418530480840908,0.055613427243091935,0.002306722071662527,0.031945686410498775,,0.09659799171291689,0.013739484515738148,0.10433980438786082,,0.030286519192465826
2022-06-16,0.10362982749514313,0.017648724244934792,0.01723186814255669,0.0358984822656855,,0.10005332754243661,0.09868392954465667,0.0923607334150019,0.09607713963999984,0.1041825726652166,0.05482043831371471,0.0021020791154423685,0.030873005920346634,,0.09656441782878185,0.013588301726666694,0.10650910868187086,,0.029776043457545146
2022-06-17,0.10000000000046258,0.01425381632040252,0.013860648893120173,0.03159824015077695,0.06063966595752754,0.10000000000046258,0.1,0.10000000000046258,0.07680701805902118,0.1,0.043120571702210855,0.0016870852246337192,0.026377922497326067,0.004785885679825161,0.09270150466414524,0.009810143119309868,0.10000000000046258,,0.02435749772985056
2022-06-21,0.10029669600737129,0.014319779864204544,0.013873434822102343,0.03302126724784057,0.06215595486425859,0.10012431903488252,0.09936063759486434,0.0996995517062551,0.077355677069664,0.10027706869862413,0.043422670921458455,0.0017102847801275694,0.02646959228354303,,0.09213959400302278,0.010080560373662704,0.10131544074142344,,0.024377469986694492
2022-06-22,0.10010273498770991,0.013889732285035646,0.01368595307494302,0.03175981647396089,0.06055977716413405,0.10065334565350864,0.10194179506856715,0.1018115295578033,0.07684560216123523,0.09990928217701474,0.044031752365601834,0.0015866790365500422,0.02592766619275619,,0.0918535065561707,0.00982205863488403,0.10143666238388419,,0.024182106226240462
2022-06-23,0.10056660853428995,0.01465498028227313,0.013527724728115474,0.031120108503069253,0.058945553544318255,0.10107896112813397,0.10336982987231075,0.10294220540316135,0.07637154832967082,0.0993631111773747,0.04308203348791852,0.0015966573339151204,0.02635299232895842,,0.09108941294180482,0.009500237415489032,0.10196426178434694,,0.024473773204849534
2022-06-24,0.09979279147957697,0.0143256786629379,0.013914538312758127,0.03241284722736236,0.058331177018419555,0.10031744855186524,0.10284993301265723,0.10261739918026574,0.0780535246595693,0.0997979892485115,0.043495042984849804,0.001674839664556904,0.026190257040976033,,0.09227324721299567,0.009300239861544704,0.10071556232184822,,0.023937483559304872
2022-06-27,0.10060354695844298,0.014350681043908914,0.013981255990256201,0.03283770761712169,0.05805311951910104,0.10028234380693478,0.10099061583110809,0.10140668468598536,0.07854862678982903,0.10052724862612344,0.0439690642772165,0.0015978857399833043,0.02622378698466415,,0.09217754209413213,0.009543659048365514,0.10075651437481924,,0.02414971661200762
2022-06-28,0.10166893417844707,0.013602611570213715,0.013956953933818182,0.03264286409752396,0.05735895886217235,0.10110559005856931,0.0999987699733211,0.09977294836552954,0.07925418845296434,0.10143939511698934,0.04334248081771047,0.0014919954146917198,0.02593505381401045,,0.09279179914771586,0.009599245146823868,0.10215878463209145,,0.023879426417407264
2022-06-29,0.10307343050683372,0.013129480836060201,0.014207010105108796,0.031792772382349815,0.05717613103546168,0.10286103519954023,0.09574171626176643,0.09804227479408861,0.07995971395373298,0.10360802636255077,0.042963991638961765,0.0014350749572372358,0.026212214813430886,,0.09374244549997526,0.008956762016206444,0.10333152906444491,,0.02376639057225021
2022-06-30,0.10267371984324983,0.013122931630758795,0.01446616307750575,0.030427663746023292,0.056580207562014005,0.10284072839107734,0.09661372722889171,0.09830744868511897,0.07985507881108843,0.10488578317633582,0.042997886340804974,0.001406948898885908,0.026212175754423795,,0.09386734359155229,0.008985596679199587,0.10327985765447474,,0.02347673892859474
2022-07-01,0.10271112455709536,0.01315773864216165,0.014544480160225031,0.030932056204787197,0.05576922670224339,0.10263911693769512,0.09597296005721488,0.09860929805318741,0.08008107823837342,0.10450666805406274,0.0426635744542089,0.0015210795083859328,0.02613106317091196,,0.0940040495451689,0.0094156842630834,0.10381056012783606,,0.023530241323358597
2022-07-05,0.10150737232674888,0.013867907039708015,0.014561102552813933,0.03083741256421356,0.055019128131545844,0.10367315461711159,0.09700613783520402,0.10106340119580118,0.07886123627388522,0.10228286086795926,0.04366989046984289,0.001570662252145859,0.02612485096310534,,0.09397943022690902,0.009555065358381182,0.10385702355164014,,0.022563363772984242
2022-07-06,0.10206001475591692,0.013834317870219286,0.014749074463727963,0.03040594340345405,0.056358342956596454,0.1037283981092068,0.09608927764930912,0.09958850291200377,0.07953232929006086,0.10301476311231626,0.04332944040480883,0.0015083321311107254,0.025757086368203425,,0.09392240511501308,0.009585000395101705,0.1041057266224574,,0.022431044440493292
2022-07-07,0.10126009435945976,0.014620358957373295,0.014819908669693377,0.03226847532728058,0.05842967406279476,0.10297145501216966,0.09564744100714546,0.0988329513144857,0.07846092721867322,0.10279002532937837,0.04329460129842576,0.0016251081102144885,0.025901854227797307,,0.09319404043126589,0.009744572300091184,0.103262637779993,,0.022875874593758075
2022-07-08,0.10157563094162649,0.015116645563187418,0.014924646949238354,0.032436561912968793,0.05932854994348104,0.1028966594451312,0.09449613183074426,0.0977643459161774,0.07852450389165798,0.10310997304547995,0.043212415326744094,0.0016177984537861893,0.02610579944887204,,0.09311618250805213,0.009322829715847115,0.1036322443707056,,0.022819080736300002
2022-07-11,0.1022464682652372,0.0142918705786689,0.014771240676596888,0.03165994029926381,0.0594199781353889,0.10337022676171348,0.09479107600267819,0.09725468848117162,0.07894835161117147,0.10339645680008946,0.04265193219598067,0.0015860272708483314,0.025868392132965372,,0.0931199217719176,0.00934190222631577,0.10444946458803923,,0.022832062201952982
2022-07-12,0.10243180357477308,0.014115415336283403,0.014665526752075105,0.03131748680512448,0.059375673495700006,0.10361827949624934,0.09379973702383881,0.09527399849004455,0.07981012515351409,0.10384661004404316,0.04269718807131486,0.0016106120027702371,0.026235625578138574,,0.09282265733793114,0.009231941917106485,0.10569272881512211,,0.023454590105970372
2022-07-13,0.10270303302106208,0.014311977587998324,0.01465099865780801,0.0317043737185038,0.060461461108896886,0.10352959548114875,0.0934386524944672,0.09552980032206317,0.0793311388997895,0.10307573905506667,0.04254216962584302,0.0016145326094298344,0.02602200407853919,,0.09240052440704895,0.009449681407678028,0.10536712232166703,,0.02386719520298949
2022-07-14,0.10371419466068005,0.013965196729444233,0.014586203844507708,0.032891700989385056,0.058778191857299995,0.10426937103588313,0.0925634541628609,0.09398525184597165,0.07995548091342232,0.10498946258875955,0.04055541559249507,0.0016023388134711572,0.02557638931381634,,0.09188605912539509,0.00955046172042597,0.1069016426169034,,0.02422918418927839
2022-07-15,0.1046124784998966,0.013095947129198366,0.014608775312183271,0.03325838455015686,0.056441260739141956,0.10475707474012147,0.09234309910878764,0.09503804054111169,0.08014861632013016,0.10503366107558318,0.040623907080171245,0.0016654704775372414,0.025343551281110505,,0.09223323917024003,0.009539483088634507,0.10744837571945523,,0.023808635166540103
2022-07-18,0.10343908313634757,0.013832353727568802,0.014407723602750253,0.03392211705744098,0.05601561705367095,0.10403116341163782,0.09237988600670985,0.0951174496647977,0.08019325347128799,0.10478144078220679,0.04144027785609654,0.0016856539515249208,0.0252897805651232,,0.09219482055408093,0.009617226908477943,0.10738932324250829,,0.02426282900776952
2022-07-19,0.10238641576409085,0.014188946676243305,0.01467222660968963,0.03503228334456875,0.05549203868462918,0.10245017546643942,0.09403476134515915,0.09741311690581841,0.07990468629005058,0.10334559801476494,0.04191702016196117,0.001763743250817764,0.02505299640031799,,0.09154424487562758,0.009869822652205498,0.10610314521778254,,0.02482877833983327
2022-07-20,0.10224944831209973,0.0147944586846112,0.01478700884667073,0.035553713813597815,0.05503394286714215,0.10060690424516651,0.0945860942879304,0.09819893350872458,0.07909752629294675,0.10273935081271142,0.042189967150077876,0.0018604610532115403,0.025332355004508818,,0.09112409237485306,0.011019210869797154,0.10579874205733261,,0.02502778981861766
2022-07-21,0.10195234321847363,0.014382897623722636,0.01488944291852859,0.034678956008339555,0.0549234836455486,0.10047589652315261,0.09558521679922485,0.09973181305928443,0.07858365272730172,0.10267930280405867,0.04283672578596503,0.0017513339535965462,0.025391704321867565,,0.09073293181154753,0.011462581129374212,0.10530526760859363,,0.02463645006142017
2022-07-22,0.10280584507967869,0.01338498893099255,0.014653021523868706,0.03316308927379738,0.054296719069802234,0.10151676208290869,0.09650384607588039,0.09947085230952295,0.0789571486569469,0.10370628943311498,0.042593774260912126,0.0015876263828417218,0.02489450503707143,,0.09071452183368114,0.011667658342664106,0.10603659545987626,,0.02404675624643964
2022-07-25,0.10345356876377193,0.013691198445425658,0.014561270948198245,0.033515856568117695,0.0547694517469217,0.10220052275387173,0.0954381365100615,0.09798635149862478,0.07925976839702352,0.10372869989930295,0.041834079836696125,0.0016950747707392387,0.02488059127667003,,0.09078017196614142,0.011764286684571627,0.10615606964956759,,0.02428490028429441
2022-07-26,0.10362582413087305,0.013133068521232857,0.014444945526217784,0.03361120468753461,0.05506037031146101,0.10254488861998441,0.09533454358966391,0.09624109443492691,0.07924048246247055,0.10387101534218805,0.04150895034409603,0.0016925433191231948,0.02505730594923997,,0.09148812697294464,0.011692146083836574,0.10692876521658877,,0.02452472448761771
2022-07-27,0.10282262244426527,0.013658022038028315,0.014295590528556213,0.036244946444756274,0.0547196180818456,0.10182578158092487,0.0960043991244527,0.09718024634533937,0.07855784483148445,0.1026288756689111,0.0414401743043892,0.001785447558076967,0.024961431565574673,,0.09156528589282364,0.012142626350021134,0.10572685284159297,,0.024440234398957244
2022-07-28,0.09939438379190801,0.015267968801029493,0.01390557924179186,0.03517373904184155,0.06069084205256702,0.09967850325493663,0.09691091800946737,0.10110484072743113,0.07688563652618043,0.1018648608646554,0.040292834743042044,0.0017901553403939963,0.02449191562013506,,0.09230363556649726,0.011548987404426588,0.10443250447130405,,0.02426269454239211
2022-07-29,0.0998332934292821,0.015225314047664426,0.014099305135344162,0.035306462468967875,0.061808399459494665,0.10003880820067945,0.09322506281919521,0.09958573198443436,0.07726976018009325,0.10183592372648133,0.04050547910033898,0.0018340531772367693,0.024522220775465883,,0.09215542140570013,0.012266101350198094,0.10533974736798382,,0.025148915371439328
2022-08-01,0.10078382446288257,0.015386118585152155,0.014187553086798034,0.034111595705854925,0.06127266226513947,0.10112060215839695,0.09223010928836696,0.09870925281554321,0.07775433491868695,0.101440579859318,0.04099119418539508,0.0018014096093241685,0.024523654684465095,,0.09251123142040342,0.012931278719136402,0.10547629497503888,,0.02476830326009788
2022-08-02,0.1005982697762634,0.016250447656757448,0.0142111950021649,0.034742588547878095,0.06211932720158243,0.10106672244404132,0.09179160773885864,0.09823231264888402,0.07794151031662336,0.1012696807931543,0.04075213628011016,0.0019017297601856176,0.024413401210284052,,0.0922092511959454,0.012844384089458014,0.10487720519730809,,0.024778230140500724
2022-08-03,0.10128005212443329,0.01623846202842495,0.01405352472035949,0.03387252504360514,0.06300879964034205,0.10188009656049736,0.09143411908155429,0.09893535213206141,0.07915883346261164,0.09736114651894572,0.040561010081721936,0.001912671153877007,0.02437062364319785,,0.09206691964393024,0.012741244531125288,0.10624453440304006,,0.024880085230272388
2022-08-04,0.10101466640890633,0.01718709815094251,0.013941504922939317,0.034003024373562285,0.06293783420143538,0.10086902079477103,0.09091304652444071,0.09833038536705378,0.07959950151848899,0.09841424915064605,0.04079564378357672,0.0018309699599446303,0.02534272473872629,,0.09060452307406806,0.012780131304435992,0.10656827582518412,,0.024867399900877867
2022-08-05,0.09981389656366184,0.01796882215628531,0.013846984161066344,0.034955806790415905,0.06882849183125268,0.09976551269370837,0.09032142142887906,0.09787202341900152,0.07832387875432852,0.09711236875421833,0.04329908720367573,0.0021042528103983106,0.02475078764552971,,0.09005465712159043,0.012390934322038243,0.10486147655307661,,0.023729597790873094
2022-08-08,0.09983964825469947,0.018650196502774673,0.013689414906439464,0.034901577286325966,0.06987202292373412,0.09770781253420499,0.09081799189810685,0.09708023309275891,0.07811067184301812,0.09700727457674321,0.04441687504152515,0.002257308686727212,0.02476567836904081,,0.09042735069672878,0.012625278088876304,0.10414681518750371,,0.023683850110792208
2022-08-09,0.10002885948993435,0.01826744901769054,0.013586303442871468,0.03372940665045139,0.06951884631782985,0.0986415922738606,0.09000036873505654,0.09688894799209544,0.07888702703022185,0.09759798897658045,0.04373919378170547,0.002171197261845804,0.02443461797317414,,0.0909703860636585,0.01258044028257011,0.10526063493552335,,0.02369673977493006
2022-08-10,0.09980359845475684,0.021470320885617285,0.013358059823878917,0.03391777843948365,0.07006503796279463,0.09740306438394841,0.09072407681191352,0.09754241447375546,0.07712425338480997,0.09689872287485687,0.043960941927165154,0.0022925294748974514,0.02476820618516306,,0.09084653049100928,0.011761567842321305,0.10422964248882402,,0.023833254094804367
2022-08-11,0.09999078372443372,0.021456690785013634,0.01306886430282826,0.03384870382116427,0.07193891246538611,0.09723317133864513,0.0885803914388124,0.09503372841403963,0.07775404183489071,0.09759696097866309,0.04364674986581379,0.0023763346673404246,0.02560507547934812,,0.09127144326143671,0.012456807843139921,0.10409235487619042,,0.024048984902853614
2022-08-12,0.10084525265287257,0.021967682150818704,0.013067937574411746,0.03343165711541096,0.0730851233753444,0.09691314400686299,0.08876258437133396,0.09553985903143977,0.07787412569529191,0.09697884197606702,0.043289842558577436,0.002295047515564537,0.025970745803561276,,0.09103731549855466,0.012193065688289963,0.10257319808749482,,0.02417457689810335
2022-08-15,0.10067539265429924,0.021731079783283917,0.012982949233762812,0.03257458605505335,0.07213336107753426,0.09812904344694282,0.08904197346503001,0.09611584914471803,0.0777159733997714,0.09723993234879283,0.04332514384181832,0.0022160786327385137,0.026079696226583717,,0.09179243139593202,0.012170971522186958,0.10205312900070705,,0.024022408770844803
2022-08-16,0.10061459061598124,0.019170489765369263,0.012897469561320771,0.033246032340937266,0.07233864065866187,0.09907334658526903,0.09006865161725343,0.09580919706793299,0.07798258703659669,0.09719748013938945,0.0430156953233442,0.0021362673014850998,0.02629168714444948,,0.0917364441532829,0.011541935720923295,0.10298358785179774,,0.023895897116005326
2022-08-17,0.10121642241413513,0.0191346407144298,0.01289784375659826,0.03212060397283059,0.07138084611099647,0.10000312235176981,0.08917578206757362,0.0957210746433095,0.07795326532758182,0.0970141279864308,0.0439957965369059,0.0019607564773203206,0.026503405435449663,,0.0924889294860558,0.010675147966556477,0.10396967631766274,,0.02378855843439334
2022-08-18,0.10094873989883556,0.019104385619433638,0.012890132985836574,0.03206111965241281,0.07283337059845975,0.0997510455706972,0.08809828554540866,0.09472665554538592,0.07718591615417887,0.09683505059766219,0.04394303896849502,0.0020858987310055635,0.02698108292320413,,0.09297029889735305,0.011295126723576588,0.10427833289675364,,0.02401151869130085
2022-08-19,0.10195418400003592,0.018435080618191022,0.012816452608344825,0.02960008935500409,0.07250748853620129,0.10014449329463353,0.08809734253166754,0.09455145742931034,0.07832449102166626,0.09692370773470722,0.04399942628759242,0.0020228515535207084,0.026743379128430785,,0.0934183015433037,0.011528066301498692,0.10536563943417497,,0.02356754862171665
2022-08-22,0.10229046117307689,0.018154919539440564,0.012871964740297859,0.030291637719535695,0.07267723968156184,0.1007419361960842,0.08706983300906952,0.09326975263927904,0.07909743078287278,0.0969881041729698,0.04375051768961686,0.001971580504170389,0.026698731463795384,,0.09297346226848126,0.011801132954284657,0.10585693341063834,,0.023494362054824955
2022-08-23,0.10209897622583826,0.017803340141412074,0.012962272279890413,0.031610300162169376,0.07316695447542877,0.10049828956572557,0.0865259854090719,0.09276388987692678,0.07871443363896066,0.09683597199304499,0.04365893916845599,0.0021430665215132895,0.026686278894315105,,0.0928440593229801,0.012347219684978454,0.10599099204656875,,0.023349030592719415
2022-08-24,0.1009830434108855,0.01874965147578101,0.012931569923734083,0.03577210299792755,0.07296978187762279,0.09985946305504134,0.08585399495612417,0.09223347311048763,0.07772517633975035,0.09677301288248444,0.04417546573934422,0.002445338032625876,0.026461917332483008,,0.09162089977127093,0.012707436235369048,0.10494038510668025,,0.023797287752387798
2022-08-25,0.10041853097294233,0.019749406822417527,0.012955243687237624,0.035781418050420524,0.07418400973941412,0.09861397694664392,0.08680284072815829,0.09360652804668858,0.07685498284107724,0.09627932259127545,0.044380288523389474,0.002414921486521413,0.026690676940075854,,0.09124574618359857,0.012149053907444871,0.10396242628670208,,0.023910626245992134
2022-08-26,0.10089859030088984,0.019311658834656954,0.012908517586922614,0.03571222208303846,0.07395167570374014,0.09912667435613347,0.08633837041428265,0.09285538606175195,0.07820969446458215,0.09581510768663674,0.044379286774847544,0.002327392643173382,0.026517721178491396,,0.09155985039433108,0.011547146630578951,0.1048103899453394,,0.023730314940603316
2022-08-29,0.10161590122278856,0.01888109135097183,0.012863528777702863,0.03889252053345435,0.07380148657201857,0.09937968623778874,0.08508332440668231,0.09087157117049213,0.07814600893203043,0.09605087240573118,0.04399028223188834,0.0026991391033903186,0.026253007391444223,,0.09084731169494195,0.012121122286866272,0.10505172254940853,,0.023451423132399413
2022-08-30,0.10148247387196714,0.01890937420728003,0.012912376944184664,0.04017267827471452,0.07356330004453135,0.09935881721669677,0.08620476905344769,0.09171676085740015,0.07750601498471428,0.09536122490783447,0.04376122902458394,0.0026491965213064064,0.02636727635440146,,0.09046447846830294,0.011187611971736289,0.10509656741203935,,0.02328584988485842
2022-08-31,0.10058426251646366,0.018958099571700412,0.012861201190981336,0.03956619181632117,0.07563335977659509,0.09893786220187067,0.08635675663212251,0.09221971754441427,0.0767330785367308,0.0953702515623918,0.04364253553865583,0.0027213701018431275,0.02658731233558553,,0.08955514586266766,0.011644604283898604,0.10473984608428495,,0.023888404443472597
2022-09-01,0.10225633889290424,0.018310234503758332,0.012692605881765281,0.03854915379358709,0.0760797982298447,0.09905988154550847,0.08472747450493769,0.09109067020326982,0.07745319464893881,0.09602181688432623,0.04391148274116358,0.002499113017402264,0.026359385682739194,,0.0897056167292142,0.010915898118685962,0.10643432221971352,,0.02393301240224061
2022-09-02,0.10235074601625949,0.017794584900751555,0.012776864298786548,0.03944414837662241,0.07583089569691372,0.09974420031707075,0.08326614970923348,0.08904522021914679,0.0779354890971447,0.09646782279612909,0.043532326840677704,0.002610973828134235,0.026916441526580563,,0.0897813464012159,0.011619101442131283,0.1066057738735714,,0.024277914659630462
2022-09-06,0.10281135879517579,0.018141941797625377,0.012813852178284525,0.03925355959392319,0.07689446381707787,0.0993710504404354,0.0840231602372015,0.08927599629513507,0.0776343528834974,0.09609730381887327,0.04322669393864768,0.002591925314298766,0.02648262764100738,,0.08912943795434919,0.01208982229541378,0.106503302303045,,0.023659150696008782
2022-09-07,0.10323302251886396,0.01862786750859026,0.01308928936011244,0.03922091259752088,0.07537092066844903,0.0989417863547231,0.08354918134829266,0.08904694706308341,0.07782870599772355,0.09611953091946997,0.042888068254200704,0.002583638844442099,0.02633671112802593,,0.09179765487905511,0.011736016527963366,0.1063059419125077,,0.023323804116975745
2022-09-08,0.10196808718110743,0.018770636795411067,0.01276335704116887,0.04001240612902432,0.07764611882414263,0.09770587709291999,0.08364356100335939,0.08914483164210368,0.07706449358077706,0.09614541036114477,0.04272747437410923,0.002797795850334754,0.02660489331729012,,0.09223737609480209,0.01198292752237319,0.10532837720916448,,0.023456375980767063
2022-09-09,0.10161886809021829,0.0188511526193591,0.012972928747524261,0.03962623657589603,0.07834870581421338,0.09718861208518065,0.08398899059723731,0.08918066577491535,0.0771364444109312,0.09621436079618223,0.04424678390547038,0.0028747923941120908,0.026939835004385005,,0.09140825190521862,0.011474412509866083,0.1043774674379173,,0.02355149133137262
2022-09-12,0.10093995749376652,0.018712164812677106,0.012864862144443726,0.039307530363768294,0.07802517907276736,0.09730492280997914,0.08457498198480222,0.08920304651014928,0.07761199475829789,0.09562321126473428,0.0448142060347244,0.002634442402510881,0.027290752855138423,,0.09197072259272601,0.011311847144876314,0.10405548649755361,,0.02375469125708438
2022-09-13,0.10138571070569401,0.01859732662214946,0.012936440416820892,0.039926868385261126,0.07911435135813284,0.09815950453311269,0.08293386536737452,0.08821337725331903,0.07735628476345359,0.09443203262989329,0.04482941739702157,0.0026203000818406613,0.02757239507356659,,0.09182120530363166,0.011361875467976552,0.1049447488385404,,0.02379429580221115
2022-09-14,0.10194366784651838,0.019592653869995674,0.013155340522942887,0.0406465008795816,0.08014461826225727,0.09794541648944825,0.07962611744562684,0.08630015878026878,0.07754920105381453,0.09459987776897752,0.04417587605546481,0.0026339037640041338,0.028033741475460193,,0.09194627615703299,0.011672980083673986,0.10600101370573271,,0.024032655839199373
2022-09-15,0.10109082780327215,0.019389746264113546,0.013367248527443636,0.03940326831060313,0.08084017444759316,0.0983341390149821,0.07852954178718372,0.0868365142857467,0.07708416005922739,0.09435347122510711,0.044535644326080384,0.0025706898416385238,0.02902188497889643,,0.09292541617380276,0.011668084450655107,0.10548477339308465,,0.024564415110569567
2022-09-16,0.1,0.019166159852329022,0.01241624386684872,0.03276112054086225,0.07775692806166092,0.1,0.10000000000082354,0.1,0.06968371324255358,0.10000000000082354,0.04093745655117179,0.00267402902058245,0.02274728034260578,0.004215281375105201,0.08436096879479253,0.012073521818260845,0.1,,0.021207296531579767
2022-09-19,0.10001427034644388,0.019144872063439632,0.012472300376249407,0.03291614189678445,0.08051815159473079,0.09970507073618795,0.098484256841165,0.0993614818111496,0.06938572202609784,0.09964104806738218,0.041246259580689705,0.002598478479454249,0.022654571994878987,0.004182362714572136,0.08401721004118967,0.011827982337982292,0.10055827092340497,,0.021271548168197492
2022-09-20,0.10056077641057372,0.01841037081065209,0.012557345160411203,0.03366525166478486,0.08060157778242945,0.10021594111581306,0.09908533678798181,0.09974201515950866,0.06970901720798235,0.10014886683607736,0.03788448209190195,0.002590679103838174,0.02244728224642253,0.004260154206247014,0.08403315782338665,0.01186920129259481,0.10111648873704246,,0.02110205556235187
2022-09-21,0.10043219458829684,0.018695228652346765,0.012550647933011489,0.032905005206897146,0.08104385984426483,0.09992008830319747,0.09931794073890533,0.10146859690162982,0.06985769915769428,0.09960274317482136,0.03790608253865645,0.002496502273577634,0.02235194479658357,0.004308481175256013,0.08380683939432373,0.011623722876117317,0.10077076621118655,,0.02094165623323338
2022-09-22,0.10180813589117142,0.01797208945601208,0.012622010325099771,0.03272572901954305,0.08010944172108021,0.10031210369024583,0.09900066080160526,0.1007677887883502,0.0710198147485514,0.09960736523890479,0.036629979588505834,0.002397446842717108,0.02216271674476183,0.004353810625760424,0.08398792485607595,0.012119405092586194,0.101570536300208,,0.02083304026882073
2022-09-23,0.10272958587244492,0.017164013052137793,0.01260198520660137,0.03127665698660739,0.08028548411651264,0.10151742616493241,0.09730516567483316,0.10010661378323413,0.07102214569650943,0.10166207404824422,0.036362808424655335,0.0022640079903315682,0.022222949255084428,0.004444846535131488,0.08440479308304594,0.011555309531707636,0.10241182934594366,,0.020662305232042575
2022-09-26,0.10291897549843758,0.017045623700132906,0.012874736401821536,0.031789285434153124,0.081353532383383,0.10141183138132688,0.09814773018887762,0.10045391507251195,0.07090765243655749,0.1014069758191988,0.03573083599192787,0.0024139343510274063,0.022048241710679664,0.004550369323743687,0.08346391780842174,0.010837565926763132,0.1023133223166206,,0.020331554254415046
2022-09-27,0.10154604241101964,0.0176932047148248,0.013128865278533753,0.03397829633599457,0.08362500044422602,0.10053012980028746,0.09571948572930208,0.09962570425453518,0.0700446293014475,0.10197013789507049,0.03536438924988746,0.002543684735004247,0.022411523375261738,0.004624052274624575,0.08307383750851963,0.011944746011307737,0.10190367090942784,,0.02027259977072526
2022-09-28,0.10108300968876983,0.01787494645831123,0.01316966312817334,0.03469844228541154,0.08373574142816348,0.10046937594220413,0.09659521051834252,0.10001755251161379,0.07055877667182017,0.09954293900099383,0.03602376570553449,0.002724402285347007,0.022639222731512136,0.004579575909585818,0.0825128772636333,0.011730033540779684,0.1017778481686144,,0.020266616761189186
2022-09-29,0.10009068301704327,0.017327993486790216,0.01352724432867729,0.03561000967028156,0.08506948981320164,0.0991395277102166,0.09757333036344638,0.1013023409829662,0.06980313223194688,0.0985230971965351,0.03654078267709935,0.002701137925780604,0.02290167366339737,0.004761495556229638,0.08156048242335445,0.012137080992470354,0.10125632396954075,,0.020174173991022386
2022-09-30,0.09804492489718794,0.017312217730641618,0.013513071996244632,0.03538627677144789,0.08594834348400471,0.09743233364160242,0.10075393881048862,0.10350475859425413,0.06918108707364783,0.09860717005028818,0.0369595121100568,0.0027403222795544303,0.0225912123845391,0.004803542910052734,0.08141080498904678,0.011555767988550427,0.1002444440568837,,0.020010270231507993
2022-10-03,0.09750288811395143,0.017500259841094698,0.013525252684546348,0.035819032980954464,0.08721369831973956,0.09752697293322513,0.09947396874901396,0.10272478929043534,0.06960731328090755,0.09871482515382478,0.03742297846867142,0.002693993216665526,0.02262911088725402,0.004682466832842875,0.08159876465332315,0.011307953159564024,0.10011832857435739,,0.019937402859628348
2022-10-04,0.0977233964216356,0.01802802529411485,0.013663737557251962,0.03548218248862244,0.0877653998085224,0.09575656626870463,0.09866985739680927,0.10178295849666238,0.06925011628140623,0.10012887736380156,0.03806238526172936,0.0027147689330088583,0.023008735571393817,0.004568177902910107,0.0822294665709214,0.011394657543341158,0.09899003137511128,,0.020780659464052526
2022-10-05,0.096851416901388,0.017323303678314236,0.013680366975674959,0.03615155684258906,0.0885801229722828,0.09463879333873416,0.09789544157843656,0.1025208972010576,0.0700901404052947,0.09917945831534457,0.03855629871781651,0.002769956764821587,0.023814561651183872,0.004677974577045103,0.08230371658137219,0.01119098316566921,0.09854387275757855,,0.02123113757539648
2022-10-06,0.09641775776041733,0.016625777960392066,0.014201810452266346,0.0359780630036503,0.08969815800864574,0.0934683272286643,0.09652136511931726,0.10211385328510887,0.07098009067017201,0.10002842929046364,0.03893567697618051,0.0027296625208767266,0.024381510464276612,0.004834246335283942,0.08244323874519317,0.011475100458798678,0.09743916998270676,,0.02172776173758574
2022-10-07,0.0966460879466187,0.015967039700688253,0.014374511305804989,0.036575076842589024,0.08963165209585104,0.0931599125293131,0.09651599531931862,0.10140515358491518,0.07137884103973895,0.09999923921301361,0.039460161307756494,0.0026803485445982354,0.024902468947681427,0.0049348954986678595,0.08222054579785021,0.011632594433736048,0.09700715354638016,,0.021508322345478083
2022-10-10,0.09878045387141993,0.01562921148501194,0.014508015019407657,0.03492738469697927,0.09029069508817246,0.09371650492873324,0.09394246657814284,0.09916395670442599,0.0723807041095511,0.102705234476203,0.03913403321962871,0.0025377967704915553,0.02494908801421969,0.004956076301497224,0.0826750482417853,0.011161254685238693,0.09723207681270245,,0.02130999899638888
2022-10-11,0.09953127460273868,0.015651253418488782,0.014694840356877025,0.03561511842043466,0.08850818557535292,0.09441003032192477,0.09460027884506965,0.09869117413829886,0.07178735661556718,0.10202969712941475,0.04001894298149608,0.00247878035114245,0.025046425226713135,0.0049687444389007905,0.08242796768047016,0.011128301438996792,0.09692228179767558,,0.02148934666043775
2022-10-12,0.09898372035139695,0.015401866480776932,0.014851333768205341,0.031771923733455776,0.09063512047917043,0.09425144308678653,0.09668917907327469,0.09939925160646786,0.07077198058187631,0.10114876407378523,0.04080671100591762,0.0026116702116637104,0.025042583127389294,0.00513023574030249,0.08260023856582306,0.011341865771989658,0.09673965057644354,,0.021822461765274512
2022-10-13,0.09966984894371728,0.015234317581620156,0.01469570934247262,0.030935936481826843,0.08982046344439845,0.09495436106731658,0.09700122051178893,0.09849424530433712,0.07160102139420862,0.10157527371953155,0.03993426313331283,0.002716846914323037,0.025206107839956433,0.004981729328112004,0.08243910996399822,0.011496419690117091,0.09782282417243726,,0.021420301166525
2022-10-14,0.10006850035509013,0.014996876312177906,0.014748895813964984,0.029962909312196275,0.08872965518511555,0.09576026069062699,0.09741876906977585,0.09717103316683794,0.07253737193557519,0.10177493966907142,0.03926778306243359,0.0026561958921042074,0.02561395454778874,0.005074531192232048,0.08222354062539693,0.011558834420649186,0.09886106520235415,,0.021574883546608963
2022-10-17,0.09917640059227861,0.014960419852945427,0.014520249147256279,0.03108856411347379,0.09050961553117648,0.09457279177893534,0.09939014401895942,0.0986510652280915,0.07152516511623942,0.1004163366834244,0.03944513885397991,0.0027752311377787124,0.025437374341950706,0.004941666867194936,0.08223205132561232,0.011312245968967278,0.09743525639548177,,0.02161028304625357
2022-10-18,0.09905524572049228,0.015002521787873537,0.014820396053954564,0.03128732605358633,0.09025890592257914,0.09461443845886632,0.09924605046757806,0.09922851723814022,0.07165820309919187,0.09975242892499273,0.040008700542156994,0.0027187940015861133,0.02556671617891262,0.004845962750045484,0.08133493568242291,0.011627834855186576,0.09728394431363326,,0.0216890779488009
2022-10-19,0.09986523527597627,0.014673584510746528,0.01504260915307674,0.031225135364267242,0.09078057996055215,0.09484593822158102,0.09914783741946727,0.09805975582732993,0.07158908374242982,0.09951080169088966,0.039872395122585225,0.002726834973530773,0.025363846620667808,0.004926089849676395,0.08126588856247094,0.011698189901590215,0.09769895618256828,,0.021707237620593765
2022-10-20,0.09905476754491609,0.014662782635547315,0.015178995295507765,0.03221907674602533,0.09097854111175317,0.09439262601903185,0.10047792370215401,0.09962920412461465,0.07142280489709657,0.09737578718655451,0.04052974803203597,0.002824585386675037,0.025013707289565167,0.005001126137926714,0.08094870233777188,0.011592751208957312,0.09736075584238546,,0.02133611450148122
2022-10-21,0.0989232679570119,0.014701528139193136,0.015163080581440029,0.03232414841543946,0.09189088329103594,0.09402211710136227,0.1002302943779616,0.09906244580275435,0.07153831174485288,0.0984318117551199,0.0404250467766713,0.0029046752552944807,0.025443376732711475,0.004894021179617307,0.07998433222907075,0.012202379884155982,0.0967536028824676,,0.02110467589383957
2022-10-24,0.09891753383173724,0.014563222783485555,0.015173664134742429,0.032293355194258244,0.09181661375364675,0.09443687481598026,0.10036970622040083,0.09803093478782687,0.07119669872049787,0.09846551382661094,0.04071766313092627,0.002849495685673622,0.02572819850458351,0.0048728268802457645,0.08100326508296601,0.012280175799458656,0.09650570617075625,,0.020778550676202788
2022-10-25,0.09819653292948746,0.01541756894283459,0.014882300105935827,0.03246402598797266,0.09024489382677305,0.09339991524373911,0.1023508486045502,0.10003985540528122,0.07123801263900484,0.09845743847626492,0.04130524343562677,0.0028685887081125825,0.025510678288511456,0.004789060864814407,0.080343659992423,0.011818567713051833,0.09588788104048694,,0.02078492779512908
2022-10-26,0.0983991987925065,0.01582770423141491,0.014884226086394465,0.033110156897824525,0.09107253981662282,0.09383619728885752,0.10096613808555831,0.1002492742116594,0.07139740943583782,0.09830464108640094,0.04116986043067318,0.0029306599922662006,0.025253825351259515,0.004797684188141828,0.07978772222734727,0.0114071630763952,0.09589309920011907,,0.02071249960072042
2022-10-27,0.09783336970236443,0.015883219510177547,0.014826248812444211,0.031569355845683454,0.09519122378784087,0.09388944675660472,0.10038196849607016,0.09989198550598136,0.07128528209479466,0.09810760706654799,0.04154727627011855,0.002898569799170794,0.025498619558371075,0.004780771431068684,0.07940904071668808,0.011415946115275296,0.09487097218248254,,0.020719096348315705
2022-10-28,0.09812432569138192,0.015511975711901617,0.014927399605577738,0.03132340037655593,0.09378974753737096,0.09466417710021593,0.09970419960921804,0.10010462310359078,0.07165570446738659,0.09882852034017846,0.04085157589040408,0.003017804466141591,0.02552882058316372,0.004680382891105042,0.0804119083192953,0.011013142926999337,0.0946429762391594,,0.021219315140353575
2022-10-31,0.09714577748577134,0.015787080585055846,0.014884569529024788,0.030834511977017455,0.09516409073578942,0.09604434609719095,0.09925852670362356,0.10048189840276413,0.07171489011403301,0.09903720592416572,0.041045640804467674,0.0030825077258613445,0.025538811118797813,0.004711198410934939,0.07905340032753545,0.010892523328763351,0.0939836115946206,,0.02133940913458276
2022-11-01,0.09814677926182891,0.015444390791068107,0.015125883820169257,0.030828728616774992,0.09652161609238391,0.0959745344760802,0.09618274452500171,0.0985827797937717,0.07265146360803071,0.09980014698474839,0.04130956253637077,0.0030546443556227253,0.025381931078962215,0.004726397793565725,0.07962946616086232,0.010966415637124336,0.09435280478523075,,0.02131970968240315
2022-11-02,0.09900494283956085,0.014841560533221995,0.015182247301096699,0.0304883474058273,0.09522301494433029,0.09631850312231886,0.09473793924543014,0.09899803751085154,0.07391677432649764,0.09902167669440701,0.04102805571178603,0.002890922094522041,0.02531779434848623,0.004784483228667216,0.08103053588437703,0.011169835183101499,0.09444369118138303,,0.021601638444134645
2022-11-03,0.09870209351083362,0.014636417155761769,0.014939064657947285,0.030281170379161903,0.09582027191355465,0.09565480232010859,0.09477534090942448,0.10461187193182611,0.07368783622212993,0.09548925857217967,0.04119577883853931,0.0027215578604612174,0.025258256161287657,0.004745751441183218,0.08100312594962178,0.01096268432537553,0.09376195590130265,,0.021752761949300817
2022-11-04,0.09886387635511083,0.016218499003493547,0.01476753591544884,0.029622993066790955,0.09485654571946424,0.09210582363225113,0.09558448461298874,0.10823779625426147,0.07401878364088396,0.09524111094046223,0.04048895470362106,0.002817093093033289,0.025488192881885887,0.004704172958906057,0.08145966118069832,0.01122339546032509,0.09307183000233966,,0.021229250578034767
2022-11-07,0.09819277318323395,0.016536952585271863,0.015119702669708685,0.03129320744850391,0.09511573593509108,0.08722547068051117,0.09721433418996439,0.1086596808246977,0.07327618663709973,0.0950015503993501,0.04136906597701106,0.003022264545244666,0.026243401468611916,0.00475700165270085,0.08155056134783832,0.011237306865798569,0.09182595967666894,,0.022358843912693015
2022-11-08,0.0996481066997306,0.016625519013719916,0.015051002927741098,0.032150505732043116,0.08906588660433692,0.08683897704182984,0.09849980403268957,0.10684294551139688,0.07305068511802644,0.0977789969026397,0.04185276696838829,0.0029545039125803123,0.025704085212648983,0.004760405596384994,0.08238491210415931,0.011333164054531369,0.0928054334672961,,0.022652299099856544
2022-11-09,0.09945348583413846,0.01578551629427396,0.015602970553461597,0.031201584181092194,0.09014920767786751,0.08498236000844261,0.09838771953232801,0.10872055735384188,0.07345929666174357,0.09908283468911597,0.041323982479611936,0.0020720433291968607,0.025136721651553864,0.0048366636251257165,0.08269835122497458,0.011382456557261455,0.0933085099922707,,0.02241573835369914
2022-11-10,0.09811240100209112,0.01769024109279134,0.01574229597726586,0.030250844503797843,0.09271232829580642,0.08273354426582206,0.10396362045359878,0.11116494027948552,0.07189308662349156,0.09675836184748014,0.041722202876743934,0.002322219067216235,0.025085050715107936,0.004567333322115023,0.08114271218288042,0.010884090057600734,0.09116688593751182,,0.022087841499193326
2022-11-11,0.09645281213136069,0.017859047326228613,0.01532787467601213,0.03082572983000206,0.0901578465747643,0.08211887544712179,0.10710319657969698,0.11365411509454086,0.07180130628983125,0.09729598561895059,0.042030576665751516,0.0024892992894050697,0.025320799260362733,0.004579218945144118,0.07967775134970959,0.010959248242140295,0.09063857510629297,,0.021707741572684406
2022-11-14,0.09716269640380615,0.0180574891824337,0.015175381803227417,0.031306781703619904,0.09384135569326925,0.07889627044027596,0.1054826655573578,0.11243643719479124,0.07204104173351046,0.09685084683559489,0.04176320601810083,0.0025600941850053224,0.025021706412192847,0.004681594454044662,0.0801580101484503,0.011539429301117229,0.09188226975945894,,0.021142723173743057
2022-11-15,0.09655195268429194,0.01817245064821774,0.015244247476292229,0.03150238912462574,0.09224133193422111,0.0790927427862885,0.108412938371576,0.11414516557926385,0.07175403961755562,0.09608612037586339,0.04220785706965463,0.0025379614618107715,0.02446006190412295,0.004622505097314973,0.07881729246656516,0.010883190124909375,0.09262234610867062,,0.020645407168755438
2022-11-16,0.09765269864571957,0.017676541036313772,0.015370153447220331,0.030736972305621425,0.09094620409788041,0.08057498785134977,0.10711857041980519,0.11313465688653057,0.07257519340335125,0.09619557803096423,0.04177247768388206,0.0024623549845539227,0.024332015239820832,0.004648529420996388,0.08028507162450155,0.010535589437350227,0.09309523087796698,,0.020887174606171496
2022-11-17,0.09836151815044493,0.017812563768562953,0.015422136816126504,0.0307346996400195,0.09066229838408213,0.0800614702939625,0.10818111045578543,0.11343827864120394,0.07280619946841553,0.09610603581912011,0.04209341529376843,0.0024362620449047017,0.02375253504796817,0.0047175616188422885,0.07875928861835951,0.010653446976046853,0.09314682220071979,,0.020854356761666887
2022-11-18,0.09886558679748907,0.017408842620590143,0.0151301434391275,0.030402224090458067,0.09211926335658249,0.07962235134242313,0.10710897542289823,0.112604799027238,0.07347103476728023,0.097011299798913,0.04206596580259285,0.002410544415233454,0.023807495559975664,0.004627065698448351,0.07966346165421605,0.010534267058296208,0.0922886632751861,,0.02085801587305162
2022-11-21,0.10052537180658493,0.017185709503170596,0.015074900717561875,0.029312669189409314,0.09187803257745084,0.07981579099521267,0.10697373286498243,0.11342763652522408,0.073869561660519,0.09701098564892505,0.04206958551079313,0.00246603455665539,0.02310358955586568,0.004609364252106154,0.07962426908762553,0.010135682256741023,0.09215801292581477,,0.020759070365357634
2022-11-22,0.10020345390394324,0.017506493918799444,0.01493563106523393,0.030067399545085822,0.09373583814369799,0.08004557964599004,0.10491251382871643,0.11258156661408016,0.07297847521090667,0.09801428151343843,0.04204887889095202,0.0023648804155245403,0.023554134407199532,0.004568380437867858,0.07961302600997552,0.010185732230225742,0.09160626733894275,,0.021077466879419905
2022-11-23,0.10053608835464747,0.018005674112662316,0.015073768757837409,0.030069124671072006,0.0930034509048979,0.08015183250135684,0.10510123627855789,0.11390401512091501,0.07225918235834328,0.09781207221121374,0.041873944123086766,0.0023519455327570527,0.023330626412213507,0.004513392077179521,0.07952664761195927,0.010136987154050188,0.09104808035439896,,0.02130193146285087
2022-11-25,0.10043398317296541,0.017774757652543563,0.01518835073221514,0.02996331966610851,0.09315079663452344,0.0804141009803902,0.10480471690733667,0.11385900506486343,0.0724490365514469,0.09785942594989788,0.04180768917668391,0.0023463555230556765,0.023073819534746735,0.004493762762428682,0.07940922614976213,0.010295125796134296,0.09136455527762774,,0.021311972467269718
2022-11-28,0.10171202336200177,0.017145045512052634,0.015191315785232092,0.02902071679088917,0.09227383992777856,0.080484179296146,0.10287518611751953,0.1136349376725078,0.07330934650951688,0.09982894271727112,0.042229809423108305,0.002281304333954683,0.023043361816279837,0.0045634552650958005,0.07955812757285002,0.010048733430134689,0.09141313652035869,,0.021386537947302317
2022-11-29,0.10108656554744093,0.016838278233632414,0.015186828424851766,0.029263386144365904,0.09189644431456148,0.07929961268167669,0.10398594797221904,0.11500069335247455,0.07300986522829207,0.09917835440479356,0.0426787762493893,0.0023355740625891934,0.023291303675205023,0.004562107266762839,0.0794263954970799,0.010059762951214529,0.09115027853516,,0.021749825458290996
2022-11-30,0.10069985094560045,0.016931397769160528,0.014981750206565558,0.029840693341511376,0.09107914758385995,0.07895134190040888,0.10474689599272852,0.1152472951117838,0.07322848342068834,0.099892327656016,0.04195389145903237,0.002326057723715587,0.02297357081575252,0.004443175618933088,0.08030726930765765,0.009897485014753132,0.09122424689223006,,0.021275119239602028
2022-12-01,0.10051220657616958,0.017112801538064035,0.015105374206223052,0.029130327644090397,0.08967039049640461,0.0781475616712519,0.1042553706103855,0.1168580125323413,0.07338782530843727,0.10048394006962123,0.042381943265724406,0.0022888589274391627,0.0228134009686046,0.004451112492587834,0.08029986817433409,0.009924269791609626,0.09167868311771993,,0.021498052608991406
2022-12-02,0.09969182638633353,0.017606912922374218,0.015431276638794978,0.02930388501800343,0.0878874237127921,0.07872123178362501,0.10404450540270216,0.11631654923686018,0.07353803345646309,0.10088865616756248,0.04282094013840249,0.002348102042471536,0.022490931202308433,0.004477632049959232,0.08143083097826637,0.01018947753092738,0.09166932949864602,,0.02114245583350726
2022-12-05,0.10010558697181328,0.01699816834264377,0.015390225999475862,0.02824502936415941,0.0869096821819274,0.07798281076857236,0.10359982926027969,0.11633833976128541,0.07400095728655766,0.10266950001290026,0.04322296120414947,0.0022268880231036325,0.022521131288048793,0.004533566535664058,0.08139130114150682,0.010082959195509002,0.09290668994694135,,0.020874372715461748
2022-12-06,0.10196032922152014,0.016280987337340895,0.015229781565554379,0.02712054963621487,0.08755065301865624,0.07657707712697656,0.10250079923157498,0.11674150417560306,0.07504019506182898,0.10529710368902082,0.04293574288237797,0.002125470125581882,0.019100490888138272,0.004529771214928606,0.08178278961553208,0.010009789712678716,0.09410651721383245,,0.021110448282639093
2022-12-07,0.10265802061609931,0.016247266099929315,0.014917997519024256,0.026899132133823486,0.0889927556603231,0.0765094990095664,0.10349831329976804,0.11677622879890377,0.07456888178228169,0.10430842897556004,0.04290208066986544,0.002125218475435846,0.01830316604616097,0.004545201652309197,0.08115436820085123,0.010053165974990657,0.09444271994609334,,0.02109755513901403
2022-12-08,0.10376732200810737,0.01662971500693196,0.015224311766949586,0.027309755699347196,0.08848465593560856,0.07691007602716302,0.10209462032340356,0.1165046480466823,0.07526234438591332,0.10299484366108104,0.043033142450091946,0.0021708821903739664,0.017790360696638665,0.0045466928072102316,0.08127581448716781,0.010163200954261103,0.09477084028730455,,0.021066773265763686
2022-12-09,0.10327525240111059,0.016717309716466535,0.01511349367204708,0.027260312079782245,0.08745963905843201,0.0774473841480367,0.10241601599408431,0.11593555042017406,0.07567098073510456,0.10283784558942954,0.04317972850382108,0.002117498529389049,0.01796324604006173,0.004578456850293081,0.08152140348423598,0.010084662104406077,0.09496048680223829,,0.02146073387088694
2022-12-12,0.10342545146745492,0.01747512213753543,0.01500250912307882,0.027402727441598752,0.08692782643248721,0.07817892831553683,0.10182656998081145,0.11455305890638055,0.07523268250295725,0.10358574422853246,0.0426839612195912,0.0020707037093412512,0.017838413181719404,0.004491952279344884,0.08114029933598878,0.009994991127752512,0.09679717970044319,,0.021371878909445027
2022-12-13,0.10257034685912167,0.01744183325435333,0.014727405888937459,0.027132993944696246,0.08615998112385514,0.07752998532939347,0.10352379098629713,0.1180558828274107,0.07457920165530128,0.10273310580150048,0.04290308201064758,0.0020861451518596153,0.018088683769777802,0.004453785206986057,0.08110761089845242,0.009410016813296824,0.09625046200311105,,0.021245686475001916
2022-12-14,0.10312073080391998,0.01860134283307969,0.014817567594451447,0.02730088348514016,0.08670299167645792,0.07711947369147304,0.09815987777759311,0.118413521080602,0.0750603629791734,0.10410786840874048,0.04273728095337037,0.0021009292010845705,0.017697279289462,0.004499306815799757,0.08173663842230672,0.009577787123854927,0.09681284268025668,,0.021433315183233794
2022-12-15,0.10151509884932354,0.01823850642213337,0.014755052078299373,0.027101257100808167,0.08686831037639021,0.07763925856082593,0.09920831611636727,0.11787986000293522,0.07502315602123912,0.10448182852594748,0.042839353122220945,0.002127192835454594,0.017592382134757407,0.004561569495316136,0.08172525519057357,0.009571144345668041,0.09715196657158888,,0.02172049225015071
2022-12-16,0.100000000000897,0.01638563682074969,0.014864801401338322,0.025644816525210442,0.08707659258129556,0.100000000000897,0.10000000000000002,0.100000000000897,0.07409563594420476,0.10000000000000002,0.043992806751268126,0.001800234244995481,0.01851293408651318,0.00465782149060054,0.08094921725317,0.01014962884607052,0.100000000000897,,0.02186987405099541
2022-12-19,0.10020816607381715,0.015598266096207737,0.014678625192955262,0.025509231990842998,0.087304120487845,0.10183825461636614,0.09864854181982247,0.0993236396332194,0.07381638626658242,0.10039520542712585,0.0431797250941601,0.0017349847772122357,0.018938905662867333,0.004694072793343457,0.08173412342095232,0.010503074467226365,0.10003787687801671,,0.02185679930143696
2022-12-20,0.09984912043432899,0.015396538388617683,0.014608463409751443,0.025941434924284083,0.08718559006112186,0.10241399282862648,0.09796198092144096,0.0984257710423335,0.07358385168506018,0.10111156992707034,0.04310414535225193,0.001756935299482847,0.019011942263756503,0.004687178026906341,0.08153674039576952,0.010704156962288398,0.1008819231613069,,0.02183866491560202
2022-12-21,0.1000110609534839,0.01511951935314354,0.014669071782201419,0.025919441637544803,0.08781896401150133,0.10155462004003432,0.09806788971448738,0.09885173492202805,0.07323201114838453,0.10080315267629718,0.04292808529649038,0.0017831825134326973,0.019162528567700707,0.004612956149216796,0.08199868475874199,0.010638547760141627,0.10103338400667006,,0.02179516470849934
2022-12-22,0.09993247194830182,0.014524256288684449,0.014626702161857835,0.026023002998562018,0.08623776243807679,0.10318820848619559,0.09833311324077212,0.09810475058017724,0.0729773731838701,0.10143158897499373,0.043238109029584255,0.0017415267604303773,0.018999404820763028,0.004650411668162326,0.0821112360459538,0.010515457614758576,0.10193536483353972,,0.021429258925316306
2022-12-23,0.10038715661331395,0.01367739431249285,0.01455368357009064,0.026274457346006037,0.08623308004059532,0.1028447384338543,0.09850177543261922,0.0975936531047407,0.0728442017524654,0.1017787496475786,0.04286374862770435,0.0016904794095183192,0.018860409270334246,0.004613231592842844,0.08276583771976943,0.010488530503475386,0.102496949657676,,0.021531922964922314
2022-12-27,0.10062477273749565,0.012977492646944047,0.01448560682035879,0.026634826408421054,0.08552444553955257,0.1041165264271223,0.09763421897993749,0.09686109251347062,0.07336660408157558,0.10165167765568993,0.042743086379244316,0.0017097225119916447,0.018981385503768055,0.00459409930797977,0.08340941012997821,0.010553672555507728,0.1028298671816431,,0.021301492619319087
2022-12-28,0.10057828451139025,0.013200702927999632,0.014463036731040189,0.026489026225628078,0.08530905383946988,0.10452967161929064,0.09762770024493948,0.09742592301200449,0.0729319117789677,0.10209936016953784,0.04168583916587378,0.0016583973597453256,0.01893547769860249,0.004659838809796921,0.08350238746903767,0.010556758703546682,0.10289670166235373,,0.021449928070775098
2022-12-29,0.10018533748155675,0.013729404447906723,0.014386270274136225,0.026345554464530442,0.08451195484815652,0.10373418407970189,0.0984250509576551,0.09832666533611298,0.07290434986546543,0.10145131216248109,0.04220780973745915,0.001766036960860516,0.019048831404072843,0.0046119216549306095,0.08334127526305547,0.010851249905491358,0.10259571869832207,,0.02157707245810476
2022-12-30,0.09991666077621973,0.014163583128001101,0.01456204693623277,0.026685973305077073,0.0846995764876393,0.10408597383572744,0.0982645118931052,0.09764298870928104,0.07248486823822989,0.10257724578413102,0.04233377373298382,0.0017555693314245694,0.01886648844520141,0.004650824959918392,0.0832796953950739,0.010682241822670935,0.10235652714966975,,0.020991450069412596
2023-01-03,0.09977046826117057,0.014223322437580323,0.014434671340562769,0.02697315514664445,0.08042740167981788,0.10682386845096248,0.10062248509508268,0.09859696005384058,0.07026161490267713,0.10231190898305514,0.04214898659576073,0.0017957864769639212,0.018930050757863488,0.004647362354762913,0.0842567675977884,0.010663874801868164,0.10297831425077351,,0.020133000812824913
2023-01-04,0.09934191732044517,0.01470800842483519,0.014271648766568534,0.02615247827390719,0.08098521893105401,0.10603323775415636,0.10039220337279514,0.10022413478830987,0.06953622675329087,0.1026078217391495,0.04269222146429455,0.0017649415853927043,0.018806132515758484,0.00459652515621657,0.08396984950571874,0.010887124112588391,0.10268669223638671,,0.020343617299132043
2023-01-05,0.10026356445618036,0.014420507316183655,0.014492458993217409,0.027329496329803617,0.08229977461423485,0.10597786425000265,0.09770189529691033,0.10005686585042285,0.06787250360391645,0.10320447818299329,0.042242304440733604,0.0018028765567893715,0.019135762156001334,0.004725309453669703,0.08441146866781533,0.011059799266873655,0.10249387748458662,,0.020509193079665006
2023-01-06,0.10095457113642343,0.01400426148459996,0.014481631520851307,0.02854490752505905,0.0815864895458567,0.10441609657326874,0.09865451796089882,0.09972368733712178,0.06896153454265434,0.10294986999880062,0.04279216226588662,0.0018449835276574135,0.01896458096714749,0.004622673834696378,0.08462992865521607,0.01060722432640801,0.10202760102070911,,0.020233277776744253
2023-01-09,0.10179760904087136,0.014539924483746663,0.01418330607432188,0.02889208953246171,0.08153332154305873,0.10320597497699964,0.0978905938963455,0.10026411499261646,0.0690070066435941,0.10343974556224565,0.04230918354194349,0.0018844160152242714,0.019113407974059284,0.004591971633247071,0.08524552049332432,0.010778585559609073,0.1012056186402353,,0.020117609396095637
2023-01-10,0.10086996173888722,0.016054954514770653,0.01425227185597104,0.029342054646863024,0.08044177069832284,0.10341943183547501,0.09883984601934408,0.10207378258584204,0.06838437667464974,0.10215185992074911,0.0419723070149755,0.0019122508292275181,0.019199686680403737,0.004582060991009987,0.08524232865588158,0.01087853396489848,0.10041103605296256,,0.019971485319765905
2023-01-11,0.09990083560368093,0.01660347793355643,0.014399437541464352,0.029032903186603648,0.0803997203733075,0.10298866096520132,0.10014318583048758,0.10366611268681591,0.06819610949586784,0.10184790909386511,0.0425763742954996,0.0019138214973869008,0.0186197486098545,0.004524806048747144,0.08459375831909247,0.010803437596308666,0.09977272314837816,,0.020016977773882023
2023-01-12,0.0988254588341784,0.017042360099397198,0.014330942310635461,0.029350483182449368,0.0807282707272627,0.10395686501081805,0.1024439876804263,0.10521813977754824,0.06701749327108784,0.10029500259851473,0.04314295153767558,0.001931030081392328,0.018840585499129592,0.0045294551081543274,0.08316160561923461,0.011002307713227692,0.09818243507394601,,0.020000625874921574
2023-01-13,0.09756085395378179,0.016768767152777232,0.014100653057169659,0.02930346810835865,0.0818142448130227,0.10440266945338414,0.10154214996808199,0.105331767451831,0.06716555839465357,0.10060789755054633,0.043677170905800956,0.0019528265507512026,0.018483947900749868,0.004579251270114574,0.08329238797505739,0.011080987612432664,0.09853454505601832,,0.019800852825467896
2023-01-17,0.09789851560248107,0.017378320692031587,0.014074885183964726,0.029316686429045852,0.08032399264230207,0.1040085004733189,0.10268979301812918,0.10491945720649766,0.06756762899141702,0.10037541411145197,0.04359215003387984,0.001924178156411521,0.018689481946465376,0.004589398892678089,0.08387559163605043,0.010646448483290327,0.0984694428414716,,0.019660113659112726
2023-01-18,0.09728553065534104,0.01762426751208762,0.014122824624538085,0.02893011895052131,0.08041031209471557,0.10488346945619574,0.10327053340698,0.10464472292156933,0.06923341763558671,0.1002083048955137,0.04419259891619817,0.0018766819433463256,0.01874792556277109,0.004648708550815635,0.08264568528671228,0.01079196727605179,0.097016655037812,,0.01946627527324374
2023-01-19,0.09708859623547238,0.01690845567555631,0.014044614245255051,0.029989027177059056,0.07995740586887863,0.10596319942955156,0.10356878821750634,0.10539773741533778,0.06942273703483672,0.10040543207887022,0.04368931107356661,0.0018655652902745872,0.01850860053260639,0.004725580080824658,0.08216370966122824,0.010903271204660999,0.09590222521760507,,0.019495743560909447
2023-01-20,0.09623794845917141,0.017671759634938528,0.014081666909538108,0.030683394125866844,0.08094191333511014,0.10515710429031062,0.10381530735817393,0.10658344251001103,0.06869827757051557,0.09973783252569932,0.04365987887154193,0.0018981659763263104,0.018948772432126827,0.004615689052884851,0.08152748482845282,0.010632568853482656,0.09548921972826963,,0.019619573537579402
2023-01-23,0.09638850808631758,0.018560339133593926,0.014302419585067427,0.031204087714578957,0.08171885725716824,0.10565461879602675,0.103794807832432,0.10553750758627528,0.06800780279067553,0.09814004948727567,0.0438560751260349,0.00197118260142294,0.019001481208726502,0.0045973597252583894,0.08180837597080651,0.01061610067267369,0.09470857959220338,,0.020131846833462242
2023-01-24,0.09646470826162466,0.01829277080234016,0.014553478250030493,0.03136149029862726,0.08154351571521863,0.1048176771091797,0.10363896492384184,0.10616623287554398,0.06837991733767308,0.09738278088854734,0.04378798555073525,0.0020024770968267666,0.019299182948413693,0.004635252463931789,0.08188327751964934,0.010829198810523301,0.09451649343032285,,0.020444595716969754
2023-01-25,0.09596587364876648,0.018489264037935074,0.014993379090768904,0.03174246453459896,0.08093303085385123,0.10446824526592263,0.1036617868084356,0.10592292068928795,0.0683952711195749,0.09704781479825861,0.044055174703765805,0.0020250238758495707,0.01939652093905828,0.004592430831054223,0.08167536835194378,0.01126847870601003,0.09520054076841135,,0.020166410976506705
2023-01-26,0.09575374061018231,0.01794742704504978,0.014955899786536804,0.03107740877810529,0.08255334586173747,0.10394918862001107,0.10480485583220119,0.10634510949920514,0.06835500551103632,0.09657798350408794,0.04458126379360727,0.002076660276413978,0.0194323755195733,0.004592724813001362,0.08123054260545216,0.010882307248295885,0.09468447511900355,,0.02019968557649924
2023-01-27,0.0953235352788777,0.01800704608605676,0.014925981657905015,0.031612949581602934,0.08279949713717925,0.10312066798896688,0.1061024635651995,0.10584863180090022,0.06820571952407341,0.09623683572642301,0.045530025795277825,0.0021433095159114264,0.01946626759250155,0.004525443673298965,0.08018642357970371,0.011154815569415364,0.0948551376580529,,0.019955248268653608
2023-01-30,0.09581613198570216,0.01758119245441682,0.0147669258410561,0.03206650087587686,0.07938097556366802,0.10429641498451481,0.10660539425619633,0.10588081129492423,0.06800957114211766,0.09710637079295562,0.04534001021965588,0.002184264269058362,0.019495817536579182,0.004558861213175791,0.08139312013253751,0.010940933721380323,0.09474349576177153,,0.01983320795441269
2023-01-31,0.0954345749182524,0.017799167265398066,0.014733984482705657,0.031788048673855936,0.08095306628586024,0.10420083782441855,0.10834842867133239,0.10615470489859188,0.06732497509178575,0.09662369531861446,0.04476015425075924,0.002132306110325528,0.01958381242124632,0.00448846440591262,0.08122836416919774,0.010711639265522278,0.09359403800011219,,0.020139737946108696
2023-02-01,0.0955099335738277,0.018040475766590073,0.014550795400915523,0.03235070132040427,0.08051968658215022,0.10266781173753874,0.10916639671153347,0.10543291039039973,0.06743916864300377,0.09628458520261336,0.0452645676895354,0.0021988168267558666,0.019689658734748417,0.004460675349152296,0.08060812822684887,0.011050143256462515,0.09465051178024504,,0.020115032807274783
2023-02-02,0.0949917964843497,0.01813360817149657,0.014614140911486974,0.03194638845178907,0.08007320615085266,0.10040506074334507,0.11213857804037503,0.10706437375768663,0.06803151251563046,0.09486579141994786,0.0458879087830955,0.0021835681359970802,0.019771759383831255,0.00449060761730709,0.08067154324742999,0.01073817793247913,0.09388357518873106,,0.020108403064168914
2023-02-03,0.0949234735290304,0.017934900106413146,0.014813871941817094,0.031961259473464745,0.08007367708836446,0.10017984064423514,0.11055004708754332,0.10692236170210281,0.06817613867226882,0.0950140577558081,0.04618108404956805,0.0021427222615123193,0.019975268306019017,0.004553770040826853,0.08100276751892042,0.010898102631995072,0.0944309182082388,,0.02026573898187145
2023-02-06,0.09517641760347367,0.017461647342476294,0.014752121680709766,0.03135008178792448,0.07995132572786663,0.10246080797678493,0.10955763196696218,0.10542605365527492,0.06852508967904074,0.0949774706944925,0.045611905332541273,0.002081952293487815,0.020102441425187766,0.004623588914931891,0.08144192384054005,0.011072299102358078,0.09510483803078591,,0.020322402945161185
2023-02-07,0.09489060268697677,0.01757219108829587,0.014833819785689819,0.0318950304155935,0.08248382853000603,0.10221395797159152,0.10868594679936922,0.10553401278916566,0.06784979556631272,0.0946059986841962,0.0453641340705858,0.0021825770551523547,0.020271526570049554,0.004626791541176886,0.08108892618398386,0.010498746315419265,0.09485427047678358,,0.020547843469651224
2023-02-08,0.09434648348273762,0.017534006058868314,0.014797648759641154,0.03184310425913446,0.08217061193164288,0.10038785225240464,0.10940345484083663,0.10787342550140007,0.06744938373581742,0.09466876067637003,0.0457003507539223,0.0021329810375254857,0.02045831039253784,0.004698684825270682,0.08105475769732723,0.01058418297883958,0.09439711328261187,,0.02049888753311175
2023-02-09,0.09326965863609908,0.01753691371116935,0.01482051710284774,0.03360379730230796,0.0831699947850888,0.09815818265320059,0.10918687892263469,0.10932652023150007,0.06672546730934568,0.09505006996077642,0.045115649992796734,0.0021966025104453468,0.02044502966178276,0.004657939557817091,0.081063852460629,0.010677707694601147,0.09442724537358117,,0.02056797213337632
2023-02-10,0.09390598491749466,0.017551882995568212,0.014777535517891535,0.033846588995054334,0.08410923250437473,0.09956291397098545,0.10761378261905356,0.10713688492592398,0.06719324233561509,0.09520683656280428,0.04456398135630609,0.002214116768884081,0.020357616175002643,0.004673523142834895,0.08125901668950569,0.01101015703622124,0.09446955409105559,,0.020547149395423923
2023-02-13,0.09416974987775599,0.016946322670111463,0.014749143577464213,0.03340994853458359,0.08332670113667985,0.09769834071550355,0.10872426542462059,0.10810795530257312,0.06694843695529383,0.0959475694718454,0.044806384803714384,0.0022192980279541106,0.02069816452103678,0.004661099634434112,0.08183385785535423,0.010826778195706608,0.09444438781657094,,0.0204815954787973
2023-02-14,0.09379228223542944,0.016947233505480042,0.014781601273612317,0.03375682804128735,0.08328370508768491,0.09706626561040162,0.10890580928153026,0.10677861608106158,0.06732417498924963,0.09818413692803726,0.04448110296727828,0.0023063653041704353,0.020503206929082026,0.00465922852849856,0.0818889585517492,0.010736797153516994,0.09407796456824849,,0.020525722963681457
2023-02-15,0.09354516276116127,0.01769300028777789,0.014838564732814778,0.03404807184455881,0.08260329935241101,0.09675546294060983,0.10881460910727853,0.10588664448041718,0.06773857924787569,0.09895720198861069,0.04422432103652695,0.0024015379432547664,0.020769429557358967,0.004624478512104153,0.08202565903070186,0.010758599362481943,0.09353510425524333,,0.020780273558812422
2023-02-16,0.09401075986893692,0.017059017679657753,0.014910056076379965,0.033281672205205164,0.08289181786169945,0.097137516702473,0.10875534916431291,0.10592415742974595,0.06868250016373106,0.09929981122501486,0.04444947195296539,0.0024863769065067392,0.019892427581506587,0.0045794148765402574,0.08269362221322327,0.010672148881152805,0.09293133823837091,,0.020342540972577025
2023-02-17,0.09554154367462298,0.01707351968645859,0.0149100659030743,0.033231294479607786,0.08160817733727486,0.09785734334509809,0.10660646310316246,0.10488478386529107,0.06921497581796436,0.10026610169074063,0.043874344145499414,0.0022489186974540896,0.019929493022278977,0.004659782394297777,0.083067655049498,0.010808595379542249,0.09380547900423217,,0.02041146340390215
2023-02-21,0.09603925068546006,0.01663107539421474,0.015017949900823155,0.032053826090257954,0.07937042403633095,0.09908131670633306,0.10670832611570065,0.10537411760198231,0.06959361272468076,0.10064229437053693,0.043202308144247,0.0022792888865037298,0.02027350104354653,0.004670099966541686,0.08345593399650739,0.010763140718501152,0.09432654352758482,,0.02051699009024714
2023-02-22,0.0968110530856272,0.016798873698591142,0.015087294984226519,0.032307474957946114,0.0774304103010982,0.09916882840368145,0.1058314948141524,0.10541316259560768,0.07006807622746508,0.10054629733610927,0.04351177508655278,0.0026153639185452137,0.019890775960021343,0.004794240747158463,0.08371398253179362,0.010815399044329,0.09465241809767327,,0.020543078209421292
2023-02-23,0.09617339727792501,0.016694891654287246,0.015011395248060706,0.03210290654220275,0.07844860672566141,0.09801796838397492,0.10740267731683216,0.10604126287335171,0.06962598230524555,0.10003066067939108,0.045125924304426364,0.002737509432440989,0.020026267643249912,0.0047709520651948445,0.08292214760610972,0.01086786528949689,0.09347990945360876,,0.020519675198539974
2023-02-24,0.09679642179933441,0.016053089037677944,0.015542030988744019,0.03265592548678321,0.07924317868556152,0.09838322715008566,0.10466903660344166,0.10379528589720863,0.070307310490931,0.09971281374832101,0.045158521914494924,0.0026662734059546807,0.020252845252122145,0.0048156281504982265,0.08449177705072548,0.010731163703278257,0.09411002426757192,,0.02061544636726526
2023-02-27,0.0965112235263111,0.016273413872195046,0.01575618440817785,0.03321952191263381,0.07838352124718594,0.09729795778423003,0.10458813299084574,0.10519800076304914,0.06957331958877401,0.100062631547829,0.04544980445648134,0.0025740168109224166,0.01992877235600108,0.004820671720599266,0.08515627954140391,0.010774232155343087,0.09393034947207933,,0.020501965845937744
2023-02-28,0.09588041859374495,0.016633353698258562,0.01588548431437672,0.03329585093224477,0.07634945006089801,0.09780336604085876,0.10580424640600025,0.10624711550790654,0.06866286685727595,0.09916904827000246,0.04639976760235468,0.002507023900728311,0.02012982987169178,0.004817171401444182,0.08503877584812328,0.011172258981878593,0.09360036491654795,,0.020603606795664357
2023-03-01,0.09559001941179736,0.017055066095795816,0.016435298294116454,0.03451788794166476,0.07677955846316667,0.09768917268881726,0.10384412878373393,0.1058668642160641,0.06869590875872517,0.09916997630221604,0.046927104117222576,0.0024931409850052757,0.020587684189848642,0.004889707245696762,0.08368258519452068,0.011219961325472753,0.09391110535764259,,0.02064483062849308
2023-03-02,0.09597044729448222,0.016642571726211947,0.016230007040427607,0.03391445051191754,0.07759125046080893,0.09675063167616127,0.10466495090285002,0.10623124662313636,0.0692390463923738,0.09925176167016929,0.04646522119894599,0.002388445675728179,0.020127721871961553,0.004819841026670717,0.08435691264327813,0.010800435293858495,0.09456859964429037,,0.019986458346727482
2023-03-03,0.09514428419491007,0.017050249355383348,0.016063100906745294,0.033765686349387376,0.07876698988388668,0.09632565670083071,0.10543039268033667,0.10664796476434113,0.06871648970112751,0.09962080492595402,0.04707191390003453,0.0023443139090627845,0.02023805304302745,0.00472028333224309,0.08329734507845774,0.010889375249463757,0.09424690766915927,,0.019660188355648665
2023-03-06,0.09535641279752996,0.017093296817793226,0.01570646774985854,0.03248349448886073,0.07851107209145142,0.09628804622439925,0.10458724338165339,0.10553277237037902,0.069085590397015,0.09980345425129365,0.04720834408548325,0.0022167895952101566,0.020662978683282967,0.004803783504114185,0.08279027462303633,0.010746991520537333,0.09476330482799017,,0.022359682590111417
2023-03-07,0.09601066142510825,0.017311526953242222,0.01593833191189949,0.031878289771857415,0.078801568166346,0.09544301440427592,0.10376640269558507,0.1051333699042435,0.06838595296859228,0.10010429643658734,0.04686195606871807,0.002346548413084183,0.020909604617172253,0.004786288557573953,0.08191267490241498,0.01077887622758749,0.09493607646030396,,0.024694560115407545
2023-03-08,0.09602782378047951,0.016888520250667324,0.016071941293328954,0.03141312279258584,0.0783729334801067,0.09528527544248905,0.1058777864665437,0.10558924171886541,0.0682926957450462,0.10002047011661704,0.04673078371621452,0.002289499554265138,0.02054576416728878,0.00483709265313721,0.08196289040097615,0.01077367232025716,0.09480868422159854,,0.024211801879532625
2023-03-09,0.09652844887493797,0.016238973314333018,0.016390494905901342,0.03194843232994099,0.07987472872910431,0.09517858902633235,0.10564962690032234,0.1051655366356917,0.06850346369930903,0.09946465269932346,0.04636139294293032,0.0022095360754368527,0.02022857956893296,0.004898038352548048,0.08112966075475724,0.010607852534566324,0.09560924378491625,,0.024012748870715413
2023-03-10,0.0971972349418385,0.015708006826041034,0.016191552565229958,0.03158240106731717,0.08030459905508759,0.09528393783139512,0.10601475037004765,0.10464434612403399,0.06833980064483162,0.10055804635867589,0.045996969630215205,0.0021664038966863063,0.019781156230202355,0.004995633176221755,0.08078337519542467,0.010368145364204825,0.09667797660909155,,0.02340566411345481
2023-03-13,0.09760234335239666,0.015324281829241497,0.015984312107782707,0.03094763919113784,0.07861616138832905,0.09543395984770578,0.1076922669689073,0.10550001147248604,0.06808795162104839,0.10188915699174714,0.04636702732588897,0.0019677799649532673,0.018994599031217436,0.0049126832204322134,0.08049453234748996,0.010444670191340252,0.09689074449133904,,0.022849878656556563
2023-03-14,0.0975829454250837,0.015327868520938443,0.015828088178637234,0.030822127221746338,0.07864111948427384,0.09544494737499139,0.10636521830521625,0.10595221715329319,0.06864089000246058,0.10073888333449071,0.04563576679688146,0.0019174554497761417,0.01921991108349948,0.004863853599877624,0.08173192247211654,0.010169578272145149,0.09741392586758417,,0.023703281456987704
2023-03-15,0.09969042454778188,0.014339982933447874,0.01584018783832333,0.0292747876685484,0.07779824428515142,0.09708514840553618,0.10557089658566685,0.10592975143451025,0.06925804313006383,0.10160558356413936,0.045253796893052756,0.001810017300932351,0.018699554737876142,0.0048448412467503,0.08155187134992516,0.00960734055353317,0.09923732105151288,,0.022602206473247937
2023-03-16,0.09874452432065503,0.013598067830647995,0.016109187842349524,0.029515708963387302,0.07863989863211636,0.0967041853235835,0.1030255307709196,0.1068215758878302,0.06958859693758929,0.10203523910175323,0.045094901925785254,0.001817807204890883,0.019114278257221638,0.004828864518885783,0.08202412133241317,0.009357788488508996,0.09958225672124743,,0.02339746594021469
2023-03-17,0.09999999999999998,0.01719326041908934,0.016278255031242504,0.03218844456456678,0.08029534021983255,0.09999999999999998,0.10000000000077329,0.09999999999999998,0.06808638626739094,0.10000000000077329,0.0443403798545629,0.002172907566343661,0.019371994840327606,0.005101156789846547,0.08149799588060984,0.009474168355867205,0.09999999999999998,,0.023999710208773586
2023-03-20,0.10047292189529358,0.017122714271358783,0.016354954101675773,0.03188588501640594,0.07995670256023746,0.09972023383084963,0.10024214299591133,0.09910024388430255,0.06854993645804743,0.0985551648541511,0.04471377489111146,0.002139977435059659,0.020562848717655288,0.005065457991638965,0.08195907432787403,0.009256995738106283,0.10026808428995836,,0.024072886740362568
2023-03-21,0.09881837531097565,0.01854879880987345,0.016832482367165315,0.033080021381334125,0.0807251121787363,0.09854793787185745,0.09816673231651234,0.10051068536035995,0.0677261035232313,0.09742295138227944,0.04555102142443229,0.002232681087062688,0.020613776102782973,0.0051490591524893815,0.08220070866529794,0.00967267880188276,0.09975506215332608,,0.02444581211040054
2023-03-22,0.09928885116417989,0.01844237148249669,0.016840360817975963,0.03293469708290843,0.08069951802602425,0.09964013384320661,0.09506192421083276,0.09947043001872383,0.06776473930772933,0.09764031130124777,0.045908547057928066,0.002275876361942322,0.020398420017473263,0.005289781160812431,0.08240557370068541,0.00973446291457731,0.10193312180237353,,0.024270879728882085
2023-03-23,0.09830400759532004,0.019154163534860463,0.016952236457071883,0.03287463860766963,0.08008672798693148,0.0984641165993117,0.09694182493204276,0.10071735171148596,0.06818082585259226,0.09710262332637587,0.04559491982963794,0.002169911741701503,0.019947644464946842,0.005325822114295964,0.08243290645505824,0.009608170270780756,0.10204118085911389,,0.02410092766080288
2023-03-24,0.10040796616380059,0.018729171158912712,0.016664301368485707,0.03171630985819747,0.07839544260101765,0.09934609531806572,0.09567241520481712,0.10071937405419468,0.06891407168570747,0.0976535315955878,0.04539601024827192,0.0021321943728325582,0.019804849909061246,0.005213350480901786,0.0835914751173592,0.00924998769485999,0.10326307489772642,,0.023130378270199894
2023-03-27,0.09926840439599743,0.01840156495150897,0.01662969655149924,0.03230214072006884,0.08007527464124953,0.09944492153924363,0.09500257056546463,0.10117553527202712,0.06918734285728784,0.09790342357138844,0.04503520297907185,0.0021520272754681925,0.020204145505941278,0.005190303826961626,0.08378979488150706,0.009192533159486318,0.10225186815015225,,0.02279324915567567
2023-03-28,0.09954725717621771,0.018395724642985774,0.01683255707176146,0.03315532653700242,0.08012270076981626,0.10028817386434222,0.0921539604032511,0.10046065821628823,0.06938188766970006,0.09836287880375913,0.04482148075120126,0.00212041906271687,0.02040260030884126,0.005177177194147186,0.08460058102404225,0.009053635980596594,0.10224477021946336,,0.022878210303866945
2023-03-29,0.09938970506235945,0.019059627226300994,0.01671082661247118,0.033441501578201784,0.07936968325015775,0.10044236973399503,0.09182782460304742,0.10060229779049565,0.06914830999848774,0.09775561531651854,0.04489908259413353,0.002140507458745509,0.020447847153745632,0.005129558950016056,0.085441638496996,0.009262806031756207,0.1021939089246212,,0.022736889217950394
2023-03-30,0.0990564850431162,0.01946265611712191,0.016528439241658248,0.033621696479358434,0.07977714167851827,0.09987436407101213,0.09221762434407689,0.10088656365561326,0.06913341608089206,0.09773122783008079,0.045371175415290725,0.002094616637001846,0.020456422240811154,0.00506688432703,0.08552383068462702,0.009529090174071601,0.10101834631716572,,0.02265001966255373
2023-03-31,0.09806028654869872,0.019529469815647155,0.016415092629023877,0.03303856750056734,0.08022987930920425,0.09872359659485892,0.09546288568356825,0.10202927952526336,0.06850633717190756,0.09719013838602208,0.045631756307723245,0.0020777554147718507,0.020640645815688537,0.004988565449771134,0.08495991729432678,0.009636508413827674,0.1002162411595526,,0.022663076979576674
2023-04-03,0.09915038246808025,0.01998943786975345,0.0167564622275419,0.03346922620057044,0.07926437830605765,0.0992674968401872,0.09173887646711405,0.10168008742334386,0.06900240451198661,0.09826417082902064,0.04624150349519175,0.0021534400634895677,0.020622592181923617,0.005075264026827664,0.08443427745594645,0.009729409119764264,0.10050660398023135,,0.022653986532969204
2023-04-04,0.09966316526488063,0.018934859980485854,0.01654698621311436,0.03251796035335802,0.07878116913866264,0.10082308737246563,0.0913809602922413,0.10187885235416395,0.0692806436359195,0.09853447325233836,0.045970378666430986,0.0020153926446534903,0.02047810647424437,0.0050575673318385495,0.08473638759231977,0.009296374219786883,0.10168433092466507,,0.02241930428843062
2023-04-05,0.10220495265940908,0.01794818309996786,0.016308637734533803,0.0317841204455689,0.07846362876317438,0.10168113286741448,0.08784930558980573,0.09986274639587187,0.0705443493863594,0.09993767176158846,0.04461406299543349,0.0018891899766851252,0.020777755693652433,0.005002800786350178,0.0861906083909799,0.009025416312163593,0.10325659075030166,,0.022658846390739593
2023-04-06,0.10196735534171485,0.017359548510979997,0.016158065275697655,0.031766689546988476,0.07840101140785216,0.10219285869971521,0.08803213127366755,0.1003568036978387,0.07038243510926584,0.09956125306726772,0.04490673552714541,0.0019266012312324373,0.020896773995265603,0.004996805418090225,0.08590501503703321,0.008716319938023822,0.10381643069619739,,0.02265716622602365
2023-04-10,0.10125187839932893,0.01796627050631903,0.016287388908515856,0.03170328007098678,0.07865067453325211,0.10176318830100317,0.08945174520028826,0.0994132976923922,0.070171508056604,0.09987014175706445,0.04490447060154231,0.0019252044505308787,0.02106001267395288,0.004994669241663018,0.08559390146113312,0.008917067317130595,0.10315029590001822,,0.022925004928274227
2023-04-11,0.10077711397141047,0.018384720776483742,0.016308870970981056,0.031647634900810934,0.07845008108029851,0.1016287341041644,0.09027146650720962,0.09897122990226218,0.06961296335475568,0.09944497073714437,0.045727615908664164,0.0018975162638607316,0.02127101097356316,0.004966216495639301,0.08579964354102138,0.009235936266905798,0.10249270535085607,,0.023111568893968502
2023-04-12,0.10081893684004807,0.017972313337738872,0.016517469507194963,0.03171623778802711,0.07791374010077823,0.10139888304345215,0.08944303109090143,0.09978617609251865,0.06948244484820715,0.09921753264717073,0.04632470197836951,0.001924168395538942,0.021358223133640292,0.0049632327485778244,0.08587227292000635,0.00924334723327886,0.10305004763865869,,0.02299724065589221
2023-04-13,0.10041351026711527,0.017940756992583642,0.016719007817791065,0.03302804734389348,0.07817260539772647,0.10217117064215975,0.0885379724317234,0.09939457093765457,0.06884260825107984,0.09865708412083905,0.045940661858083966,0.0020250865109047813,0.021421130419380516,0.004959885992570505,0.08561899419423792,0.009415965088054899,0.10347704480639112,,0.023263896927809922
2023-04-14,0.10021418489579062,0.017985294977590847,0.016760880601380868,0.03323050434888374,0.0785307013349992,0.10281936042302744,0.08761671868878633,0.09789625411105976,0.06885364923196147,0.09827408972937784,0.04571841072699249,0.0020504009999511713,0.021298176280761145,0.005011772482179745,0.08684780370646339,0.009542728424268475,0.10410724567110685,,0.02324182336541865
2023-04-17,0.09977228274073326,0.018118653439191057,0.01656045474309011,0.03261065981025359,0.07610831849116537,0.10279670740669945,0.09269825227132049,0.0992673384204447,0.06870714222162991,0.09833625224424794,0.04554344544223666,0.002014319842571188,0.02096550215683753,0.004963359015391934,0.08597973271509748,0.009475198347689557,0.10335717949724622,,0.022725201194153687
2023-04-18,0.09922688888034151,0.017853644319471857,0.0166792164711434,0.0326373918620089,0.07576398431363832,0.10077333076327004,0.09427766981559371,0.09933965548757552,0.06878133996142655,0.09898428276028892,0.04525584118213368,0.001984624682573309,0.020766234935249886,0.004978957459991272,0.08640080862676669,0.00943104864427062,0.10401962376261034,,0.02284545607164545
2023-04-19,0.10012634119627703,0.01792328064914129,0.0165598350211282,0.03203105564005241,0.07587557892172196,0.10065781622055489,0.09296205307177624,0.09923364915895634,0.06904258741083487,0.09919204300184965,0.04597941680539871,0.001940774154465035,0.020813820925264497,0.00496716296671242,0.08652725489836018,0.00932441919926857,0.10411003687117247,,0.02273287388706531
2023-04-20,0.1003484740210773,0.017704547749658777,0.016548544765588095,0.03211474106751948,0.07780462062937103,0.10057243435361585,0.09107546638882301,0.09931515634792602,0.06875646696718604,0.09933388740306119,0.045947437859751875,0.0019032708865881808,0.020704807848638943,0.005032240009330084,0.08661362822057199,0.009250070686702203,0.1046303525860539,,0.022343852208536092
2023-04-21,0.10018205772793673,0.01732524151154454,0.016447744303099678,0.03183129604371173,0.07738247198475856,0.10083935968484843,0.09284612771018246,0.0997976350209652,0.06836582657569867,0.09924708657723022,0.04598146201838457,0.0018347803180556955,0.020488715227459237,0.005018682909389075,0.08628094795370245,0.00914125106592355,0.10483979909633065,,0.022149514270778617
2023-04-24,0.10010653697462345,0.017279715607965703,0.016462805236865517,0.03177465953899214,0.07786656443219181,0.10005439201008678,0.09329566557817226,0.09943008867746546,0.06833445944958552,0.09939195371430068,0.0461884256924834,0.001856573897661018,0.02077058670437586,0.005007198475039488,0.08606257559612572,0.008971111925109593,0.10514776079420983,,0.021998925694745663
2023-04-25,0.10053285132953985,0.016483764185209023,0.016292652400377777,0.03254976792701488,0.07772503029307976,0.09997708456941994,0.09372862073968388,0.09931840300300661,0.06832192077348251,0.09999672884729638,0.046227570201312324,0.0017670686723229865,0.020255262201887243,0.005010954534879702,0.08590546936040758,0.008880000387948964,0.10524003628540475,,0.021786814287725793
2023-04-26,0.09976686715848551,0.0161834574314607,0.0165662365265259,0.033229593191617196,0.07782885194936467,0.09939823202349825,0.09519878807792084,0.10042718905889926,0.06707188529303684,0.09963094756213106,0.04658156871765887,0.0017972603495998772,0.02018402286777934,0.005092610013144914,0.08531556036901015,0.009041611347236678,0.10490882346045384,,0.02177649460217603
2023-04-27,0.09884111286475407,0.016154612257546674,0.016502782195196672,0.03319442770356937,0.07744134211736202,0.10010180855043231,0.09761357600608221,0.10046649497904502,0.06735351533297532,0.09802324041542547,0.046779545112587445,0.0017890016075971437,0.0202561289219565,0.005027499646417547,0.08528594814187286,0.00908431189496225,0.1045238935562496,,0.0215607586959675
2023-04-28,0.09844934235712346,0.016133243383015864,0.01661627565805077,0.03429827287410605,0.07821530012143732,0.09968900462859337,0.09504618395105578,0.1012493150281416,0.06761685900531049,0.09724491031116114,0.0470629416975713,0.0018644836301633248,0.020334312472122387,0.005011880110626632,0.08494768168151737,0.009301080551643302,0.10465288437252528,,0.022266028165834548
2023-05-01,0.09879592322931409,0.016028409212522,0.016654624863263183,0.034623774781351535,0.0778879289910231,0.09971909640579385,0.09310877963622234,0.10099494385535081,0.06756643706793095,0.0990500658066317,0.04719156362702271,0.0018038094714508536,0.020240758162092753,0.005030100111188295,0.08494821747479223,0.008961419962558337,0.1055101531685639,,0.021883994172927395
2023-05-02,0.09889298054268408,0.015745092634126576,0.01682063809285745,0.03417294037475691,0.07888435794279972,0.0985523116634631,0.09248228583390156,0.10042840648486913,0.06804750006450482,0.09933547599845516,0.04734876010954017,0.0017704447686307109,0.020160130110241453,0.0051028727834060966,0.08587253125427714,0.008596788141582197,0.10584848230362871,,0.021938000896274946
2023-05-03,0.09861984559424918,0.016264118406738484,0.016991281473791763,0.034064852347576315,0.0787250933731998,0.09914037850361344,0.09265868889251941,0.09926238422518151,0.06725379008122252,0.09891288931315566,0.04787591342465137,0.0017942512974852148,0.02026436912266678,0.0050201434967278415,0.0865809360899044,0.008373179005675354,0.10632968650098093,,0.021868198850660055
2023-05-04,0.0981645558256289,0.01573693853995583,0.01660487945649759,0.03344621285153059,0.07996511170285851,0.09941717706758532,0.09263750407607409,0.10279213332394589,0.06715145419883654,0.09833466933058839,0.04777435541927534,0.0017903853635636965,0.01880460990619239,0.0050380552775451636,0.0860105564758762,0.008116382211966046,0.1064336803789473,,0.021781338593132096
2023-05-05,0.09783742697569436,0.016423191892613546,0.01673547229038341,0.034281136081431136,0.0800791033065799,0.09830018225930573,0.09229296860833154,0.10326530387771818,0.06732694400445069,0.09799065805443125,0.047893803626670076,0.0018231638733181852,0.01856965044998126,0.00501301555510729,0.08558591604317449,0.008423778290713278,0.10637763392152201,,0.021780650888573616
2023-05-08,0.09810509442604586,0.016408458075718963,0.016725127542451708,0.03424109129130629,0.07937203537964577,0.09847265666011812,0.09337061429155878,0.10346144121577275,0.06716672015249217,0.09800739160407071,0.04766450418658952,0.001841997221043072,0.01862126583508165,0.005031562323936643,0.08530208930736018,0.008370463253684597,0.10603799802489096,,0.021799489208232294
2023-05-09,0.09704097991308361,0.01609136283239699,0.017127126607014185,0.03557183836782908,0.07972766742322461,0.09865914649574849,0.09264488499097254,0.10175857269459487,0.0672381661296533,0.09774015894032174,0.04749558021099526,0.001938255417436221,0.018616798061700485,0.005043540683672657,0.08563921388059366,0.008405603761816588,0.10630821609195873,,0.02295288749698693
2023-05-10,0.09685441963781821,0.014597670897786177,0.01708264045015394,0.035360706300197074,0.0794725247576302,0.09747401504199994,0.0939798027727204,0.10391440760281269,0.06703773063773828,0.09752831361761351,0.047128088046010035,0.0018871630497769134,0.018951362492488244,0.00505995632807847,0.08544082219436813,0.008217951521860205,0.10669299348202889,,0.023319431168918704
2023-05-11,0.09701813284847138,0.012870875342099564,0.01718033392335146,0.034735939527298886,0.08026421794329182,0.09716389336076059,0.09424705068980316,0.10434980032878113,0.06715623244458008,0.09792482488000524,0.04723751890091562,0.0019533630487954473,0.018553381638455477,0.00512664335538779,0.085645442760227,0.008762021276226203,0.1067079464889186,,0.023102381242630622
2023-05-12,0.09827031129778338,0.012419465348352478,0.017258053850212028,0.03478158331110598,0.08117499834288726,0.09690968213232987,0.09377436216204761,0.10409433121422848,0.0677979575424857,0.09637034431005394,0.04723825902743526,0.0019695620348448564,0.019632960838966755,0.005124825792341708,0.08636288256725634,0.00874824102478249,0.10504953325200324,,0.023022645950882707
2023-05-15,0.09710615295613684,0.01286432842873947,0.017467150661139567,0.034793067880042966,0.08206480310016696,0.09673339712107555,0.09554582117025999,0.10463290837140196,0.06705293694795086,0.09463419344878675,0.0479662356679669,0.00200547389804998,0.0203565462784473,0.005150214260897944,0.08508931953095551,0.008806404639887204,0.10430850247399084,,0.023422543164103433
2023-05-16,0.0975072154799841,0.013195690733649748,0.017878442779665056,0.03506544031051118,0.0828721592783758,0.09575579710373316,0.09332147114722317,0.10397926479480844,0.06725534414410489,0.09378584778060418,0.04808430554103177,0.0020434404274995,0.020705525922827567,0.005307178524220238,0.08621182107016515,0.008626244278661975,0.10479376275632174,,0.02361104792661224
2023-05-17,0.09582797398067355,0.013805086271383984,0.01777840291440185,0.03513573084764751,0.08388631436830855,0.09590180395142893,0.09468913077682856,0.1051093961664732,0.06632202994474992,0.09300809089040604,0.04860288617113997,0.0020725912030128486,0.02054058975891321,0.00529178900040158,0.08545324193496671,0.008820310310670432,0.10428932945055944,,0.02346530205803364
2023-05-18,0.09566564944957648,0.013700446684672955,0.017758882757558044,0.0352655790481832,0.08515876218810783,0.09522552558443563,0.09372305709290242,0.10448828258811346,0.06615288351211651,0.0936366452737029,0.04872514627473573,0.0020960303660401683,0.020628646686921097,0.005359954739326598,0.08556672366741817,0.008453068918540764,0.10475088535574578,,0.02364382981190234
2023-05-19,0.09576335553967763,0.014032138376319368,0.017674287194936994,0.03486095927785103,0.08625474377039037,0.09443610738818571,0.09046372214784994,0.10509724814204283,0.06563194531464293,0.09501418626911402,0.04896973976750241,0.0020309642028296074,0.0206802994035185,0.0053564594318389605,0.08601805488095958,0.008378977275617516,0.1055708453685929,,0.023765966248129763
2023-05-22,0.0950596836065922,0.014775676968618937,0.017566182294495147,0.036004446064767125,0.08712676983194097,0.09395091381039847,0.09068650751223692,0.10488081434730738,0.06517884283229515,0.09499243185833563,0.048410595889063185,0.002120060754759436,0.020894552709331965,0.005330387079204335,0.0863844683650792,0.008790400546770912,0.10423935661295348,,0.023607908915849633
2023-05-23,0.09506863815781394,0.01490143030793247,0.01741443080059483,0.036657343617133714,0.08810920494427965,0.09463230229437454,0.08999147667071504,0.10106589944830172,0.06540308001773797,0.0962977929195476,0.048335930471312454,0.0020950582469388933,0.020875657409293355,0.005363409384763669,0.08550689829133065,0.009468655540246474,0.10503190175242798,,0.02378088972525511
2023-05-24,0.09578470410575084,0.014103237872205836,0.017509193458049854,0.03666171370468648,0.08885185032230405,0.09449281662640217,0.08759059353427243,0.09960144463344021,0.06569119117949913,0.09721889203414372,0.04804564461862577,0.002099245184387122,0.021347040779253326,0.005454391007186861,0.08627121513529028,0.008831465053861001,0.10641340915291855,,0.02403195159772234
2023-05-25,0.09292823771542662,0.013881595558276434,0.017000398948777234,0.036605188620010186,0.08837177531738222,0.09301252539316887,0.09356585143961361,0.10447250859792996,0.06462541283046769,0.09581106711530674,0.048369025321776886,0.002050166172949991,0.02104788814727107,0.0054843645024591076,0.08502528655172509,0.008757894185241052,0.1050407580120385,,0.02395005557017868
2023-05-26,0.09187905738318214,0.0142146597255238,0.01662564611792021,0.03576606953411231,0.08879289954503225,0.09122116837792993,0.09947009540306767,0.10688930962576722,0.06378867825896321,0.0947022956944041,0.04786273775932453,0.0020125907513872912,0.021168262376397348,0.005462414224228702,0.08399816503210084,0.008554131048338366,0.10366531142723386,,0.023926507715086334
2023-05-30,0.0913665620938575,0.014170045731715408,0.016457667021980586,0.03488872078944571,0.08863824539618488,0.09098128936170154,0.1012073000279115,0.10772425331225578,0.06372693032189351,0.09462183894684764,0.047749653567132976,0.0019902640824353644,0.021242192105978774,0.005473666968147387,0.08384892581616067,0.008243951187928233,0.10421633440359045,,0.02345215886483215
2023-05-31,0.09197441581778364,0.013807250996275604,0.016129926552304188,0.03607546910733897,0.08823377704920285,0.09116823850409377,0.10223182467501454,0.10827441032599719,0.0640996465920398,0.09447192656159366,0.047235189758800526,0.0019685429388083386,0.020881319556322924,0.005429949128093534,0.08345949269728954,0.00817591828526658,0.10313957608060914,,0.023243125373165238
2023-06-01,0.09020117402669206,0.013949999425864825,0.016319663347937424,0.03901812612847376,0.09269965369015246,0.08831335913624912,0.10368726711387616,0.10855893733484352,0.06319124050898668,0.09347738368309061,0.046652174176754525,0.0018964277211634148,0.01990365642006868,0.005385560002629022,0.08316404700213531,0.00820544096030094,0.10163891510896757,,0.023736974211813873
2023-06-02,0.0908602574745445,0.014272579592276525,0.016562916099069135,0.03832462482364935,0.09034038979516573,0.08893534764286759,0.10326975153029527,0.10831967117574083,0.06388323609425248,0.09299392094013598,0.04806885718730664,0.0019364317317497983,0.020245239745068064,0.005325515431265332,0.08384440290905384,0.008223341660930326,0.10101993967028462,,0.023573576496344034
2023-06-05,0.0910775022764206,0.013980626851922189,0.01690721417026005,0.03920957035456964,0.0899587085020826,0.08969900143907553,0.10242467108700481,0.10716599871517574,0.0638341016117995,0.09339122422963703,0.04816304371487954,0.0020192927970350025,0.020056876760736583,0.0052949370319980635,0.083946280043983,0.008260838113972204,0.100950246909079,,0.023659865390369048
2023-06-06,0.09035688385049591,0.014882513532599458,0.016755557905960484,0.03877468271266108,0.0919036159151022,0.09151640920572261,0.10275177652440223,0.10544473262368115,0.06323205463463331,0.09263524916483064,0.04824677732519045,0.0021064615665500534,0.01992013334753334,0.00515220605980385,0.0841104992348402,0.008497436423210917,0.10029959550531985,,0.023413414467462385
2023-06-07,0.09065410336742978,0.015368450450507132,0.016629367533116973,0.03739477889445644,0.09229102915845488,0.093136164833434,0.10001820845443588,0.1039200769413259,0.06402856370305622,0.09310811674125426,0.048298250157135354,0.002032565825678936,0.020387065248664054,0.0052001378437514035,0.08484733278969954,0.008679471586726308,0.10040317001430818,,0.02360314645656477
2023-06-08,0.0903602128036784,0.014756331527335265,0.016647417817177178,0.03821843925499956,0.09325950227387897,0.09325343159588702,0.10049852379328462,0.10502855905767777,0.06391552020538276,0.09220629713550267,0.0476307999909845,0.002039458787573589,0.020225880019537807,0.005156497731297842,0.08368611477184826,0.008632841048876396,0.10129979516060325,,0.023184377024474158
2023-06-09,0.08939686941208663,0.014713283537859285,0.0167495372036774,0.03850937171373215,0.09446183809499853,0.09291526616618719,0.10030405579658482,0.10442618344797791,0.0639606636564053,0.09220314913996308,0.04790536967617607,0.002071063726991653,0.020329857109530853,0.005158626907028173,0.08371077782667094,0.008260745704741574,0.10170738512041747,,0.023215955758970876
2023-06-12,0.08898173221621115,0.016294630222377975,0.017129151857241627,0.03977344128730157,0.09452842568480138,0.09140825825772785,0.1009014841028772,0.10511032245995565,0.06354626173358507,0.0913673765597144,0.047903987569788815,0.0021951315882618606,0.020351367303970375,0.005151406105300648,0.08312945792034754,0.008631248587941015,0.10059726414466758,,0.022999052397928165
2023-06-13,0.0884087500509596,0.017078717024160087,0.01735626694543766,0.03931077352869465,0.09500057177254585,0.09128550389261945,0.10059359052993513,0.1055656567229003,0.06326701241752954,0.09114385691620777,0.0479535944586576,0.0021576358802116234,0.02040242077863984,0.005154699977546466,0.08313815300997318,0.008840909291757758,0.10012480967082751,,0.023217077131395977
2023-06-14,0.08869872598624604,0.016260167881253278,0.017271687827371974,0.03877821532916598,0.09371264742064876,0.09129524680028958,0.10080399524413419,0.10803489715539524,0.06339799490522231,0.09168534813208502,0.048101454088133516,0.002095416238009864,0.020339938372070442,0.0051502285472219255,0.0828797489945976,0.008607773925571528,0.09984920581827522,,0.02303730733430743
2023-06-15,0.08935571192479173,0.01661031513589647,0.017223613997778532,0.039014869921170224,0.09330213501110259,0.09118538775123426,0.09994155390465377,0.10768907563084738,0.06342981600385802,0.09256234089382681,0.048130416116840914,0.002222125011293229,0.020209956630024336,0.005114960065855045,0.08275751852287305,0.008404889041760677,0.09947815530579876,,0.02336715913039412
2023-06-16,0.10000000000000002,0.011963564706072394,0.015949322231946682,0.03596051510024123,0.08930181161716925,0.10000000000000002,0.10000000000097008,0.10000000000097008,0.06348363815789232,0.10000000000000002,0.044750377620345186,0.001705836685982372,0.01928501110838562,0.0049185043955580045,0.08295775417151664,0.007291564955693155,0.10000000000097008,,0.022432099246286905
2023-06-20,0.1004533326859223,0.011857366896274072,0.015875758096794403,0.03652708397346269,0.08923856887110262,0.10059864542057362,0.10064153719900865,0.10105793575544954,0.062499010173761735,0.09975436879600597,0.04409350208470611,0.0017551017479008244,0.019124508559105573,0.004958326831680978,0.08301406758544484,0.007096534040455175,0.0989050880655997,,0.022549263216751218
2023-06-21,0.10148698957127851,0.011581370740948966,0.015847028575608654,0.03578826577360391,0.08770959265886222,0.10070995871153736,0.10000852992600018,0.0994173504665253,0.06311380694695731,0.10003122023521689,0.04413421420078987,0.0017384021123737754,0.019323176717808296,0.004953048108540263,0.08361919598367304,0.007250807251966011,0.10059444935733462,,0.02269259266097511
2023-06-22,0.10182685407918206,0.011489491038588059,0.01593977684450207,0.03554109479556323,0.08713176702067466,0.10096115452915537,0.10185401485322661,0.09742950081419001,0.06271915464877056,0.09988971813892422,0.043946537855946155,0.0016809235596251194,0.020053433711488964,0.005008955084843232,0.08358571320598673,0.007004940404102179,0.10092320501859811,,0.02301376439663257
2023-06-23,0.10125418973649848,0.011067208086084487,0.015910491168094596,0.03485012837791912,0.08936282982291807,0.09998504184368885,0.10186458722296654,0.09857401495201236,0.06226227061718371,0.09952617990828455,0.043759959943671475,0.001609456853199629,0.020187081016708915,0.005056670779973329,0.0839224330515023,0.0066773957971593915,0.10101017126753457,,0.023119889554599607
2023-06-26,0.10010652074945475,0.010962681632099529,0.01596969466084837,0.034388692828892946,0.08837941046880934,0.10040817795752029,0.1033993957874641,0.0988634817054493,0.06245349921324772,0.09987174324150816,0.043683985568102615,0.0015948661874143357,0.020622238730731296,0.0049752859222428735,0.08361881283891266,0.0060801872889675295,0.10136274728630207,,0.02325857793203201
2023-06-27,0.09933778220618694,0.011258189148324663,0.01614768264280553,0.03386352259017352,0.08823332007367779,0.09952500543804511,0.10475035379818655,0.09930223765670058,0.06217535280115976,0.10006489279704374,0.04442503235334914,0.001537498699965837,0.02091488287126326,0.004938827793170042,0.08404612640119874,0.005941334374690822,0.100203711968496,,0.023334246385561905
2023-06-28,0.09812922694233345,0.01149934728497027,0.016383920288593274,0.03468114888621602,0.08885191287138627,0.09892363247042195,0.1063344836710961,0.10071560681193308,0.06085171439496395,0.09929359659234055,0.04462672883662699,0.0016041653681481925,0.021106161256460084,0.004925397344416635,0.08319090766375738,0.006071998897233045,0.09931454560849304,,0.02349550481060984
2023-06-29,0.09929195353830353,0.011467633587415541,0.016512304939647376,0.03541892410065503,0.08847135021161977,0.09837628654075393,0.10769470492104681,0.10093738576437644,0.060310698408391566,0.0985294514500285,0.044816839978318056,0.0016074948956724653,0.021286243788674802,0.004895516456526533,0.08304642136980266,0.006172598557296991,0.0975665224755801,,0.023597669015889854
2023-06-30,0.09928932208466276,0.011408825716294112,0.016386232843108788,0.035534152467007085,0.08808594403358493,0.09719462269584135,0.10843210598934674,0.10086354703404056,0.06068890164493464,0.09889536878765631,0.04483305587179532,0.0015706341805416307,0.021174933217074206,0.004846754918768638,0.08313737389599056,0.006065067561773936,0.09806818246348621,,0.023524974594092047
2023-07-03,0.10002815397591985,0.011329305744363711,0.016247550534839415,0.03464962363255026,0.08766703291674038,0.09816722085132287,0.10907568160131567,0.10006394431770008,0.06083418279290312,0.09913716841890924,0.044904125170153394,0.001569282505262939,0.02116127644738544,0.00481655959536908,0.08295052979397086,0.006278836963448526,0.09785847383692131,,0.023261050900923785
2023-07-05,0.09975549739048628,0.011178651991188936,0.015999201503703753,0.034109922806049985,0.08746956193707887,0.09827997754680083,0.1082168815339412,0.1000957462595817,0.06093361386410362,0.09929202178231168,0.045306423456075676,0.0014341075177843555,0.021411742465158253,0.004807945097656859,0.08333437351147523,0.006080543974791247,0.09859166323318835,,0.02370212412862306
2023-07-06,0.10026476952876719,0.010809435120177152,0.016174225331922535,0.033082556341372506,0.08727217428087726,0.09792843064532489,0.10860371976758278,0.10008386564683129,0.06136701002391466,0.09935972671956363,0.04581686697102257,0.001410663113423909,0.021317417504847218,0.0048468687637205155,0.08324553092135592,0.0059486264437731634,0.09840668875378061,,0.02406142412174227
2023-07-07,0.09932651255023409,0.011642709945428155,0.016240523539819782,0.033563636644642576,0.08791316328153344,0.09801261013518013,0.10829632697260164,0.09922550228925,0.060671373977537704,0.09946468178031719,0.045708151647996194,0.0014837264501312006,0.02157370225589135,0.004863919698038224,0.08301077184993676,0.0064740854592178565,0.09861337302186172,,0.023915228500381903
2023-07-10,0.09916343041796885,0.012082751264948672,0.016262474016340806,0.034320920721678645,0.08983864504380584,0.09661014244313909,0.10810420078451073,0.1003221818523922,0.05986604151685061,0.09926428214132207,0.046221142731842836,0.0015228697797400948,0.021361954192442918,0.004875598434789649,0.08230801516016048,0.006678362059410061,0.09756126317939214,,0.02363572425926421
2023-07-11,0.09992099119438057,0.012145889641352069,0.016069990797316646,0.03487043218383204,0.08951415568301177,0.09614437673072666,0.10916069866121655,0.09962012421458638,0.05995671697988207,0.0997744567515218,0.04549795861870764,0.0015286762559751084,0.021186373264345408,0.004750210202505534,0.0823354277103016,0.006931684794363284,0.09718801768766933,,0.02340381862830555
2023-07-12,0.10034332330208197,0.011953996051834923,0.015807496382597878,0.03479137992737187,0.09018798230285852,0.0964815287331144,0.10928033720959855,0.09914230869028247,0.05973926243205505,0.09960661768043222,0.04564113438081097,0.0014989129371264457,0.02092321524320765,0.004689520883604979,0.0824765765183839,0.0066452077742193165,0.0974033481657085,,0.023387851384710306
2023-07-13,0.09999954260514829,0.012152186892499866,0.01571707044769064,0.035642428400210126,0.0891133414223506,0.09675007722986967,0.10936914646834123,0.10013670036635046,0.05995647806020921,0.09951676286842027,0.045326641077184336,0.0015560146966405054,0.020502359655575002,0.004677366537877062,0.08259653915059485,0.006829873941992563,0.09690657287091561,,0.023250897308129754
2023-07-14,0.10019226788410573,0.011955039953269646,0.015424241898984543,0.03486350692587507,0.0891486913764105,0.09628703163702873,0.10976743610929242,0.10080182779340187,0.060626010955057694,0.09950566706887598,0.04576343967396473,0.0014908932195515396,0.020106069181874405,0.004689524831022269,0.0826225927737381,0.006663770569588333,0.09708445587408067,,0.023007532273877834
2023-07-17,0.09867428473269495,0.012596913371715571,0.015802728073800815,0.035089059975251594,0.09064117934483666,0.09430318437751269,0.11017468477142936,0.10174174879306347,0.06026612857104702,0.09934620612426473,0.04736133157133502,0.0016733852660072873,0.020150186283974865,0.004699494406628077,0.0818359079191601,0.006855860444776179,0.0958563722265251,,0.022931343745976614
2023-07-18,0.09821718429242747,0.012491315179434245,0.015770557570795162,0.036801144533975934,0.0903321093692951,0.09431890867732817,0.1098078896715066,0.10067401885943285,0.060739216753033815,0.098609274085006,0.04803761071041639,0.001713077195443904,0.020583658373688928,0.004723834197305989,0.08184509014423863,0.006896823553960693,0.0948269766062288,,0.02361131022648133
2023-07-19,0.09781795734714444,0.01201959467868248,0.015445044997486909,0.03626234660133191,0.08860814983188202,0.09478061109301675,0.11204451230776961,0.10148074863551698,0.06130623894742745,0.09795409811878147,0.047697689200178854,0.0017122508065635618,0.020901013756540774,0.004669131499883415,0.08173046848880444,0.006680239530780861,0.09509909687615196,,0.0237908072820561
2023-07-20,0.09865652053480134,0.011696587816343704,0.015511880289885847,0.03590201972535339,0.08986792756454773,0.09609307962911415,0.10892707180747355,0.10027511126475407,0.06226670676060332,0.09825480393559811,0.04713658211997284,0.0016754951139253988,0.021115017073216447,0.004620862134953631,0.08242571342818776,0.006464825741942505,0.09549268720672609,,0.023617107852600155
2023-07-21,0.09905041302454552,0.011719651844194826,0.015421431195007239,0.03536422121263548,0.0887920729961413,0.09646435816388604,0.1092932940378815,0.09914292672653703,0.061926812785977205,0.0986632015459854,0.046684501214264915,0.0015923913902062005,0.02066884750816906,0.004592755384708356,0.08262047770783922,0.006353356447512627,0.09736522674852209,,0.024284060065986043
2023-07-24,0.09827059377766165,0.011783565031201955,0.015214109076358754,0.03557527181751248,0.08840570526275358,0.09624084527126682,0.11150947484065683,0.10021094408705014,0.061939898602305955,0.09892158418482284,0.04665039090772036,0.0015728880452409507,0.020404255299831225,0.004561248358433865,0.08154115452674683,0.006252828549074473,0.09681333135624282,,0.024131911005118464
2023-07-25,0.09824088848755881,0.011583189315779462,0.015254703989244228,0.036188384252549236,0.08931616943044682,0.09669840830020048,0.10928417444393836,0.09989374094280465,0.06196859427134688,0.09940715302373229,0.04660570775680116,0.0016094747867863495,0.020666794500762895,0.004563361504826749,0.08198347779701295,0.0063704703376306635,0.09641557162281046,,0.023949735235767475
2023-07-26,0.0982638775681699,0.011877182719636038,0.01522842289860258,0.03641232389269819,0.08913056264672937,0.09721664496402059,0.10739137266167004,0.0994065324623281,0.06190414431501438,0.09983242198092376,0.04687680933346178,0.0016770653620280008,0.02073894216652395,0.004561518376409419,0.08199219766308345,0.0062871834812316405,0.09702553121587942,,0.024177266291589453
2023-07-27,0.09775698416904179,0.011722969818042633,0.015214084934919965,0.03635525545835694,0.08926627138640536,0.09737210732588841,0.1065280120891247,0.09942894813628231,0.06278196566347703,0.09905216948412793,0.04685476801118806,0.0016043017711445888,0.020522217090260926,0.004662088428673135,0.08167963872996371,0.005954008485361156,0.09877021661819221,,0.024473992399549137
2023-07-28,0.09717274090778426,0.011687838825671999,0.015182162275415368,0.0371780976589057,0.08891482120300714,0.0969191643571125,0.11276734848880289,0.09897574689779282,0.06214148794583421,0.09767518362052043,0.046114256486829236,0.0016543423165204024,0.02059984304159875,0.004629374834333013,0.08096504923952416,0.006075979364084684,0.0973740363028459,,0.023972526233416513
2023-07-31,0.09578168959898788,0.011949654841463375,0.01514006958655243,0.038215239361024916,0.08919725231963632,0.09636622023632471,0.11373537404706204,0.09978154612603433,0.061362837346821866,0.09748205201146098,0.046452664020633416,0.0017408186856919124,0.020612155602564745,0.004591323334797371,0.08030387359995815,0.00647991588058546,0.09671403168088463,,0.02409328171951539
2023-08-01,0.0958610713819581,0.011921378892113883,0.015361357319470883,0.03788366390024288,0.08964825732963509,0.09496627861488675,0.11360061551716433,0.1000912974946507,0.060992792397776496,0.09740721635548305,0.04716691712459599,0.001736761953548664,0.020715197523243217,0.0046336147105916,0.08117117009562497,0.0064748120540897725,0.0961953142887242,,0.02417228304619946
2023-08-02,0.09667753897228697,0.011348896012386998,0.015301561627686033,0.03656290713020908,0.08924039135923895,0.09533595976045506,0.11388655843370202,0.10046433701895771,0.06131001966583599,0.09781028727727781,0.04717157166799033,0.0016408602033310795,0.020529111088609258,0.004655522876883657,0.0813261192314379,0.006297927326581306,0.09610229949084266,,0.024338130856287204
2023-08-03,0.09571047620112137,0.011445133272656371,0.015557043553224946,0.037836969571970934,0.09632579687679545,0.09422625335391803,0.11385627394291711,0.09665292947312067,0.060643427637303356,0.09729844435129544,0.04669204900203058,0.0016780670882420063,0.021106661413610443,0.004750236453229335,0.08042739543322197,0.006280208745406575,0.09474333910358478,,0.024769294526350565
2023-08-04,0.0951180669605594,0.011004238392241527,0.016790455584714734,0.03772194305235174,0.09934978573490007,0.09175260387794937,0.11337468261650684,0.0966997044248401,0.06044226173328168,0.09626445384103632,0.04774256941518496,0.0020254836350394457,0.021091897641637252,0.0047656339620247515,0.07988761722992711,0.00656216537190818,0.09398833989999643,,0.02541809662590002
2023-08-07,0.09441252198654601,0.010855441076332423,0.01715593512036271,0.03809885848894665,0.09885034022056885,0.09129017183136098,0.11388419573777679,0.09851065733377491,0.05997737476678018,0.09606713823350128,0.047979174198501624,0.0020680742878773275,0.021025087728573623,0.004750538516555331,0.079489487890611,0.006223150036894449,0.09390544229005963,,0.02545641025497623
2023-08-08,0.09433159878958942,0.010892670612174507,0.01659950775788053,0.03819858900665866,0.09989610089004938,0.09157058681243793,0.11223681356279368,0.09854459078642108,0.060074306575147646,0.09633315301621025,0.047499702699584104,0.0020807823106272845,0.02060969844537261,0.004749419498744458,0.07966883897010375,0.00609206571710382,0.09504913425050635,,0.025572440298594436
2023-08-09,0.09390120927727337,0.010725062607103451,0.016487104575957257,0.03832710363469897,0.09982692770535928,0.09200225274112313,0.11200708774431199,0.09816786867564259,0.059538700572559444,0.09640571573568853,0.047401276619772115,0.002075466781034239,0.02078134179843048,0.004731849058984251,0.07953314210063359,0.006087146537448292,0.09520210553197588,,0.026798638302003148
2023-08-10,0.09407765590021881,0.0102803643294464,0.01648280338669779,0.03816866633208123,0.10016032908845282,0.0922162230570124,0.11303848095065402,0.0980616196539084,0.05902805348600533,0.09604421805088836,0.04737959618328363,0.0020131328957801588,0.020590773463470997,0.0047219845190283995,0.07909321021114354,0.006245877582555409,0.0953088201536042,,0.02708819075576803
2023-08-11,0.09402279627755128,0.01032364233956793,0.016538141320894567,0.0388092198063459,0.10088018654072325,0.09151488310066938,0.11258224160581358,0.09786346479829977,0.05902861124149914,0.09671082855358924,0.046906644385220256,0.0020327085097949344,0.020414580305177905,0.004716657090213647,0.07946514458815422,0.006317858987856506,0.09532322670062639,,0.026549163848002176
2023-08-14,0.09307800145915411,0.010656221980256356,0.016723465458665657,0.03897188451518513,0.1017093106066712,0.09078453727746393,0.11412689437626741,0.09766114580648434,0.059276023374716325,0.0960493660627359,0.046914113439499215,0.0020183361098645197,0.020683288356196823,0.004738717905407469,0.07868387577111374,0.0062958422363234064,0.09480441305812576,,0.026824562205868766
2023-08-15,0.09319793105036112,0.010316883912364662,0.016777344814670987,0.03844653128458339,0.10217908769459813,0.0896310840587448,0.11564348345291299,0.09761774156947535,0.05891555948347006,0.096037791485027,0.04702546693042464,0.001963191694567289,0.020894216332960812,0.0047892535060601515,0.07882403258157457,0.00623087763548593,0.09443721547023798,,0.027072307042480103
2023-08-16,0.0932439140346526,0.010177487723925661,0.016515471097661025,0.03855846560731835,0.10102860149135126,0.09014176844284533,0.11521764090332269,0.09672537365615566,0.059481744083495124,0.09648873702019456,0.04669626430822033,0.001946839791575198,0.021000528848505437,0.0047899196082679995,0.07999695652678954,0.0062242707221432225,0.0948690169554158,,0.026896999178160356
2023-08-17,0.09287202116941985,0.010080776649132364,0.016251551353033043,0.03855796578550703,0.10093167577953478,0.09023043534977945,0.1160236975578933,0.09692732860887827,0.05926837659970011,0.09703406461907638,0.046233554234904536,0.001958144675154864,0.02080991249704558,0.0047969368226163005,0.08018743584541807,0.0060011999709302394,0.09519401635279538,,0.02664090612918042
2023-08-18,0.09306296333655449,0.010095449794659976,0.016344905524941656,0.0392815139446651,0.10064300623558468,0.090827330237465,0.11529799472291584,0.09616178960705542,0.05951819295794667,0.09698773706380553,0.04659041854935325,0.002061705796030863,0.02061535955920287,0.0047883400152738355,0.08068261446502903,0.005953210483625772,0.09440765657511563,,0.02667981113077442
2023-08-21,0.09265416048964267,0.010055355961859948,0.01634127389022736,0.04086759286783972,0.10212654957499821,0.09032989603548976,0.1151033259588325,0.09585375499304984,0.05924880377981568,0.09643194796018861,0.0462028222807093,0.0021501702291575045,0.020873645474066525,0.004794137616507879,0.0799302924936549,0.005835405958181862,0.09432254955885772,,0.02687831487692015
2023-08-22,0.09232307386762233,0.00991306018394448,0.01656294905057079,0.04086889179364353,0.10185071012623576,0.08937319372308881,0.11726979447514708,0.09640526882978001,0.05879985315244953,0.09670374837403063,0.046757448574041086,0.0020922227149074864,0.020846936481674332,0.004778941131270388,0.07939554522657928,0.005548952911414135,0.09405484217536912,,0.026454567208231434
2023-08-23,0.09238549117292646,0.010102483595209471,0.016500439607388905,0.040227996614314705,0.10296617591821292,0.08853716389717915,0.1179865605060728,0.09629948861289507,0.058707947126745465,0.09638361095152968,0.04752251138085693,0.0021422161397166603,0.02080538470359003,0.004729658586955475,0.07956371940832911,0.005373714799413781,0.09294802071147543,,0.026817416267188022
2023-08-24,0.09186728031026142,0.009899880724356108,0.0164789258183803,0.0400406480364869,0.10172648712189254,0.08918808515405484,0.11988996559400787,0.09727532304952143,0.05839414091393736,0.096129587792164,0.047254444878900986,0.002079686958149515,0.02070647607563883,0.004738089019656842,0.07967657061592492,0.005149428858953147,0.09293177503898178,,0.02657320403873122
2023-08-25,0.09213773393415246,0.009943055798559154,0.016391416666480012,0.04066454654497914,0.10040522828767147,0.08971775438842623,0.11808737379201018,0.09770489329089606,0.05819616413462281,0.09640524277036887,0.047553548720513004,0.0021009602995701866,0.02071066859680328,0.004733355904955585,0.07993418104903602,0.005151942626900841,0.09356648685487093,,0.026595446339183825
2023-08-28,0.09161000391430199,0.010185936916141605,0.016540883401558206,0.04071721404233195,0.0994462374319949,0.09012464038067104,0.11876773287119721,0.09816318018351287,0.05825710708773466,0.09581500241924829,0.0480323759747378,0.0021690163096995518,0.020882025311722213,0.004707605419925985,0.079705599159084,0.005282167092676231,0.09325279876286252,,0.02634047332059901
2023-08-29,0.09110074055117898,0.010458316309047207,0.016341674769616635,0.04016660258000815,0.09855216753968157,0.09032953831984977,0.12044415368732157,0.09863264091185228,0.059257755141928936,0.09540671400396201,0.04796106277494499,0.002179320620322574,0.020400911747474753,0.004656731523167066,0.07965486900079966,0.0051990886107174,0.09282557139572231,,0.026432140512404168
2023-08-30,0.0907052219298883,0.01022812517463801,0.016388620330232972,0.0405614501083642,0.09857470810325021,0.08998211990647542,0.12131783916755312,0.098657251129945,0.058386134614338066,0.09503472966887247,0.04839702504502223,0.002234162857414132,0.020528435028937385,0.004651980453727034,0.07926962481910682,0.0051974139913352,0.09270069380974025,,0.02718446386115929
2023-08-31,0.09033372215080138,0.010212208574886387,0.016519578108987278,0.04100885253013864,0.0979598671149314,0.08904068600620861,0.12257594801777855,0.09812789897300099,0.0580102612183631,0.09521606767265119,0.049016506270036946,0.0022401158707521206,0.020773879174113014,0.004694351280771262,0.07926117089827744,0.005209845856199668,0.09228576353618384,,0.027513276745918185
2023-09-01,0.08931809820098985,0.010328524281149803,0.016570614048642972,0.04141150343859898,0.10092232528395914,0.08785205334515055,0.1228770307424134,0.09765636244122967,0.05747869557337971,0.0947988713145949,0.04908658239014937,0.002324699182899066,0.02127173272991529,0.004694543461190549,0.07847664146379753,0.0054805982246083915,0.09162990224245252,,0.027821221634878268
2023-09-05,0.08875954738598033,0.010433976998180909,0.016424010860449527,0.0417131839645719,0.10112583404339287,0.08698641427685512,0.12320779027017564,0.09785812048757003,0.0572025174813861,0.09499018150230883,0.049467354516349926,0.002453329213638301,0.021293383493988537,0.004751281707831142,0.07742085753456575,0.00548412439405861,0.09158036177796186,,0.028847730090734748
2023-09-06,0.08911735552637105,0.010417566157371464,0.016355731898323827,0.041348090519582104,0.10160570719224463,0.08536091421664545,0.12242355070574773,0.09766778603870031,0.057893837522578005,0.09575645522974857,0.05000817964027313,0.002414528137846759,0.02130950712824761,0.004756138609003273,0.07784345236042717,0.005174240449696851,0.09145137218354,,0.02909558648365201
2023-09-07,0.08927053169746471,0.010283703986975774,0.016377199102787208,0.041199303424159964,0.10221646333656646,0.08459951905439082,0.12276818111286812,0.09759884621466255,0.05755790621755677,0.09642776760465972,0.049148601138856246,0.00233884473386329,0.021247429875083084,0.004704376487940526,0.07817882330818961,0.005179115899888508,0.09162733057723281,,0.02927605622685376
2023-09-08,0.08947143640611378,0.010012361769352282,0.01611511460897721,0.041013856955285845,0.10205582710638597,0.08636125819590433,0.12073210501392193,0.09680012575388977,0.05791199914160235,0.09617622575532336,0.048276181181264144,0.0024075329984320263,0.021840251620243976,0.004695352294018653,0.07877533235388225,0.005151119976069289,0.09242639562138708,,0.029777523247945817
2023-09-11,0.0891757646701409,0.010240051744297048,0.016253097141014274,0.04131460050077555,0.1029986471882201,0.08634760274782927,0.1212935999310417,0.09674823510742755,0.05774599218491703,0.09576409772859884,0.04834482778338651,0.002364065825355136,0.0213803710274612,0.004674254249695627,0.07847332366028341,0.005139129843755561,0.09239848462396635,,0.02934385404183398
2023-09-12,0.08911951116837018,0.01044558978391253,0.0163292698876432,0.042024408694907145,0.10153917948409953,0.08675905366081385,0.12107809219590615,0.09650663816733551,0.057953451109469326,0.09569008813135281,0.048408951605932476,0.0023289281820702817,0.0212824836378745,0.0046796585176554495,0.07818706951911374,0.0053606887524817355,0.09296782241331264,,0.029339115087749026
2023-09-13,0.09052849612319869,0.010150116465830403,0.016243468869110676,0.042728060493494785,0.10181487405826334,0.08676707109335914,0.11805895949098147,0.09574195294593951,0.058583401051071377,0.09666254882478621,0.048152677704033794,0.00234198196139309,0.02122631400909077,0.004662215231061219,0.0782187313652626,0.0055005824776977194,0.09385346698267844,,0.02876508085274671
2023-09-14,0.09061555950448813,0.010348777110478408,0.016228148918587457,0.04310499623516753,0.1033220198699524,0.08682723861972842,0.11661228570581253,0.09586738233419569,0.05870439061883908,0.09682105023682568,0.04800285503962721,0.0024051067248652236,0.02112831920770492,0.00459308165631537,0.07769548769445213,0.00524448482107188,0.0942899372130325,,0.02818887848885529
2023-09-15,0.09999999999999998,0.010713977911880036,0.01634144276193329,0.03991805305121559,0.09597147155888099,0.10000000000076971,0.09999999999999998,0.10000000000076971,0.05494952040141858,0.10000000000076971,0.04613672067363568,0.0024853754037938926,0.020626789466028955,0.004461245799544506,0.07493794458583178,0.005060068931898071,0.10000000000076971,,0.028397389450859678
2023-09-18,0.10023232344003194,0.01026092589910825,0.01669602849186786,0.0400055391485027,0.09664415556289971,0.1003226146460094,0.09944650460751914,0.09921659594882112,0.055165415907624665,0.0995971389803098,0.04631516174232768,0.0024229197626618906,0.02096620047761804,0.004455594303855706,0.07491536041431504,0.004633137691647705,0.09979971453204542,,0.028904668442834017
2023-09-19,0.1008997354514737,0.010492887936992854,0.016565029828350238,0.039091236301369896,0.09731899754594614,0.09951930735920786,0.09945796627350131,0.0982661242450609,0.05545329240163813,0.09947496483071214,0.046684528336747556,0.002400913607922942,0.020862875260674832,0.004491449834408189,0.07474241137993577,0.004806689339822262,0.10060652970474081,,0.028865060361494443
2023-09-20,0.10132473853574729,0.010277815473728266,0.01649395029000568,0.03944292274151322,0.09690504202507931,0.09975219795116512,0.10025077974117093,0.09839985615475405,0.055287949612540806,0.09875541382276719,0.046964323042543395,0.0024372738658025583,0.020672837751343584,0.004490220355102096,0.07473967581887621,0.004705375131425586,0.10095143990225537,,0.02814818778417942
2023-09-21,0.10208100131383348,0.00998697705890226,0.01656306041713573,0.039280144870995445,0.09814944090384496,0.09999316456887182,0.09844437442280093,0.0968058794985703,0.055375615025181395,0.09933715120920288,0.04633536418276978,0.0024305763459972034,0.020452361902277116,0.004556301628172039,0.07552536438390302,0.004567779911151273,0.10058555389228026,,0.02952988846411025
2023-09-22,0.10122681186164537,0.009843296405291102,0.016548439085775198,0.0405220610338943,0.09862550870618074,0.10083725727537932,0.09794033030549508,0.09664131119582867,0.05517772968376182,0.09878700953555909,0.04647325350763592,0.0025930425745233385,0.020844848638038153,0.004560771488172862,0.07565860162966678,0.004505380607303534,0.09985974305190164,,0.02935460341394715
2023-09-25,0.10024103950784768,0.0099197042163341,0.016652602400768615,0.04189805831530054,0.09983605566162332,0.1008325690104079,0.09787044557219267,0.09639798199457028,0.054753692680414905,0.09862002956636966,0.04595380377958051,0.002858295624859244,0.02107653045789308,0.004542090858654478,0.0750855105454994,0.00444613868742799,0.09938838266063584,,0.029627068459619824
2023-09-26,0.10023740580894029,0.00992468458135025,0.01703418158289513,0.04226700129332796,0.09951380440142833,0.09983213443021546,0.0977881625386854,0.09632307998728212,0.05468907228117113,0.09874823123153673,0.0462109403301355,0.0028534190345317605,0.021239433241475262,0.004685263351352499,0.07504758271192673,0.004493317180996453,0.09920319412152245,,0.029909091891226626
2023-09-27,0.10027138546957663,0.010049580793136958,0.017165232200448317,0.04225409860968641,0.10224084293438633,0.09915473180790076,0.09596327223328738,0.0963346180634057,0.055052296874005896,0.09845641189452312,0.045775583096754745,0.0029271306134092184,0.021523725811424844,0.00471871902050536,0.07477616598070318,0.004565576295023174,0.09835928462677064,,0.030411343675051272
2023-09-28,0.09936664617044821,0.009973162462276388,0.017447145250896783,0.04341558479597002,0.10160811418010839,0.09698371972827825,0.09800581510920935,0.09898019904434546,0.05487397636017171,0.09686068530406343,0.046823687343776926,0.0029662666367749925,0.021505156137479487,0.004751414544850255,0.07369456271895898,0.004532121772172759,0.09749015932530647,,0.030721583114912052
2023-09-29,0.09991855313201367,0.009975970505202502,0.017403031778902466,0.041752866568161635,0.10117044453482979,0.09799149800126639,0.0999025771622026,0.09963705272083916,0.0548821768503959,0.0964420493840162,0.04633028434519192,0.0028192214280359533,0.021616596008593284,0.004732828505800517,0.07384651552796678,0.004379822585820534,0.09675400046966487,,0.030444510491095745
2023-10-02,0.0988326310217784,0.009522470864323269,0.017476514301794772,0.0409710589206058,0.10067241078817511,0.0960938774741545,0.10112541398067203,0.10110234788499349,0.05465481452603796,0.09679401311773518,0.04746290806933789,0.002825375492411181,0.021839569984408145,0.004902633664754659,0.07353969652409338,0.00417975792592498,0.09709065127682452,,0.030913854181974645
2023-10-03,0.10014119349872583,0.008985113383413025,0.017490303209017625,0.04042524827606386,0.10072318407978931,0.0963833994010076,0.09842896173607388,0.0994820438088423,0.055367427228298266,0.09795127817717184,0.04621855396101402,0.0028054846522034584,0.02197026512645622,0.004891808173912848,0.07461561989967966,0.004612327944012096,0.09909394438603464,,0.03041384305828355
2023-10-04,0.10017108816040089,0.008817274356823968,0.017438791717188068,0.039158735117635436,0.1013501600763122,0.09469797828066538,0.0998407376758405,0.10093210304940975,0.05559855314180197,0.0982048201830391,0.04631285511692,0.0026568966798456457,0.021618472830523323,0.004863733155208805,0.07496184626761582,0.004313931731633141,0.09942229407497245,,0.029639728384163642
2023-10-05,0.09746355826261373,0.008324900348071273,0.017379821658886723,0.04022515036100821,0.10301001486946383,0.09248318427776739,0.09999587849048729,0.1014762056823619,0.05606606096527394,0.09823210063688555,0.04602258699991031,0.0027530127790000416,0.02232565434790281,0.004863641469493587,0.07561798082922762,0.004313850410165948,0.09942041987590562,,0.03002597773557426
2023-10-06,0.09758276096627987,0.008539472000758028,0.0174963368944228,0.040343776681441054,0.10400588295179579,0.09304747380581993,0.09854451090239781,0.10089763893340928,0.05554033884897767,0.09885891795615252,0.04609141543605731,0.002780762666748215,0.022231687681670213,0.004807704170948848,0.07573048950553485,0.005230067625298437,0.09882909205313765,,0.029441670919149735
2023-10-09,0.09828418171255393,0.007979186674361828,0.018057150240681063,0.039493420552241365,0.10373428320429827,0.0929004525352534,0.09867790871920258,0.1006981605202377,0.05542399252750773,0.09917409327993433,0.04645457021099707,0.002664247132950225,0.022355279215763434,0.0047364230281477845,0.07617830415020042,0.004861231799172255,0.09897313621396152,,0.029353978282535175
2023-10-10,0.09793455516696807,0.008574842523536306,0.017748668763446915,0.03943940804889146,0.10415513773941612,0.0928022150785221,0.09877390216784432,0.10065195902910436,0.05519372641434927,0.09957689161874408,0.046271502464125785,0.0027103447633277933,0.022210665340791386,0.004685822715498303,0.07621078992658653,0.005071785257015366,0.09873270103040974,,0.029255081951421947
2023-10-11,0.09768297247706542,0.008691990281267065,0.01753127897356151,0.03825440843385389,0.1042432565129499,0.09201059358686978,0.10027229813930921,0.1009674690376387,0.05503120902425775,0.09977002029305576,0.04635699779106798,0.0025739199889145588,0.02259227228122475,0.004605174312493859,0.07704780277675924,0.005028217625901373,0.097964712675082,,0.029375405788727268
2023-10-12,0.09655215283638852,0.008515406473278482,0.017599105166206986,0.0376675195606817,0.10617049333150931,0.09012545302647032,0.10165807527752678,0.10080325149006496,0.05485207931691615,0.1005461998877861,0.04668667630120906,0.0025117986768810096,0.022952990046265616,0.0046655566917551666,0.07779120132370727,0.004850513775848872,0.0971832144520005,,0.028868312365503128
2023-10-13,0.09774519596790388,0.008501791289223676,0.017748276277610636,0.0378703119904481,0.10423619820644671,0.09080158444539839,0.10004081726727185,0.10070003504294507,0.054876620212409036,0.10078111223065706,0.04650966125991603,0.0025954622566414726,0.022725448547579588,0.0046621758816317695,0.07804358136299844,0.005117014406027283,0.09836449730784778,,0.02868021604704328
2023-10-16,0.09854043455205098,0.009099255099102045,0.01765210568761887,0.03714648282320856,0.10568746904679133,0.0903666081477371,0.09958651859753992,0.10041416439159508,0.05512114827025604,0.09995614617123594,0.04693027968367396,0.002553901515197255,0.02272800009957106,0.004601020283052919,0.0771168029500476,0.005145997732057334,0.09845388126434725,,0.028899783684916778
2023-10-17,0.09819971173760206,0.00913859300431425,0.017748041941242864,0.03875245347143271,0.10616812626762806,0.0897931448905282,0.09944585782473495,0.09941530460148247,0.05493657569250032,0.09985649814718674,0.04700867029710075,0.0026128260897303563,0.023010918380520284,0.004607889524679739,0.0771625835765614,0.004904308972665713,0.0980385393236429,,0.02919995625644614
2023-10-18,0.09872398172274356,0.008945526952902409,0.017759559360912384,0.0394275542672253,0.10646446823971029,0.08834986228595773,0.09840480020211899,0.09938084342673915,0.055611776212100755,0.10071987620947821,0.046297124192820754,0.002611023371423068,0.02302410458248896,0.004673580329818624,0.07728252563580106,0.00445971249576506,0.09846281012353207,,0.029400870388461543
2023-10-19,0.09911596782693075,0.009021119690605414,0.017947204547294815,0.040458809999247364,0.10633211171302905,0.08929318242622168,0.09568657597078953,0.09682962299389401,0.05554190209236495,0.10168377098713739,0.04676049523148957,0.0026587623132413975,0.022913452280940775,0.00473673763742588,0.07788573955958132,0.003990329610586227,0.09962856705022731,,0.029515648068992456
2023-10-20,0.09864032825635871,0.008632736133271682,0.017981312233626735,0.04071098958727737,0.10530425846365522,0.0888626163092083,0.09678119108498269,0.09782218142299781,0.055950652736392756,0.10154634473917518,0.046789034435543185,0.002604366890645253,0.023015253193346037,0.004780439192151702,0.07796175452787482,0.0034461176664748695,0.09949627870919878,,0.02967414441781894
2023-10-23,0.09920122088915422,0.008633204105764852,0.01771557845003295,0.04102708050725124,0.10593840815512466,0.08822102837885183,0.09869089925875972,0.09757046469884698,0.05495412845070553,0.09978774596703328,0.04691946358706322,0.002608267076399914,0.023199483238715197,0.004806172749121416,0.07820798781670174,0.0031409954712016417,0.09963007492160351,,0.029747796277668062
2023-10-24,0.0994184923317092,0.00885790516195024,0.017509288595424593,0.04089698880156487,0.10614556799381772,0.08855702214894046,0.09877670346787308,0.09662517086722228,0.05491578764612413,0.09929085386831146,0.046604960010402936,0.002619644770322166,0.0236394114898205,0.004727633088870175,0.07862182064689593,0.003282491093121048,0.09946764420550279,,0.030042613812126622
2023-10-25,0.1008372666586302,0.008610827178115548,0.017670645839697508,0.0416300826571353,0.10472133083585146,0.08958655081301772,0.09727485629646744,0.09417253765841621,0.055333571488939484,0.10025106175453316,0.04582593882825228,0.002638453218636912,0.023624542700385557,0.004755703497506826,0.07924595833040167,0.0031486102449029235,0.10035642197060253,,0.03031564002850719
2023-10-26,0.10014379250939856,0.008130749271496858,0.017473270259219156,0.04016256078670081,0.10404091722874566,0.0893856880377353,0.0993615216890966,0.09805418999461002,0.05504461305965946,0.09939020633811566,0.045841586467158385,0.0025510210208846756,0.02356539150171541,0.004697497842463712,0.07905302567201328,0.0031546309411114664,0.09992994290324167,,0.030019394476633345
2023-10-27,0.10046065927214748,0.00742965681458694,0.01731281504972391,0.040319022644508526,0.10361917701069376,0.08869257346980161,0.10196533421035976,0.09815912002480673,0.05474023433653574,0.09895117919185384,0.04584195271704334,0.0025003852130623975,0.0235964866323656,0.004750640813270421,0.07874784391358756,0.0028832821045835172,0.10035958220751967,,0.029670054373549058
2023-10-30,0.10043158585595502,0.007549009233828967,0.017015655531019046,0.039990728760295864,0.10519157248162987,0.08795827070054599,0.10099892183418148,0.09831030009334488,0.05639115675757249,0.09835614538364616,0.045638585424458505,0.002469679453604891,0.023768781114836015,0.004732190807342247,0.07832290071004912,0.0027618287368619855,0.10013959014827074,,0.0299730969725567
2023-10-31,0.0991704291208074,0.007744902364045322,0.017061423819258556,0.04259020526248134,0.10353181170068482,0.08746823759817648,0.10152801814188696,0.09888819668018504,0.05609024077906432,0.09818232128623747,0.04558083867617653,0.0026012031640027214,0.023508032631849706,0.004663660481778202,0.07919151798825076,0.002997683288499169,0.09951783481440567,,0.0296834422022096
2023-11-01,0.0991539682609477,0.007361020445079084,0.01685998523856519,0.042169536409452806,0.10397979820002565,0.08610902428909972,0.10183429427190598,0.0988565514378814,0.05665425942838238,0.0984224101694432,0.04541938035624136,0.002537240073437302,0.024010113660438884,0.004605132812032033,0.07903265057114654,0.002709525421720149,0.0999064010738326,,0.030378707880367988
2023-11-02,0.10015008065524207,0.007718763437595225,0.016975437001628367,0.042931419322292774,0.10347430219710359,0.08574854301596807,0.10226113218492222,0.0995420825087826,0.05571339840784667,0.09879897929151886,0.044133950221858904,0.0025802177558192224,0.024082867426067373,0.004490421588088058,0.07837451266501824,0.0029616334225201265,0.0997965052847282,,0.030265753612999206
2023-11-03,0.09977877248405925,0.007660596849826383,0.016650674968622794,0.04163126720351252,0.10236177912145092,0.09010635054438058,0.10340898844144968,0.09946244963499427,0.0549335653093165,0.09757919395796218,0.04540697676289698,0.002564929276397533,0.023790628105255632,0.004444005698193093,0.07778694739099043,0.0029212029298824656,0.099263950048793,,0.030247721272015797
2023-11-06,0.09914999133082472,0.00715720370869372,0.01665365735154776,0.04045798681314422,0.10899329618627578,0.09419376208574635,0.1006707464334417,0.09833028657065222,0.05483538533459432,0.09613223459062509,0.04435515645301899,0.002511375829232996,0.024167699614315783,0.004446496662268914,0.07707546338475318,0.002741448166437391,0.09757973853268608,,0.030548070951740752
2023-11-07,0.09965447931626356,0.00711827867486899,0.0168073659669312,0.041248837035679414,0.10586026625436012,0.0950719629652319,0.10054060999359477,0.09884418364752649,0.05515591020557034,0.09650335729065801,0.04396505126314235,0.002593310632759115,0.024250217186682493,0.0044979283017613295,0.07701305560106685,0.002723585830999561,0.0977988272979851,,0.030352772534918426
2023-11-08,0.09887042341644554,0.007191372129930532,0.01679417019379018,0.04053176075382182,0.10706699248571941,0.09599533289892298,0.10099512766967059,0.09916897177234665,0.05483494354526183,0.0961660092516618,0.044239071386328634,0.0022857534755501823,0.024401354852514448,0.004490149753216268,0.07633633196416377,0.0026444389245028773,0.0976944773808442,,0.030293318145308328
2023-11-09,0.09844909939610741,0.007858920105052708,0.016740068141790923,0.04262973988748032,0.10729459536035682,0.09438413665072816,0.10102535799983318,0.09950521273424316,0.055103601832334474,0.09607394942170928,0.044072413842630845,0.002407693046706413,0.024255353402615573,0.004521342663492404,0.07598154802404708,0.0017866594434473844,0.09750566927193142,,0.030404638775492453
2023-11-10,0.09837532054103726,0.007571601590099526,0.016950509041656802,0.04266851810801362,0.10770917391486029,0.09403685949074264,0.1012710799670283,0.10019746762936323,0.05465159356920433,0.09590686528154628,0.04418375960566168,0.002386727803024686,0.024368608210075617,0.004492247107839325,0.07624667001796226,0.0017802938635596971,0.0970507078398285,,0.030151996418495888
2023-11-13,0.0957106547907355,0.007678830493196124,0.017133156374775006,0.04424809791422304,0.10853812563980561,0.09382329363933607,0.10123952870682729,0.10045060652947946,0.05424476782560412,0.0951460153867633,0.04431389493437587,0.002465161635380821,0.024867153906520653,0.00453015582892969,0.07655259654115373,0.0019751807880279454,0.09676333874038781,,0.030319440324477975
2023-11-14,0.09553373562795342,0.008634904482755529,0.016913840357667097,0.043106027211515165,0.10909051454412569,0.09470938775373035,0.10304570248013077,0.1000368389366596,0.054238616196787784,0.09388943957851702,0.04480858691202234,0.0024506497033587858,0.02466523128027312,0.004380017265350708,0.07628436416193111,0.002038698148137168,0.09616920044234871,,0.030004244916735655
2023-11-15,0.09500766342992348,0.00882047311925193,0.016569320779175147,0.04248455810062641,0.10579134472128132,0.0967500260029835,0.10385701796144974,0.10008327773140123,0.05454007278586493,0.09468880985065602,0.04536419715361804,0.0023585101243816654,0.02490659324528028,0.004419142065836223,0.07631750039305701,0.002235097830648362,0.09606998340485792,,0.029736411299706687
2023-11-16,0.0957332451996349,0.00871850878981738,0.016642200191871417,0.0430801550038106,0.10512455798633262,0.0957722587308421,0.10392529341156,0.09959565580603538,0.05465458281484077,0.09382477153641178,0.0450656239688783,0.0023606468874759383,0.024860500994205594,0.004403198200421763,0.07674294215546622,0.0019225891041150759,0.09788289084515166,,0.029690378373128594
2023-11-17,0.09575406210852917,0.008822824587250535,0.016737866341478003,0.043775948596793526,0.10529884127196423,0.09568182755159414,0.10357797885977794,0.09903908026250266,0.05487994134013122,0.09276130357577442,0.045283802658097595,0.0024260514430663404,0.025122208633861963,0.0044097620843851545,0.07721488110142426,0.0020841694287869147,0.09728964979692059,,0.0298398003576614
2023-11-20,0.0953176828966172,0.009010855477436953,0.01688345796213492,0.0443893549130514,0.10545175697860192,0.0946931233436052,0.1042552199939631,0.09985951801226191,0.05461581239539892,0.09271699256666109,0.0458715569574805,0.0023563913786524868,0.024662771724196467,0.004395260609716134,0.07727772654083649,0.002127271137421178,0.09653079944839645,,0.02958444766356777
2023-11-21,0.09625460221730509,0.008970068585760922,0.016791225092839795,0.04380048743099472,0.10551513628725782,0.09456246408281721,0.10447157081134387,0.10036186903917088,0.055476388073754865,0.092188271799611,0.0457153622940849,0.0023581062430365696,0.02354989695485447,0.004392430435578118,0.07737305722517242,0.002063497206290135,0.09675602096703138,,0.029399545253095752
2023-11-22,0.09605351624655811,0.009133915369205213,0.016814182054990936,0.04379588032676566,0.10569106804296789,0.09464267218832478,0.10446172146881799,0.10060247010625717,0.055530764174256765,0.09172571026428215,0.045659261982885314,0.002334329265805212,0.023757551437237366,0.004376740324433461,0.07761477961910834,0.002127652693310932,0.09616519512511179,,0.02951258930968087
2023-11-24,0.096112733038535,0.009165815630011785,0.01687321174705787,0.04382880477123227,0.10586905814232443,0.09485865555363654,0.1037940710897056,0.10034464870718185,0.05536327514592363,0.0922122526051925,0.045462478340700274,0.0023521132149731477,0.023728534237835542,0.004365407779310356,0.07789814151699788,0.0023450925765687147,0.09594621856957403,,0.029479487333238606
2023-11-27,0.09579158056520999,0.008990515212672174,0.01666602609307124,0.043923987352852974,0.10660104518354642,0.09445293439169339,0.10424880098182908,0.1002821685297024,0.05537597444594853,0.09173715121971582,0.045576355755955034,0.0023407967116716383,0.023929478717637537,0.0043477930099974265,0.0769449981081287,0.002294509695148198,0.0964710051963591,,0.030024878828860343
2023-11-28,0.09715688637784324,0.00936970234136106,0.01642967974849674,0.043756591319567946,0.10594305503482518,0.09461272406291074,0.10371947328614846,0.10021928035225844,0.05537217047720497,0.09164027354813296,0.04564764791415993,0.002298127963738757,0.024090172480903834,0.004345641587918794,0.07675055549488215,0.0021947345461014074,0.096796828217127,,0.029656455246418585
2023-11-29,0.09723328950489127,0.009962225847890952,0.016448556694387863,0.04299374725821186,0.10340800369232611,0.09477994627507257,0.1054888563126893,0.10242599148741723,0.05519721787528397,0.09058363753912807,0.04563496051218828,0.0022497622493156373,0.024289362708043216,0.004376675838146038,0.07594692455910768,0.00228905564913973,0.09706672451496702,,0.029625061481793193
2023-11-30,0.09729284211289356,0.010005618197959991,0.016678424839632795,0.04453933797651273,0.10342086044196622,0.09159611290498752,0.10557481577507695,0.10286399939489108,0.05545742645808229,0.09045953545264868,0.046127522083883404,0.002293729918235165,0.02470384106858074,0.0043606952517289835,0.07468893449505035,0.0022848218317277503,0.09770191839468545,,0.029949563401456276
2023-12-01,0.09752779770430053,0.010559119303685971,0.01669592806280509,0.04366040457827359,0.10140898271464777,0.0933504839969069,0.1043357120654946,0.10306397668102911,0.055255286081219705,0.09077108924973683,0.0466112035481738,0.002228039779322901,0.024714031766249953,0.004318982669696571,0.07512710522012891,0.0024835441155905192,0.09753958066595975,,0.030348731796777596
2023-12-04,0.09729092855601972,0.010687600090440555,0.01727772738647932,0.04424289482348534,0.10084313847894832,0.0925066451198983,0.10396845830836596,0.10304929949269552,0.05500497199619359,0.0903173810518297,0.047221371127185385,0.0023487073178211373,0.024646868288814964,0.004327890041902756,0.07511333913106098,0.002574623338810723,0.09742823562253064,,0.03114991982751714
2023-12-05,0.09666000004334706,0.010299628658312935,0.017021725047557654,0.044168075798847614,0.1007322156988515,0.09319607043702516,0.1050537354920639,0.10329486420070633,0.05469421621942004,0.09019609085563929,0.04725941382523341,0.0023037889994282717,0.024826413972549706,0.0043442740961630805,0.0746161017760408,0.002530957013289399,0.0973190626740322,,0.03148336519149166
2023-12-06,0.09823010986547667,0.009846428716169099,0.01721841456227234,0.043478961485226536,0.09613787242339683,0.0953913297844496,0.10282797545795963,0.10201433478623277,0.055467657697150285,0.09259317714030006,0.047382793656541904,0.0023475449810640473,0.024541333566607416,0.004357778332244214,0.07552753341970089,0.0025594318701012597,0.09946462781299288,,0.0306126944421135
2023-12-07,0.09852463295794761,0.009665399603767642,0.017104213630461485,0.04308487160988254,0.0948278963158744,0.0958991489250479,0.10238721847766434,0.10272992771810704,0.05596515378066377,0.09285254155886677,0.04734333019898965,0.0022915218986826738,0.024628495796565442,0.004380977120358382,0.0750043688046066,0.0026103477793547394,0.09915055321197228,,0.031549400611186794
2023-12-08,0.09776560683058128,0.009688623138668969,0.01699969168543714,0.043894612172314745,0.09540969306561632,0.09635462843098114,0.10291908908716467,0.10162331598201073,0.05599774791482292,0.0925226683227957,0.047226052967141434,0.00236074848752271,0.02480139948974875,0.004378875176279454,0.07516357881759436,0.00266707526050074,0.09889218854237386,,0.031334404628445285
2023-12-11,0.09825533988879101,0.00935308553417619,0.016983876737617597,0.04361934791333522,0.09904110211820794,0.09606624452947647,0.10227169961254688,0.10046511542467254,0.05569442408111676,0.09268480876187975,0.047277143330006426,0.0022285948605983456,0.024689156425532773,0.00435238383900114,0.07521329386145417,0.0025521471832902188,0.09815921997467802,,0.031093015923618558
2023-12-12,0.09784378919452777,0.00892379467968106,0.017103965346196053,0.04454053522257013,0.09780995796303743,0.09627498311300074,0.10261027111546547,0.10135720882089648,0.055518117570668477,0.09270930890624321,0.04773753987340592,0.002341397706445695,0.025169811177299505,0.004390334411309047,0.07472393763116315,0.0023426239811378904,0.09705977865971167,,0.031542644627240345
2023-12-13,0.09964922590143563,0.009166210026564236,0.016642410552092722,0.04314655079460359,0.09697686213713382,0.09744159123056047,0.10127348833505256,0.09959479908038797,0.056166467103410764,0.09385551161031942,0.04750992240843632,0.0023740599748178306,0.024542782987904608,0.00436021644241822,0.07522192527827683,0.002565224806938422,0.09812978336001771,,0.0313829679696289
2023-12-14,0.1010094174562599,0.009912777942297682,0.016376008238687786,0.04442098594646745,0.09793944252846297,0.09840434970793523,0.10010413083910051,0.10072853326305674,0.05593581751745105,0.08834565256127798,0.0487674584277633,0.0024787377423178296,0.0246761387832526,0.0044136829055263435,0.07467074373674133,0.0028407262996502317,0.09758679260017705,,0.03138860350357398
2023-12-15,0.10000000000093076,0.009685775988661232,0.017156417329471874,0.04641802079474149,0.0938896695453614,0.0987697451840434,0.1,0.10000000000093076,0.0562689056904674,0.09547991617210418,0.04603777389869098,0.002388761143120001,0.023850661718896164,0.004253328802820381,0.07372703438924863,0.0026347923671892304,0.10000000000093076,,0.029439196972391394
2023-12-18,0.0994118610475403,0.009377686584245242,0.017377583587203205,0.047835445253533324,0.09436843249864321,0.09814865849990634,0.10018470077460673,0.10021090980366341,0.05665394967654622,0.09260981007191338,0.046227032527144066,0.0024368180976477357,0.02410618353476883,0.00425721106099877,0.07394561505943609,0.0025342376737745487,0.10081151110021365,,0.029502353148214845
2023-12-19,0.09939884322727703,0.009739899013931342,0.01722835472414551,0.044951488869772314,0.0950618540100135,0.09739206285988886,0.10135596386443932,0.10020195667779443,0.05638705118320931,0.0947422914911255,0.04635693311871801,0.002361568663404276,0.02436485618458629,0.004236251571928654,0.07415015579948053,0.002666178908345178,0.10007051550387877,,0.029333774328060908
2023-12-20,0.09919743592233365,0.009610308287306486,0.017331189089031966,0.04469751116775525,0.09388488506580694,0.09751152625166028,0.101966855364487,0.10031981322599123,0.05640168768115774,0.09506156026767287,0.046770434182038204,0.0023980411394513013,0.024525679153092856,0.004324341962380212,0.07388123671795828,0.0024811424594195514,0.09980961021527152,,0.029826741847184694
2023-12-21,0.09825062917116269,0.01019063396346065,0.017351506726907374,0.04547238165367786,0.09437909241318937,0.09618105716495526,0.1031592311773611,0.10069968317218965,0.056160955782705524,0.09523927203848057,0.04726029461553347,0.0024839759607398143,0.02473070376381806,0.004301208699444214,0.073014101275415,0.002464113205470048,0.0988413431160309,,0.029819816099458312
2023-12-22,0.09871309954687392,0.01027551206693354,0.017454141546479396,0.04546044443290413,0.09203169760765541,0.0962924936025803,0.103319633288914,0.10049302617044954,0.05645265504687324,0.09573555107804303,0.04746947709765681,0.00247621516634901,0.02469936816224066,0.004302057521481556,0.07339561945102883,0.0024570854630714856,0.09896945315795128,,0.03000246959251394
2023-12-26,0.0985201756083961,0.010371626119268543,0.017326301840609824,0.04547820354792086,0.09323434687329256,0.09621918783930755,0.10301798904300224,0.10059744762577041,0.05619824433753081,0.09587206461610223,0.04752261588607679,0.00252853809523368,0.024946897901575466,0.004276200489883355,0.07303267680111232,0.0025095371737005687,0.09839003005514316,,0.02995791614607352
2023-12-27,0.09868902925148598,0.010467444278463332,0.017247711570917798,0.045226054081202574,0.09318826856749053,0.09513028599880502,0.10354167669307111,0.1008307442428442,0.05617294608632771,0.09563559546531941,0.047810208804230286,0.0025552054269413296,0.02516329079054,0.004274867058596896,0.07302648907708545,0.002544747957065683,0.09837480984368785,,0.030120624805924815
2023-12-28,0.09880283761282152,0.010403656733431884,0.017135603077681385,0.04423529833372107,0.09242471273655725,0.09580159932948887,0.10293753050365077,0.10118367078824188,0.05621729248986535,0.09632555595867863,0.04781365655535932,0.002479860729942407,0.02533344176953079,0.0042235824498572105,0.0729793061223074,0.002497453183440225,0.09889849183385616,,0.03030644979156779
2023-12-29,0.09896817548722336,0.0101322565160875,0.017221691606709992,0.044580815924560105,0.09255486541503831,0.09594057200993007,0.10210688353917062,0.10045856015613809,0.05657323852780431,0.09672204632517213,0.04751108498894182,0.0024606440428253263,0.02533471597523464,0.004235774854266187,0.07341109651075017,0.002456209397124118,0.09916859485457263,,0.030162773868450614
2024-01-02,0.10071281824308667,0.010077766697259405,0.017031050094395327,0.04318734882181321,0.09067659573064658,0.09841421849778371,0.10200089822908051,0.10038636420287844,0.057012964522391005,0.09760822062974069,0.04631858866894143,0.0023958116950301726,0.024987583138498942,0.004226111497178352,0.07345823983600665,0.002333915380224999,0.09954774291701966,,0.029623761198024155
2024-01-03,0.1013155223234223,0.009586677324676654,0.01697385275813839,0.04280993067031484,0.0914810434338368,0.09855066480081068,0.10101069535410177,0.09898951288627683,0.05746477648915792,0.09720947661907019,0.04487567401558698,0.0023503963523127517,0.025243427834153252,0.004264837149942317,0.0740510305634712,0.0021412870673095056,0.1018589962275693,,0.0298221981298484
2024-01-04,0.10166547450326814,0.009526268818688795,0.017021556870220913,0.04405812726114575,0.09128702634669951,0.09833896206756072,0.09991660680347869,0.09902646962898247,0.05755899260417003,0.09698632055871947,0.045183141704522596,0.0023161844837204636,0.02512117785687557,0.004274523571909876,0.07416720675029156,0.002127520642713377,0.10136716936404898,,0.03005727016298301
2024-01-05,0.10216004896129145,0.009416547491128824,0.016801587006418133,0.043558024886878224,0.09177644928437537,0.09981592845721729,0.09898832960550503,0.0979520269993034,0.057915729665200394,0.09757102372397448,0.04521592563483919,0.0022802613479469998,0.02528112847570418,0.004269156682645236,0.0739397272434493,0.0019481201672519783,0.10099139675654467,,0.0301185876103258
2024-01-08,0.10164857589484501,0.009396533855121948,0.01701056230337085,0.04360263010622748,0.09146733493136423,0.09876969751664705,0.10012620057166242,0.09877625260866826,0.057765237406202874,0.09755734740604351,0.04561091114436318,0.0021828521214232012,0.025275961892043813,0.004226345990758044,0.07371202896393908,0.001906501576074319,0.10072341309912354,,0.03024161261212126
2024-01-09,0.1014877245913487,0.00904230457482225,0.017004013312294387,0.04583064594654401,0.09142735448283179,0.09759120942768704,0.10044241993826476,0.09863832249222741,0.05776246457368019,0.09728094214752298,0.04515848289177799,0.002258495480964903,0.025099493069804298,0.004233104020306332,0.07356912228755887,0.001824499830298756,0.1006470525411006,,0.03070234839096483
2024-01-10,0.09960593951699487,0.009135443934442903,0.017358764474168852,0.046242436610362314,0.09083495184865206,0.09693483267886539,0.10257521835257562,0.0991763735876813,0.05787036807615831,0.09778866827421094,0.045192743765379274,0.002241807023317923,0.024738327117464085,0.004222279719269463,0.07376000297107886,0.001868431090837064,0.10062612555292764,,0.029827285405613118
2024-01-11,0.09842624410757816,0.008929303305439264,0.017619573331131688,0.04849097365418659,0.08979686265065495,0.09659874816391673,0.10214303325093287,0.10037623195953194,0.05754596501881297,0.0980030368171779,0.04524406113802248,0.0023110205623158115,0.024871827194709244,0.004282920405763261,0.07275410536702591,0.0017529334315015731,0.10027707251653772,,0.030576087124760905
2024-01-12,0.09859000374169928,0.008675639024778003,0.01782363871391145,0.05124372232161259,0.08878326301479747,0.09592952118555487,0.10325903420638473,0.10084700823063107,0.05724861841263721,0.09647968098661953,0.04534452132604452,0.0024663627771499275,0.02468929247766337,0.004239034580360158,0.07190700404821676,0.0017362253918209907,0.10025608174230353,,0.03048134781781442
2024-01-16,0.09865895099723399,0.008112145659372889,0.01784158601536665,0.050633324663648525,0.0884807046280045,0.09540035565466458,0.10515818992679242,0.10208849336472788,0.05755974872127679,0.09622894805779214,0.04505585860868175,0.0024765953725602984,0.024962679104810318,0.004252285385707563,0.07129852469146782,0.001610310987950869,0.09942540034492116,,0.03075589781501987
2024-01-17,0.09836531490437664,0.007813120653157465,0.018018056780342205,0.050165265568677994,0.0897472136599423,0.09543219369498333,0.10406532142781634,0.10087960999724749,0.057006374768951124,0.09706601032798559,0.04495347419692225,0.0025180738983923098,0.02543690352011455,0.004316666976672292,0.0715093257368943,0.0015402395653646359,0.09967971748403458,,0.03148711683812452
2024-01-18,0.09732716660475746,0.007879611218980365,0.01820753429561466,0.05049805403755425,0.09013222990165667,0.09478736312942149,0.10427095578735196,0.10106209389034547,0.056478028473366144,0.09723967586319217,0.04576140773975802,0.002549925592181377,0.025517905321252032,0.004355336300816349,0.07163152181236154,0.0014626232970376715,0.09933005399033207,,0.03150851274402028
2024-01-19,0.09613833065075891,0.007921880304077247,0.018125070695315226,0.049325950927940405,0.09207082199651768,0.09394618804974324,0.10575489554290811,0.10160592540763883,0.05626799533804702,0.09593539606424904,0.04612086279024264,0.0025137273521556496,0.026139661721824366,0.004330603460285103,0.07139656170263996,0.00149976485334715,0.09896930275946932,,0.03193706038284007
2024-01-22,0.09541975048092509,0.008385357377975744,0.018259891324446668,0.04838654925200538,0.09405635821632587,0.09320762355946073,0.10810037128755198,0.10141881589887251,0.0557392992351036,0.0952232168645585,0.04617308409193346,0.0024958935130363655,0.026175298388001023,0.004332339765497732,0.07064376712469031,0.001647262828042372,0.09862073925802728,,0.03171438153354529
2024-01-23,0.09627624030284238,0.00828857952774939,0.01841100117302569,0.049504869975920185,0.09505922547482176,0.09252293254695972,0.10675912418968153,0.10076778038405011,0.05562453079067658,0.09470946072559658,0.046640814793021595,0.00252567745772591,0.026070575047586933,0.00437814572899262,0.07066099348126254,0.001765299317235192,0.09847660005275258,,0.03155814903009856
2024-01-24,0.09614207512476775,0.008337249598310987,0.01859070850946545,0.050258485948710574,0.09382966068607206,0.09236910566842553,0.1072584457274487,0.10156790307787766,0.05568169977959146,0.09400514625180204,0.04664833626764393,0.0025493757323974014,0.026132543762170786,0.004453913223139172,0.07013131125745184,0.0017310605468003866,0.0988489042956938,,0.031464074542230325
2024-01-25,0.09554918905360192,0.008589465783772763,0.018359054480942272,0.04774916876905822,0.09585387584412002,0.0925943112988037,0.10827711783024058,0.10196590039313942,0.05561001805167942,0.09439732258966187,0.046672962549577084,0.0023913986084632068,0.0264215989254415,0.004342458899403675,0.06930771114052689,0.0018864709227459444,0.09826024549627951,,0.03177172936254215
2024-01-26,0.09502781757973103,0.008566759976726889,0.018421064887317935,0.048026571174419226,0.09613816979898519,0.0931217744242811,0.10879571207746974,0.10123538967171611,0.055606515820134234,0.09448215490072721,0.04596488576001613,0.002353453362799765,0.026645169823030484,0.004328692054853242,0.06937375201675304,0.0020540294920076193,0.09787011700848006,,0.031987970170551105
2024-01-29,0.09497030746647939,0.008101069727707346,0.01840701098519956,0.04841218333057541,0.09526339097505565,0.09220126558669312,0.11009994554027043,0.10311497726450064,0.05545785376199456,0.09457457357431877,0.045725333833317436,0.002340701780905466,0.02653381381449489,0.00451212752114618,0.06925889945611607,0.0022092697554285047,0.09724950446966393,,0.03156777115613267
2024-01-30,0.0947980173081938,0.007722857845266316,0.018449068256849905,0.049117314636494845,0.09575257720263734,0.09259388973602325,0.10850318672699039,0.1040893630582861,0.055575081966145724,0.0937073690122698,0.04596112235634691,0.002355927294102478,0.026264976421331403,0.0044603509312800375,0.06938508144230403,0.0021590535779431436,0.09709877313603028,,0.032005989091504046
2024-01-31,0.09512598088326511,0.007750216150288457,0.018279214857025338,0.04931103736067228,0.09648180546720712,0.09319962950615185,0.10647816813883942,0.10335769048312399,0.05570335494373395,0.09376223841527281,0.04581560106001623,0.0022934586938239813,0.02596812293375891,0.00446987095194942,0.06958270939758879,0.002156690988262101,0.0981685133327628,,0.032095696436257475
2024-02-01,0.094664610667517,0.008018869010055588,0.01828449325380061,0.05094088727136599,0.09855063732163942,0.09287312788439607,0.10636106323062004,0.1028618018418088,0.055573017103584296,0.09196764502801419,0.04583732766029839,0.002291652338621433,0.025921259420023404,0.004357009683710739,0.06907883963864225,0.0022385852547922008,0.09717146574020297,,0.033007707650906444
2024-02-02,0.09419055864186891,0.007815697166980927,0.018369143713054033,0.04982289844044437,0.10099634784456901,0.09160565382070486,0.10774374574712293,0.10339014135269638,0.05528232193144075,0.0909909282470113,0.04615632442795145,0.002260810446419595,0.026377033846905706,0.0042053461390567865,0.06871988784238948,0.0023093632773846205,0.09545786721094647,,0.034305929903052465
2024-02-05,0.0933872555961611,0.00754797368149342,0.018561370671356932,0.04985488571192923,0.10035569686900775,0.09100553310507131,0.10929902173430682,0.10419326031453434,0.055578366663992004,0.09039280437755938,0.04642496781484941,0.0021932259872284956,0.026264075615877916,0.004267230588300967,0.06977688601627081,0.0021993152841145104,0.09481809591830352,,0.033880034049641974
2024-02-06,0.09337258197349288,0.007688870291833079,0.018493539812331945,0.04884046001726197,0.10287827077571549,0.09129215930138002,0.10854288854893737,0.10365921437101114,0.05515515880769673,0.09066385703490007,0.04645503420902344,0.0021399061964476824,0.026038102144140166,0.004249161085164732,0.07026754005608442,0.002108224019918115,0.09454500840468938,,0.03361002294997129
2024-02-07,0.09337981881560732,0.007675341156153198,0.018631052479928335,0.04919634341490585,0.10393945795751271,0.08997307242204705,0.10931527917038282,0.1045417375164356,0.05465044901200503,0.09106154769679078,0.04560949772567551,0.0021532588305321755,0.025724844678358276,0.004227764170237685,0.07022120687550125,0.002015903309423977,0.093753524331235,,0.033929900437267416
2024-02-08,0.09238436276708993,0.00788117798642894,0.0188048196529992,0.04615592277740498,0.10343275813648328,0.09001488391355511,0.11134329079256862,0.10643712480790356,0.05437877704837315,0.09082349444533008,0.0464995848123018,0.0021157513369206944,0.025617823240849942,0.004262008652333186,0.06978983970090809,0.002017343785815914,0.09451291883766287,,0.033528117305070715
2024-02-09,0.09287386078579686,0.007854815254712605,0.019020701983626362,0.045300517203484936,0.1040496788307097,0.09072422295870095,0.11108530874082129,0.10618411656543447,0.05445905280760465,0.09062768294020854,0.04634585308383105,0.002073828825808105,0.025531189600145363,0.004241915017077797,0.0697979531000346,0.002002307492395305,0.09415590455139933,,0.03367109025820802
2024-02-12,0.09396257770252525,0.008387406725752052,0.018961108375421105,0.04482806600773281,0.10110736730640002,0.0916726221148872,0.10841297095143025,0.10538425852544367,0.05500555720073547,0.09205786496550358,0.046440814942103566,0.0021271320487602284,0.025209497283548807,0.004249217970224137,0.07079399817845143,0.0021186294079668815,0.09597955940110564,,0.03330135089200791
2024-02-13,0.09641106614422544,0.007736514332713586,0.018975445072499073,0.04344798740708896,0.10167614524206574,0.09089199302466305,0.10827917904491556,0.10422869019962597,0.055154697179072475,0.09249627118723515,0.045700403678967334,0.002071534533361587,0.025552842260927612,0.004278028412210314,0.07056301975920272,0.0019351667330120034,0.09585077575445966,,0.03475024003375381
2024-02-14,0.09599645287828598,0.008016035188482248,0.019482440681541487,0.04367163468785118,0.10187983065851702,0.0915454810735454,0.10793456943600328,0.10383675372924406,0.05482931022938053,0.09193347943032783,0.04586262003061505,0.0020378957056613723,0.025517764890810913,0.004260215254688458,0.07056838841362295,0.002083663254106297,0.09589806097803888,,0.03464540347927701
2024-02-15,0.09701656507282123,0.008018331013911797,0.019147246729513782,0.04280554212023342,0.10195918097525627,0.09083765839166837,0.11031309122736857,0.10675943135885803,0.05468316285640901,0.0919308367118973,0.045963587854020285,0.0020177510130901903,0.02499012063795827,0.004188441094022445,0.07002145806767908,0.0020790724745733047,0.09246948965212072,,0.03479903274859802
2024-02-16,0.09834094219029417,0.0067092476249523405,0.019527341800863615,0.04324703282319049,0.10293183227207041,0.09287574152753898,0.10253945843447812,0.10591919151700001,0.055527482334667415,0.09329868051511236,0.04578735014169017,0.001989436237235438,0.02523690432655137,0.004234794486412109,0.0712026825820213,0.001985971107399134,0.09325172998376752,,0.035394180094755076
2024-02-20,0.09799483803454687,0.006076042354256047,0.01957692131339372,0.042635367407174385,0.10376062266572277,0.09199666896831009,0.10185815226716727,0.10599238658822194,0.05558309383024958,0.0930210763242396,0.046203521138571825,0.001923701675103461,0.025192981392458014,0.004255548542787573,0.07178998609374546,0.0019641460573598677,0.09424770945495879,,0.035927235891732724
2024-02-21,0.09881326385968123,0.00602938840891854,0.01952648596906299,0.04237383506286064,0.10217262579134982,0.09268462923985886,0.10092183574540936,0.1056681342236355,0.05559174890286799,0.09582062748330121,0.045723416016731695,0.0019126925752347573,0.024972997213807725,0.004204020864279512,0.07210891498746076,0.0019183971069846972,0.09404911078310021,,0.035507875765454534
2024-02-22,0.0976595729994037,0.005759528763149357,0.019760021094539268,0.041472040850276656,0.10320184721787685,0.09094234181857579,0.10263742354073442,0.10740207114906933,0.055455215822356706,0.09481362099257018,0.0478670603268973,0.0018613357473414962,0.024853863963473586,0.004183965655617685,0.07087485254253587,0.0018436606602679415,0.09298994866511279,,0.03642162819020104
2024-02-23,0.09733001527526916,0.00569595894736052,0.01953646067568631,0.04027564502678983,0.10279921675500397,0.09463675234416806,0.10136897370814835,0.10661450642499067,0.05551593373271482,0.09430128404546465,0.04936327016338054,0.0018131339351177736,0.02447887855964573,0.004139649740692543,0.07065930473935622,0.0018709030984135188,0.0927240857143228,,0.03687602711347446
2024-02-26,0.0963799668714314,0.005840688766992819,0.019745070947376837,0.041352704597867655,0.10301965799653351,0.09298940487722222,0.10240126564475,0.10725700152861217,0.05465975172774987,0.09389214468481458,0.05011364053534168,0.0018330128472724735,0.02530960514625603,0.004179514245468141,0.07003647156891409,0.001984663035828981,0.09166316176421613,,0.03734227321335137
2024-02-27,0.09724323240667349,0.006062471604885807,0.019025205928998482,0.04084241744536559,0.1170296664212638,0.09259804406659208,0.0995734771886162,0.10335924081384552,0.05348773450616388,0.09268108125819975,0.047691674621981366,0.0017245473484422751,0.025160658303062806,0.00405237358378712,0.07021032411168919,0.0022083116653580257,0.08919136665750395,,0.03785817206757078
2024-02-28,0.09433918480229747,0.0057366944860093895,0.021009079806575185,0.039157995229493335,0.12569014194336456,0.09165981970285522,0.10064706200935909,0.10328392373805617,0.05224369524407239,0.08961754215213477,0.047548345162612936,0.001723946932543138,0.02491656369603809,0.0039590840391997605,0.06988381474559423,0.0022169652024244604,0.08778366867842212,,0.038582472428947655
2024-02-29,0.09593530964529476,0.005547378229958717,0.020931516753780435,0.038725864739411,0.12319787707796637,0.09016496890628588,0.10280008873334162,0.10240904368628428,0.05253651076720489,0.08913325566713338,0.049375287092670805,0.001717993697957822,0.025050312659259718,0.00393768944560653,0.06915749480131973,0.002142969688542047,0.08781616773535053,,0.03942027067263147
2024-03-01,0.09555529549022057,0.005740356308214543,0.021200492243613957,0.040039114642966084,0.12415540877524361,0.08431714192386883,0.10539507943360281,0.10356328072083419,0.05181881773497221,0.08821289446683496,0.05077634074600357,0.001736507826501057,0.02565221092746943,0.003938480252113985,0.06894521601570025,0.0023732531404132176,0.08721874886879319,,0.03936136048263348
2024-03-04,0.09375431065503712,0.005596116414135722,0.02124819243652532,0.03868476605451337,0.12627866584336175,0.08633553119377549,0.10565732891536568,0.10327812814631686,0.05167244261408491,0.08836782454231462,0.048519948896088065,0.0017050799700364671,0.025626442063940328,0.0038708384227456477,0.06895850081135906,0.002634253609620139,0.08739306692943923,,0.040418562481340285
2024-03-05,0.09308929668389947,0.005678962566768118,0.02137899482457384,0.03840008424495442,0.12715496251809938,0.0854746070418506,0.10359513144635035,0.10144400971989881,0.051844568460039604,0.08882992492603425,0.04849782104577664,0.0016570800201440028,0.02671114798652564,0.003897515278970149,0.0701076750064898,0.0030117429364501587,0.08731966556378262,,0.041906809729392105
2024-03-06,0.09180693642160676,0.005866905214636426,0.021287638990011695,0.03866162201741943,0.12795599499252214,0.08632836271103289,0.10200581948989376,0.10146388234095033,0.051551586731726724,0.08869616881997025,0.04909614629406181,0.0016635507005971432,0.02706664248907719,0.0038584649378678782,0.06997644906553478,0.002818658347309629,0.08710403813460059,,0.04279113230118065
2024-03-07,0.09127762795580933,0.00637663220951703,0.02111932841566663,0.04061501109297141,0.12664619941876837,0.08724586350587259,0.10248357526874408,0.10061310710604583,0.051212910150660665,0.088368767681206,0.0490267786398914,0.0016918920940755186,0.026473922083227783,0.0038462171008130457,0.06982571093892502,0.0029693569979018885,0.08722454455306758,,0.04298255478683598
2024-03-08,0.0920825001150791,0.006376170015492418,0.020882764034836826,0.038438010802534596,0.12172327574085472,0.08827384358356802,0.10220113804631299,0.10218771014346967,0.05205243975356325,0.0897589298560665,0.049811428657162246,0.0016368255499849057,0.026830178464131424,0.0038978752684159326,0.06954011484162666,0.0036890465912673975,0.08794355702615562,,0.04267419150947776
2024-03-11,0.09268466611949076,0.006520350568611786,0.02077734461945323,0.03829193706076535,0.12075431321058784,0.0882993182936244,0.1002458033247697,0.10111495561821887,0.052478106647432465,0.09105962146811182,0.04980136092143108,0.0016263172236564963,0.026919014682467803,0.003939880742085816,0.07087881552607025,0.003691351352309896,0.08964083158173511,,0.04127601103917732
2024-03-12,0.09223529089296405,0.006406800923472892,0.020637967356750747,0.039385070995541484,0.12100240652032176,0.08702448185711063,0.10070044101487453,0.10095900521218724,0.052146982923498085,0.09048880951890148,0.049858835515860414,0.0016511581249521012,0.027722895646486292,0.003937043073862093,0.0697746516373149,0.004257225136029755,0.08902307243725537,,0.042787861212616116
2024-03-13,0.09219628962129563,0.006267764500301643,0.02071493794579967,0.03729716304825891,0.1211514442653296,0.08942498293708762,0.0994848923587752,0.09849787104811904,0.05247160083380469,0.0909162115345902,0.049582870599191496,0.001601597044137498,0.027897852400432754,0.00394416412265126,0.06999254034260446,0.0047981294636785495,0.09014091612452213,,0.043618771809419636
2024-03-14,0.09163429364260794,0.005681133791251127,0.02046734438450142,0.037930810420899866,0.11974265480369406,0.0892250182086655,0.0994364024394854,0.09896311410200079,0.05260107725979258,0.09052953697666408,0.04868452403762829,0.0016078341668175596,0.02853144365213759,0.0039728937594917,0.07057338342171665,0.00496314816948926,0.090084111431668,,0.04537127533148798
2024-03-15,0.0997644948939424,0.006646187990431809,0.0206683948925878,0.039264668459640675,0.1,0.09227670283167905,0.10000000000047293,0.1,0.05268990571559533,0.08324356729544902,0.05292379563526256,0.001716810226467155,0.02800827298498707,0.0040954289137379,0.06997991404247697,0.004152772499350195,0.1,,0.044569083617919114
2024-03-18,0.0986931197131752,0.006944832895217944,0.020509488302826645,0.03959493495578968,0.10082456724820298,0.09256020342524833,0.09980973608994333,0.10012221825711712,0.052464628904339596,0.08258698390558379,0.053085268557656405,0.0017266812956669528,0.028183086108886184,0.004106357547581769,0.06945722979951757,0.005289532627145251,0.0993339949706711,,0.04470713539543023
2024-03-19,0.09988884751684322,0.006698522172008501,0.02072884604265526,0.038756095186021716,0.10273408769242212,0.09234453375847856,0.09929277537170277,0.09792843605406104,0.05263717823112944,0.0828106864162051,0.053125589248829645,0.001733332921879356,0.02882305031856657,0.0040836347108164995,0.06934185914845103,0.003418486803493967,0.1001942845594387,,0.04545975384699654
2024-03-20,0.09937977030266018,0.006786787027033795,0.02063659587823057,0.039569134958913045,0.10477837415501369,0.091672036138991,0.09868955262233489,0.0956929187276854,0.05256442716291049,0.08231211260062934,0.05330834499897781,0.0018285151812208662,0.02903490006181284,0.004068696224115789,0.06918957043349991,0.002535850344646433,0.10027370874297843,,0.04767870443834551
2024-03-21,0.09955476392099526,0.006952651245706,0.02082859618073041,0.04013924486654284,0.10366633861779521,0.09220284639189268,0.0980642613694112,0.09411696744524987,0.05269175900146853,0.08334634196243097,0.05374821413119485,0.001832715015716532,0.028953363610334192,0.004037900783211865,0.06902013188810174,0.0023745667041991424,0.09965563862437755,,0.04881369824064123
2024-03-22,0.09939547586859421,0.006989479174217572,0.0210183662275061,0.04065596537855872,0.1061700644680366,0.09188028680831332,0.09695069929159666,0.09284058840583526,0.052566904342359486,0.08253880401928806,0.05277033361668066,0.0017970606506076201,0.02901654244429192,0.004046079787046837,0.07031098456414725,0.002212828506036894,0.0995336340152268,,0.049305902431655876
2024-03-25,0.09895651485501937,0.0070890819597381515,0.020734980920951836,0.03931250158150664,0.11104050266975908,0.09133332917131337,0.09608872925288743,0.09143658878788258,0.05231857582902622,0.08260690109610712,0.05172727394888959,0.0018106400855124785,0.029301540484469056,0.004056494264345008,0.0703837983316242,0.002103307906510534,0.09909982027722827,,0.05059941857722903
2024-03-26,0.09913232388509023,0.007665029108468414,0.02060938386623416,0.03976443984390846,0.11078798673109093,0.089070311089266,0.09763179711279639,0.0931151913230435,0.05232104409405883,0.082535837790675,0.051940345923691504,0.001760519759934619,0.028560785531543217,0.004177831232915472,0.07106233321171784,0.002162660944657119,0.09911572741525781,,0.0485864511356504
2024-03-27,0.09974898370225134,0.00766111369556671,0.020517353721728897,0.0394437630614536,0.10812613057381744,0.09056085983105068,0.09882134884935737,0.09282546747157795,0.052467629112987614,0.08240625887167871,0.05226523204663318,0.0017914267602163016,0.028255142628955916,0.0041107451749625434,0.07074148026419531,0.0029222764947699235,0.09947299750273092,,0.04786179023606556
2024-03-28,0.10046619943625468,0.007737766982364047,0.02047543495732539,0.039717460898276324,0.10718076078305326,0.09100764994762746,0.09814906737881347,0.09322322634933862,0.052463176423425496,0.08224869067420588,0.0518966170381279,0.0017942234460597184,0.028506315281503495,0.0041547367874283855,0.07030115940229244,0.0026814027359584203,0.09960667840200434,,0.04838943307594071
2024-04-01,0.09887941901267981,0.008100033354234254,0.020377935735289607,0.042928989032651126,0.1080583060789663,0.09120755298761585,0.09691951318242994,0.09049363849471699,0.05208861965112571,0.08171319995399892,0.051565540584804254,0.0018994482137041047,0.02957703983181911,0.004460758035784299,0.07031963053815095,0.002659405578196154,0.09894073137861228,,0.04981023835522034
2024-04-02,0.09965416151981028,0.008106213875022469,0.02031709374510695,0.04379139446947037,0.10937399681013076,0.09039741878289516,0.09548772681001962,0.0896899809780614,0.052318190944375426,0.08251746251391924,0.05101854922245606,0.0019404821765939778,0.028930139715959046,0.004617956093291043,0.07009810957010192,0.0029050584229799534,0.09929174599173343,,0.04954431835807286
2024-04-03,0.09813567428879169,0.008048032979935072,0.020056837926351236,0.0455697683901757,0.11005740185535055,0.08983525772713429,0.09565545200720205,0.08886425326146348,0.05167305690969179,0.08132728521850703,0.051114365783877645,0.0020299212704770627,0.030218219892586648,0.004687758966440954,0.07002135204148463,0.0032297069201677906,0.09833913184741273,,0.0511365227129498
2024-04-04,0.09896460568485974,0.008198158055281199,0.020381358664547183,0.04473215865267079,0.10726450555638423,0.09096722829609144,0.09629436584820529,0.0891043388447155,0.05230270214956499,0.08237610939006765,0.05142202085477133,0.001986428952269574,0.030037981565365097,0.004763450276644212,0.07033277427412422,0.0031503177864740193,0.09824832899588931,,0.04947316615207431
2024-04-05,0.09766459192897661,0.008031755588378944,0.020001915075185804,0.04497771274581904,0.11164630372843716,0.08964325364079748,0.09688162512296737,0.08826674875221198,0.051561426556673555,0.08153917261405443,0.05070386414208759,0.0019364922342895606,0.030527050854642926,0.004766513789089182,0.06984147806779414,0.003072299522384206,0.09674153837604144,,0.05219625726016851
2024-04-08,0.09767688263747695,0.007983718560194853,0.01975342613994614,0.04439347347519311,0.1106150142196496,0.0897261222364826,0.09708729702361256,0.08837530624630827,0.05213327763713077,0.08221892774189804,0.05057755229079491,0.0019105492759345425,0.030852615082961683,0.005801692211629644,0.06987572332612325,0.0029951392835147975,0.09665142018244069,,0.05137186242870753
2024-04-09,0.09870201756017835,0.008141348585079906,0.019253689278073142,0.04360918043840879,0.10846113131659828,0.09121163042135852,0.09884404318058994,0.08983615313940092,0.05245313917554318,0.08247971706096874,0.05091807705747727,0.0018756325041844899,0.030448936440307044,0.005144970596848445,0.07034093801348236,0.0028216965885077233,0.09743443568258583,,0.04802326296040699
2024-04-10,0.09787848820916688,0.0079267160637926,0.019405064273601568,0.04541119042012929,0.11160108649870912,0.09105871046466903,0.09709019792362211,0.08830776277452378,0.0522828642024224,0.08141559134364412,0.049301565110653825,0.001894439306642763,0.0310119446703908,0.004859608542226055,0.0706260633688285,0.0027674342748025514,0.0975980141116718,,0.04956325844050277
2024-04-11,0.09702742332071994,0.00786011822184854,0.01921865354663965,0.04639020207337201,0.11225292661401541,0.09102014296466092,0.0979546115254293,0.08766558255871895,0.051677182807182476,0.08084760056036014,0.049714980239322346,0.0019232600521252158,0.031527259625087435,0.004928036540154917,0.07020455685026573,0.0027004151357825665,0.09690336764481425,,0.0501836797195002
2024-04-12,0.09712559070870182,0.007488584278729467,0.01912807221539923,0.04606617701950551,0.11272837222375881,0.0918302253785646,0.09844414096681395,0.08745803867269779,0.051745851819022665,0.08104447486305011,0.04982192268522421,0.0018877264444869628,0.03153904816437163,0.00477213561022223,0.0703342886687892,0.0027082524627693705,0.09676795177135354,,0.04910914604653891
2024-04-15,0.09750738798083039,0.007286917892290425,0.019338616125412624,0.04569215675320971,0.11100987890126786,0.09165969674741795,0.09753802987804953,0.08673259699660735,0.05240537617741612,0.08206660834445494,0.05000026048656041,0.0018823174916769892,0.03170370358982774,0.004729089588376345,0.07090114361244935,0.002531558621482845,0.09806589520623486,,0.048948765606434554
2024-04-16,0.09667196065734718,0.0070783642112413996,0.01946679116048288,0.045989597572232914,0.112790850738974,0.09037256793457227,0.09688039977468345,0.08723306061132052,0.052003983035600186,0.0815989035164239,0.05036154962252883,0.0018813257819138903,0.032675824128059326,0.004845087759623407,0.07052511802848406,0.0026276737380128024,0.09805746141372296,,0.04893948031477598
2024-04-17,0.09777853619813973,0.006968841344307505,0.019143206549312793,0.04576913226560679,0.11090456510074456,0.09230972366240098,0.09543562509063651,0.08555470401686541,0.052834513900335604,0.08228575356906193,0.05018968977126045,0.0018168444615078866,0.03188602316783167,0.0047893323747672445,0.07060462757553704,0.002572824639822859,0.09998340734553345,,0.04917264896632764
2024-04-18,0.09930302585310948,0.006926287691562146,0.019246708942626523,0.04553767772623084,0.10994616046062453,0.09266557101104037,0.0960787181638462,0.0861411034850912,0.053092910778777445,0.08283402713408018,0.04963520625350412,0.0018094662478684376,0.030566969380659028,0.0047775123554800875,0.07068589411483303,0.002568930963758699,0.10101330752384215,,0.047170521913065325
2024-04-19,0.10033732195567995,0.006788863774621591,0.01865805298094113,0.045030973626555774,0.10715299278482743,0.09419860435240762,0.09522266598121515,0.08624332940281199,0.05409744504388665,0.08405044915198003,0.04958672192387649,0.001824644998224738,0.030061090105061555,0.004678968754433822,0.07065926993538484,0.0025130603216677217,0.1023114147011908,,0.04658413020523275
2024-04-22,0.10041647547992164,0.006517063313331568,0.01867772127738277,0.0439462939587563,0.10772578626893002,0.09502650938442955,0.09389580186376954,0.08633513175778947,0.054046622459957,0.08367005593196358,0.049719466717831486,0.0018441379436613336,0.030024658957978605,0.004664232929386865,0.07122254187098792,0.0025336553213122386,0.10275181425882496,,0.04698203030378509
2024-04-23,0.1001256978747548,0.006793668854853281,0.018767329531168928,0.04471732841624999,0.10950448553184339,0.0940828495093477,0.09472125099766138,0.0862441294533684,0.053293631685930216,0.08256977744791814,0.04972238211110885,0.0018222387527108428,0.030180757215312565,0.004761621187205565,0.07019686228363518,0.002775801910810196,0.10203987256613109,,0.04768031466998959
2024-04-24,0.1004137919099253,0.006620584664559286,0.018724968125533502,0.04452385531341598,0.10756689188774624,0.09446663925483534,0.09550058921706295,0.08536975127120833,0.05262508823693572,0.08241294218742454,0.05039428231414195,0.0017553306305419793,0.030429105058043582,0.004880520292789843,0.07050888635588806,0.0027670483250683262,0.10225680933163048,,0.0487829156232486
2024-04-25,0.10073580723041048,0.006549031251074187,0.018784472997332286,0.04473998965819647,0.10835735814615187,0.09375823870254633,0.09585198456464651,0.082824397929992,0.05299847960190856,0.08199105898230039,0.04957704111501031,0.001758623678232315,0.030464983245607476,0.00474276813486382,0.0712737738451334,0.0029309670152069082,0.1026072683815704,,0.050053755519816376
2024-04-26,0.0992143362030253,0.007285841899914888,0.01912883081546022,0.04506035590304998,0.1090240575424352,0.09324179894716542,0.09721918170769837,0.0823963525417223,0.05269538756251151,0.08157258122853786,0.05004627978934708,0.0017973969724019243,0.030574460894556885,0.004664487174303172,0.07123456792056225,0.0030558941911661658,0.10137843088641357,,0.05040975781972782
2024-04-29,0.09974590882229518,0.00746534915478217,0.0190961432381324,0.04469969642623452,0.10776286106422024,0.09340704302932606,0.09578608222317446,0.08087668194847224,0.052418597157855455,0.08151234682650554,0.04973057183997306,0.0018364535885640096,0.0306880505044771,0.0052148872692030215,0.07131132872548038,0.003022819531027296,0.10194958855057663,,0.05347559009970039
2024-04-30,0.10046879205992797,0.007669468120101129,0.01912077110492178,0.04183623201748261,0.10789018482456665,0.09444336303392888,0.09463049797060782,0.08045795066838034,0.05294797729254345,0.08238746313942252,0.05015365506583658,0.0018685716014496588,0.030596347110570854,0.0050443044487164185,0.0727813015662135,0.0029384461666765085,0.10202464613584537,,0.05274002767280801
2024-05-01,0.10237559314133803,0.007756004246450946,0.019030329585194797,0.04278774808791407,0.10648625100990561,0.09419180443909123,0.09363999666162472,0.07811730354887278,0.05283744133500814,0.08254689158363193,0.05026975599311563,0.0018419458010726355,0.030846685509074254,0.005076019070285368,0.07310737326421518,0.0028952999689792723,0.10302200576046192,,0.053171550993763514
2024-05-02,0.10169485050595257,0.007792156603850259,0.018831105598665916,0.04385123496785577,0.10655698089716949,0.09359539878781124,0.0943072456568251,0.07787292165655615,0.052507336346799396,0.08194117437527493,0.04918064726268821,0.0019099810888783956,0.031221542722124702,0.004649005132625343,0.0728738707569002,0.0029981525302295664,0.10337461722780428,,0.05484177788198841
2024-05-03,0.10077769499860682,0.007925884011058686,0.018940525813520428,0.04325391322518011,0.11013888562041248,0.09279796715567093,0.09771639292715067,0.07699969703761529,0.052305869807292606,0.07985358251846192,0.04749918465932261,0.0018823930890790618,0.03142594675098512,0.005276630868363574,0.0723446592475722,0.0030355965473544662,0.10268626897704677,,0.05513890674530624
2024-05-06,0.10045767825061386,0.008151630548806039,0.01913671603399651,0.04507836951397608,0.11118075176596423,0.0923118415598009,0.09505758475642356,0.07588507387355015,0.052449749248489524,0.0797355452667008,0.048192404868106026,0.0019088369392477103,0.03177165802785705,0.005245442427458723,0.07287552694905645,0.0028602467448157966,0.10164050337084511,,0.056060439854291405
2024-05-07,0.1009899440253239,0.007818471561467213,0.01673386914395247,0.04567219253661103,0.11191656072144775,0.09292128488781856,0.0949914170777657,0.07736120294480457,0.052909657793674805,0.07996056915039967,0.04835871257441697,0.0018519055865291497,0.029749751161668055,0.005048380190773211,0.07303161699926866,0.002753438026265167,0.1029511567248141,,0.05497986889299896
2024-05-08,0.10109906903086817,0.007776596086563766,0.016819993632395936,0.04434786923160639,0.1154406959763861,0.09234545975048308,0.09145960455451012,0.0747787007843504,0.05260744947518566,0.07914689342851623,0.04831020485481579,0.001740132443159641,0.030501222465891133,0.00528568518067727,0.07307957640703192,0.00283324885737346,0.10311350045731893,,0.059314097382866054
2024-05-09,0.09867474818029778,0.007522046750852167,0.016499881279436465,0.04450932898854485,0.1163977458574566,0.09096230737064509,0.09096996009395453,0.08107685771223846,0.051428961177662554,0.07809923201330439,0.04783233213762176,0.0017660307756427773,0.03199128386037565,0.00619648777501835,0.07205787164213384,0.002749810301665714,0.10105504170392099,,0.06021007237922794
2024-05-10,0.10001648676042617,0.007190384177469684,0.016785630728061832,0.04367069185852975,0.1166854996750314,0.09191752182087413,0.09029934605414704,0.0801003297456836,0.05200864211043008,0.07721190482969867,0.048298610164693674,0.0017799221085033905,0.03295196633292086,0.0027794735790724395,0.07295927677301126,0.002968896489917406,0.10155680588121015,,0.0608186109103186
2024-05-13,0.10009930856516498,0.00745388951626517,0.016590383718126565,0.042050505191516395,0.11601342163636452,0.09208358860608988,0.09143626110610623,0.08225549569902138,0.05200102610335718,0.07825321233551011,0.047490790984432846,0.0017609318568402898,0.03250991698227573,0.0033345032682605166,0.07251568412971217,0.0030150631816706157,0.10241963984409515,,0.05871637727519028
2024-05-14,0.09859224124559098,0.007997210692472435,0.01657195110729444,0.04259926510658717,0.11758938454070966,0.09106609544452347,0.08999044228371016,0.08305479015880837,0.051379015561775196,0.07830012001216052,0.048516257042409576,0.0017422958955128395,0.032146562149288974,0.0037751387993754217,0.07232486839953434,0.003463419113121185,0.10173404552080399,,0.059156896926321235
2024-05-15,0.09822201780028672,0.008121875189950325,0.01652872267175265,0.04190298450804535,0.11851509061079307,0.09016137768248722,0.09021689005097631,0.08367710907855183,0.05109606922653716,0.07765847200601768,0.04874555718270311,0.0017095649355332119,0.03253188299883471,0.003457562688823447,0.07174521700296092,0.0032457028287720363,0.100825238701818,,0.0616386648351563
2024-05-16,0.099686030332175,0.007785327689095926,0.016327755705136122,0.042139524795502786,0.11584359070439598,0.09107691741747646,0.09115493757215117,0.08333288893512421,0.051937578728945534,0.07807158533108811,0.048957469646840536,0.0017535767441627778,0.03220009121383468,0.0032732003262346413,0.07214909604388108,0.0028395488615317746,0.10178365586147446,,0.05968722409094868
2024-05-17,0.09966941727003893,0.007831302261699508,0.01626508477689902,0.044825458270030906,0.11389988256376354,0.09130542739370032,0.09035933538635121,0.08326228335130147,0.05170792255352446,0.0779159095656555,0.048765583171707344,0.0018527927313088499,0.03191727373921948,0.0030325039194204445,0.07236843815540904,0.0029403991507012247,0.10182300509410214,,0.060257980645166506
2024-05-20,0.0996503412411539,0.008222539164514575,0.01629384411800058,0.0456270822332621,0.11503780957233148,0.09185624645953988,0.09010683559423953,0.0828640087677782,0.051596679492422734,0.07772096813446469,0.04899264149308711,0.0020292609382655496,0.031615341158861276,0.002618367080300749,0.07220044745597594,0.003390981528322041,0.10152644867878202,,0.0586501568886977
2024-05-21,0.0986225854253471,0.009517408417393533,0.016114643432489223,0.04495937955630885,0.11785433566047493,0.09112903484583973,0.08972781820354898,0.08166439904454151,0.051731572300528536,0.07701296627692183,0.04889556379393981,0.001901542709508898,0.03185830685418381,0.002478346539440827,0.07222746933991736,0.003419098651835973,0.10112301061452006,,0.059762518333259185
2024-05-22,0.09855941531898983,0.010801859119847655,0.01633208249852916,0.04411561592799011,0.1178473037605019,0.09143164329626673,0.09003232343217907,0.08143189066260398,0.051615458568265986,0.07660266728290233,0.04839465831899909,0.0019012926872913262,0.031498194640954484,0.002414327370612092,0.07227475704383042,0.003426188308996227,0.10086236972908601,,0.06045795203215363
2024-05-23,0.09735606200507457,0.010130252248223474,0.01635346529753314,0.04429633976201939,0.11998916038263538,0.0909594751509147,0.09071019340045837,0.08111944122511326,0.050726696749932416,0.07580933931538722,0.047956909534379644,0.001856188436711113,0.031885138944416996,0.00260563674482168,0.07239794129666297,0.0031574113318056677,0.10021357554779535,,0.062476772626114674
2024-05-24,0.09544481840634153,0.010342461567796139,0.016334500497393767,0.04468022864410562,0.12308043076406315,0.08992196818604198,0.08954943679246186,0.07957978691174508,0.04981009435061016,0.07392582928671664,0.04775909811013842,0.0019115560151816476,0.03330058044526536,0.003408596362218736,0.0727079968185445,0.0036259731431160574,0.0993359020034107,,0.06528074169484874
2024-05-28,0.09481078198685575,0.010444353643080067,0.016098861795414282,0.04548644950451767,0.12305367745959336,0.0897772950968857,0.08984313858148718,0.07964708159236324,0.048942977695195955,0.07385614863417168,0.047156889687787244,0.002020577577016634,0.03236167356072912,0.0036137265537637313,0.07202355676569465,0.004398122687298443,0.09879224073577299,,0.06767244644237244
2024-05-29,0.09509897113287301,0.009962040328104237,0.016374701754915084,0.046453456076079716,0.11947259656006173,0.09047863152468412,0.08988382403274266,0.08007405576307906,0.049321773649275084,0.0738911190859644,0.04730979631218852,0.00198986348618006,0.03272690270689587,0.0037621675084246998,0.07186656908968933,0.004180859040454103,0.09997092033089568,,0.06718175161749265
2024-05-30,0.09462996088837307,0.010559995378033206,0.016384860449970937,0.0461641737145504,0.12008309474898782,0.09117677918331318,0.09030326697061572,0.07900067996028448,0.04918576670603577,0.07402612008713902,0.04740272414582675,0.0020297954721263563,0.03276474985197646,0.0034721439453956663,0.07159764133289394,0.0040490978443833685,0.09976137227815218,,0.06740777704194165
2024-05-31,0.0964476358558931,0.010310021220768887,0.016847739955234774,0.04662516989817988,0.11547641939078351,0.09151038647653571,0.09078033457442194,0.07882927544566246,0.051123893129819006,0.07541843272294704,0.04784339181007599,0.00196289497809467,0.031219223878873728,0.003366943086497214,0.07311604166416671,0.00405043941688716,0.10201332657442913,,0.06305842992072908
2024-06-03,0.09796254177547326,0.010256991438905507,0.016872685033579853,0.04622239558714597,0.11252727470683861,0.09258146938715378,0.09128996548686472,0.07911592355301726,0.05166430208581181,0.07597413070895373,0.04865699176414549,0.001890330740748784,0.03070885811930686,0.0031643923611530344,0.07313618983911559,0.0035876830658577363,0.1040382000326705,,0.060349674313257405
2024-06-04,0.09872368430432014,0.009684663934431818,0.016672844406173438,0.0459926911975971,0.11032568008804094,0.09237139068548288,0.09261059846643858,0.08090224808259891,0.05179957656168573,0.07661175240238152,0.049155534136445724,0.0018246226873935435,0.03066804510784749,0.002928190117776446,0.07329375324079467,0.0033044437417454353,0.10488166439007568,,0.058248616448769996
2024-06-05,0.0967634785887495,0.010056339558822618,0.016871316338941515,0.04639025640315579,0.11318847490768873,0.09067992337067321,0.09360815616040764,0.0798712772860059,0.05125786986003554,0.0751089953764899,0.04966357998763363,0.0018242530517909427,0.03199271630094491,0.0031096462625401096,0.07350842353331291,0.0036790166019619506,0.10283007282301672,,0.05959620358782856
2024-06-06,0.09745370052050939,0.009958313268856173,0.016850029521727237,0.047872529572114145,0.11064293614566302,0.09108416239389167,0.09440038702858351,0.08111812625523858,0.051291758654995516,0.07532176389737456,0.05167239655235041,0.0019128644978264938,0.03080335265417918,0.0029235759984070934,0.07382314256170726,0.003658380825722597,0.10277605533721293,,0.05643652431364013
2024-06-07,0.09821073948056513,0.009754683679696594,0.017032253558494446,0.046657771210720386,0.1094334295258459,0.09079619418646231,0.0950836471752553,0.08102581897623967,0.05127328360036397,0.07550134057581159,0.05273678517936982,0.0017887084401093914,0.031243325132586885,0.0029114042113298068,0.07314198045336828,0.003897161340371596,0.1031877932374031,,0.056323680036005803
2024-06-10,0.09663811465724975,0.00974464724619578,0.01661048934208638,0.04591507334975125,0.11648167497511072,0.08915889844714989,0.09507437251280901,0.08056306841927612,0.05014857902004147,0.07418710644318281,0.05271533137913336,0.0018094100160921686,0.031467475570661964,0.003094227172196357,0.07230736222027029,0.004105197941135699,0.10261387449067973,,0.057365096796977204
2024-06-11,0.09631519838084032,0.009505418780073166,0.01648648929676681,0.043481032126224305,0.11825895496134452,0.0890954459776339,0.09538862333748678,0.08018145693671236,0.05008912075955002,0.07403357282765581,0.05271906586231048,0.0016952722307435244,0.03182997367009266,0.003230458716441053,0.07244092793695221,0.004234911582054872,0.10179514356276098,,0.05921893305435608
2024-06-12,0.09628590016064487,0.009890477223113777,0.016751933963992646,0.045087650345312515,0.11862903223663936,0.08821183302992525,0.09571037271260965,0.08064528444248029,0.05003400367098178,0.07142439596488982,0.052985433194319795,0.0017275795779784562,0.03169322077439091,0.0034998971432380808,0.07214732036518813,0.004013189950024186,0.10222868895339939,,0.05903378629087119
2024-06-13,0.09602873901465236,0.009743420021268791,0.016619015032882063,0.04541893897772947,0.11944638332363203,0.08786148073851156,0.09561797654852686,0.08108785712302809,0.04976574609506251,0.07261954442331783,0.05314890361109836,0.0017532123081171133,0.03127302122093176,0.0035003757486266373,0.07220499691228277,0.003996408297285343,0.10234806021369319,,0.05756592038935325
2024-06-14,0.09670475742400973,0.009287355388077735,0.01681294357133845,0.044816840553671716,0.11744311297448032,0.08795245189656307,0.09626063874481271,0.08148719522995755,0.04998581509068136,0.07335280629686404,0.05362134545163188,0.001690636275647922,0.03116399323784702,0.003262358643066864,0.07203336677942315,0.003907658214094926,0.10288731363502586,,0.05732941059280563
2024-06-17,0.09731275793790403,0.009152570249117803,0.0173068687692914,0.044674481128161164,0.11691760787476599,0.08702029091202565,0.09654718267534115,0.08180726927866655,0.050181473483639646,0.07321408997807553,0.054245118943920846,0.0017192037220497716,0.031423115472915576,0.003267746823407777,0.07314795039134755,0.0040827165787878225,0.10251402335099999,,0.05546553242958175
2024-06-18,0.09611191576659128,0.008847749039848338,0.017368241988350422,0.0451758820929557,0.12010987857586528,0.0860744451069138,0.09585177074158308,0.08221056447221092,0.049488883899505794,0.07185770379876912,0.05401066786223574,0.001700893727457228,0.03159970654241814,0.003408348848114343,0.07261143471759154,0.004534028853841452,0.10178474167922179,,0.05725314228652611
2024-06-20,0.09622479389329865,0.009062801562617856,0.017319632983683057,0.04491392431068237,0.1210156274883542,0.08655559724584258,0.09457507084372435,0.08093618585738856,0.04947064071566201,0.0717986688108406,0.05390898851459484,0.0017336251244580683,0.0318719290157849,0.0032030083637549778,0.07263986837718857,0.004520950264364771,0.10275460253845344,,0.05749408408930629
2024-06-21,0.09496068435537977,0.00835525620739421,0.016243934386644805,0.044819456697265975,0.10000000000052674,0.08792900106830803,0.09999999999999998,0.10000000000052674,0.049472056429474484,0.07260698691369574,0.05191571940229855,0.001617314922650296,0.03289217747340586,0.0032664141236024907,0.07173982258544102,0.005626226666118438,0.10000000000052674,,0.05855494876674007
2024-06-24,0.09573316194016067,0.008571691948473575,0.01632140552938943,0.04367084518705388,0.09841634990085082,0.08868781990875524,0.09855341662998984,0.0977959004926836,0.05012680567270444,0.0734231086347145,0.05178764069652329,0.001613128579079224,0.033358549542645326,0.0034449924577667273,0.07309190948350296,0.005608784682831052,0.10064173871232315,,0.05915275000055223
2024-06-25,0.09482996306217636,0.008659882253313853,0.016419433008232065,0.043513964474604726,0.1017833028328942,0.08786412755814438,0.09857841450694359,0.0972467359520678,0.04984252253189416,0.07272687900899646,0.05167754645106101,0.001653429356708669,0.03376236476998569,0.003413622362386359,0.07225697544442425,0.006157542417168845,0.09937723938211833,,0.060236054626879316
2024-06-26,0.09596261077749452,0.0082902408560425,0.01678213710516227,0.04428574206296481,0.09703609345611895,0.08877863870203695,0.09978790843822465,0.09782805896032193,0.050203097070465066,0.07325621597059416,0.052121685144988945,0.0016426942648409396,0.032938789314504884,0.0032679361414394465,0.07235758896634328,0.006535320005262001,0.10054358519672085,,0.05838165756647385
2024-06-27,0.09682361229086175,0.008521810075216366,0.01661564053790774,0.045213381501604075,0.09420901030050015,0.08905265337326265,0.1006226741675918,0.0987550168289218,0.05011204723100012,0.0727830392108269,0.05232591876618092,0.0015785898414536611,0.0324234018979722,0.00312169938190226,0.07214219905188168,0.0067776164563921005,0.09984146203236885,,0.05908022705415485
2024-06-28,0.0967058536968037,0.00803142513829557,0.016710917613382968,0.04317882870850283,0.09250213008635298,0.08836175676420488,0.10334668688924814,0.09990600036072292,0.050516251745536186,0.07297898522025625,0.052819566790337204,0.0015859118781574519,0.032281441884485576,0.0030984156140360687,0.07312727929172992,0.0066374787932387495,0.09969647059312707,,0.05851459893158147
2024-07-01,0.09625870120365167,0.007465667528233692,0.016557251033882805,0.04411019795795624,0.09487002862693426,0.0866303422398709,0.10347432494941206,0.10032253415277059,0.04991379400643722,0.07287451083924817,0.05295953403523753,0.001556108276730724,0.032301256495929645,0.002935601534485522,0.073065669513968,0.00622195563341117,0.09909752642898385,,0.05938499554285589
2024-07-02,0.09631935963556988,0.007093329803045009,0.016558853240712806,0.043480602149215154,0.09513961739750328,0.08732307594190516,0.10373339803832068,0.09960798632049984,0.04984805555171805,0.07261675355057673,0.0534315963506866,0.001563483586944797,0.03224556926391727,0.002938018986576258,0.07282103951343667,0.0061754871512057306,0.09957593947123429,,0.05952783404693189
2024-07-03,0.09543405469117114,0.007697467454368595,0.016617836792110378,0.04391503893727453,0.09618908804023181,0.08769202438482468,0.10211941241714058,0.09800691176452696,0.04930792978095595,0.07242805348019951,0.053558701512003516,0.0015547066678186143,0.032611666609489824,0.0029893486320728517,0.07262506601610659,0.006537299022284241,0.09899741126954077,,0.06171798252787936
2024-07-05,0.09603600606822817,0.007926637049677202,0.016602266118656908,0.043498661365689924,0.09687074969994564,0.08783151940964681,0.10212865883549818,0.09881630191987015,0.04933014173214851,0.07166863281489078,0.05358633876068776,0.001528607965752746,0.031732812023700124,0.0027814493404119804,0.07288352239898302,0.006881653597314687,0.09960272978683582,,0.060293311112061564
2024-07-08,0.09453799826978451,0.008030605606763603,0.016556568449749384,0.04217497239570564,0.09831064132075293,0.08763524241097467,0.10295195358497737,0.098415648584379,0.04870488641048101,0.07110812999188738,0.05393506026151804,0.0014425381357872503,0.0321056033754722,0.0026791959409617006,0.07284985841791086,0.007662333129455359,0.09865988821021882,,0.062238875503220166
2024-07-09,0.09493215326962205,0.007913438335134384,0.016300924366808467,0.04225866625922074,0.09806294548961461,0.087590871867593,0.10238732730860366,0.09945689710873022,0.048640241287128044,0.07132265993549639,0.053930684911044226,0.001502440827443088,0.03228912148154757,0.002759581625848997,0.07367286416654016,0.0071293674761016826,0.09873407907810378,,0.06111573520541883
2024-07-10,0.09420380680022211,0.008153325215442323,0.016285816514213597,0.04565561916664334,0.0984014600394176,0.08689349398253554,0.10249415388176758,0.09919380115307161,0.0483904432106942,0.07083088488075188,0.05432742046610883,0.0015116811742275273,0.03175299027125735,0.002755657680450682,0.07324371888490348,0.0074343997369992,0.0976689262489797,,0.06080240069231348
2024-07-11,0.09572540411211515,0.008396464954227384,0.01635782580659577,0.04506611543757987,0.09580258866218624,0.08894576021754798,0.10251683442064856,0.1006478182907224,0.04893216649565783,0.0711912913003741,0.05327593978951433,0.0016445444225358628,0.03156883294698631,0.0026279580881255387,0.07249292921577576,0.007096931067887381,0.09816960093469862,,0.05954099383682105
2024-07-12,0.09534413506035314,0.008726615115432483,0.01653514920472476,0.04416360046293929,0.09552319857922187,0.0891904058773103,0.1024135594014907,0.10113318816287178,0.04900162235771945,0.07067511254630524,0.053768160504624865,0.001724938316355027,0.031513181367692565,0.0030006831406576796,0.07197623844302903,0.00827184807623175,0.09796465139688226,,0.0590737119861579
2024-07-15,0.09623010310847448,0.009170357281152251,0.016743662600620806,0.0440410237059982,0.09438888554818328,0.08837007177182808,0.10417481382327445,0.10196047795833293,0.04839140926710731,0.07154978844914954,0.05541344473806223,0.0016913428044071216,0.030023689742832437,0.003069064715635535,0.07097214960355006,0.008637727596626104,0.09888815872162417,,0.05628382856314092
2024-07-16,0.09669260247364674,0.00947562381357817,0.017491863145065217,0.04307869481804869,0.09051624295454351,0.0883780136762093,0.10546816815230366,0.1025151043789806,0.048892890791537774,0.07151499889058603,0.056328474524162946,0.001735058003730981,0.030286249552998128,0.003088659155997129,0.07058473797613976,0.00845319317139711,0.09970275460907935,,0.055796669911994994
2024-07-17,0.10032094836921271,0.009757618354108691,0.01767987261169345,0.0405669808357715,0.08395523498483892,0.09132010468795997,0.10380126807713211,0.10323105078136247,0.05080865303025558,0.07474447317780787,0.05694973095526453,0.001632849020744857,0.029276446199274376,0.003161224343076151,0.07251302821979774,0.007685186256615974,0.1021682816136746,,0.05042704848140846
2024-07-18,0.10104051486577749,0.009424301462645786,0.017823008765300616,0.03997794589135963,0.08490238053448328,0.0911642290456182,0.10302300168695128,0.10275682809527377,0.05126318093184104,0.07496414904217061,0.05654049377119275,0.0016118410140228564,0.029938522655224415,0.003044446232304337,0.07184943012375594,0.007152101966649283,0.10252081100321295,,0.05100281291221565
2024-07-19,0.1006311842094855,0.009130907168854419,0.01760602126934867,0.0401453462265882,0.0858498014210188,0.0909785553869733,0.1034635071930224,0.10185398700223335,0.05113146734266992,0.07469725790130377,0.05680977509039177,0.001624211028638079,0.030451765803964862,0.003090298155425898,0.07255407776128456,0.00629127424225977,0.10269952800299054,,0.05099103479354621
2024-07-22,0.10078457686107017,0.009080575959679007,0.017770801849260488,0.040537129823054144,0.08532404959149756,0.09058190779997588,0.10259541306890695,0.1021030115998547,0.05081634800384004,0.07408880808521616,0.05725724630480466,0.001574542683869392,0.03090780093273198,0.0031982458341138094,0.07292658055983686,0.00609211040383855,0.10213303525275823,,0.052227815385691406
2024-07-23,0.10031647828854204,0.009649427570009203,0.018090825161873707,0.04044775864101607,0.08535026885137871,0.08897983627381907,0.10249716411147787,0.10302139908834412,0.05063154342556446,0.07352883762228593,0.05786708131217576,0.001582140184637446,0.030833858000547634,0.0032947757624439637,0.0728687216706199,0.0063552828867557525,0.10175811707244856,,0.052926484076059786
2024-07-24,0.10318957515693906,0.009358627885430024,0.017333257299029327,0.040236946598670956,0.07980419958473722,0.092628443468119,0.10169689168506031,0.10298781542988295,0.05200262553906407,0.0757709809137032,0.056300900198495624,0.0015622567357968288,0.03028583115740054,0.0031313330257386027,0.07421371634102712,0.006051915937578,0.10480602152371389,,0.048638661519613324
2024-07-25,0.10560460021963258,0.00950408038492199,0.017352379591446015,0.03913785054925714,0.07876204918756052,0.09430607017508622,0.09991440648531388,0.10155011206083124,0.05256624989922014,0.07689156827574606,0.05709785161320439,0.0015591561016058595,0.03027043582440444,0.003081385618498239,0.07357913547894315,0.0059182058769935856,0.10504774523803545,,0.047856717419299165
2024-07-26,0.10523679568844767,0.009416532860657802,0.017247821092386307,0.03928246333594939,0.0800945479456326,0.09407623037860365,0.09803415149331038,0.1009271008941062,0.053085018832259544,0.07666981874463231,0.05748375022438982,0.0015710564884065651,0.030250914727130058,0.0033430968778847695,0.07462762651296301,0.006084472163679066,0.10467434610173365,,0.04789425563782728
2024-07-29,0.10558875136270103,0.008937190912654281,0.017057435654153946,0.03867502174873994,0.07876355529501303,0.09413793186442439,0.09878543762609118,0.10115151541921139,0.05325738267047068,0.07672550387351823,0.05788345149409555,0.0015273889764522977,0.03040756945996527,0.003182653932079818,0.07532569300353133,0.0053345303981821145,0.1054370801776903,,0.047821906131025126
2024-07-30,0.10677593183299927,0.008479798901287425,0.01698608302966432,0.03839519353387619,0.07705140077554981,0.09480604044809857,0.09743389975532073,0.10038927536769358,0.0542338226714979,0.07752657106947293,0.05905065256272677,0.0015648063472851236,0.030042690248242594,0.003209670808437505,0.07639864641118393,0.005345955543865415,0.10597260443872562,,0.04633695625407219
2024-07-31,0.10393844402651585,0.008552002426389262,0.016822402213812062,0.03839168763220701,0.08431171572758878,0.09262459738876455,0.09767012286613697,0.10032171956193224,0.052594746527175294,0.07532974112416163,0.05810152002641406,0.0015632800939829826,0.029970753750140952,0.0032298160959406425,0.07598369698742491,0.005587929955756407,0.10322094023434278,,0.05178488336131366
2024-08-01,0.10605408056154791,0.00781722486723587,0.01648423677630529,0.03423659417213967,0.07802123818427992,0.0950095567876273,0.09849334308578733,0.10190426193405196,0.05419776409791753,0.07663671041263431,0.06141253420511467,0.001450043234956708,0.028967588300230974,0.0029215215871387645,0.07518931748321571,0.004920706090542622,0.10708904498845241,,0.049194233230821165
2024-08-02,0.10800715694121579,0.007452835845550607,0.015986011122279164,0.03214863741409034,0.07437855032860177,0.09733248990399458,0.09883586004196945,0.10246774502889655,0.05492289979216834,0.07864831761646092,0.06058114505913526,0.0013490364945632756,0.027940053864756238,0.002888431532735173,0.0752402868404057,0.0046995938479104105,0.10972107740850627,,0.04739987091676013
2024-08-05,0.10716811282216328,0.007101755620753405,0.01611730826042289,0.03213395989796255,0.0779614781718333,0.09671399887991382,0.09745200611493109,0.10058746787180828,0.05404623567774458,0.07843917072634846,0.06100664089860317,0.0013443329824614205,0.028320377908187443,0.0027775703796177735,0.07602984264866391,0.004940390704161871,0.11050721443554878,,0.047352135998874015
2024-08-06,0.10555719558338142,0.006814245934146216,0.015983180089077783,0.0326706812741151,0.08160458191828997,0.09525244955870579,0.09846463490234025,0.10091160199967539,0.05342199551387978,0.07722138884803975,0.06119366910050512,0.0013162624961604356,0.02878871092756283,0.0028165350521215824,0.07575931175116447,0.004502483935776431,0.10843956699033928,,0.04928150412471841
2024-08-07,0.10662417055015098,0.006318133628677657,0.016123828673247877,0.03252028161065552,0.08068430506424289,0.09653651832618328,0.09722089612815228,0.10013573357425869,0.053658311832604284,0.07753862588694936,0.06048954453317629,0.0015350631786295943,0.029024533587704366,0.0026583321574509084,0.07612469878933549,0.004784044235250989,0.10915178071133472,,0.04887119753199487
2024-08-08,0.10363315738579616,0.006647712935504944,0.016459244069472776,0.032970621956023474,0.08297566289227698,0.09378027942431906,0.09769060909050585,0.1025641337541308,0.053084428428338354,0.07588190087061603,0.06078392653786517,0.0014536992805375321,0.03102911588300549,0.0025666219194408406,0.07549513888734555,0.004679887770315282,0.10670249503736402,,0.05160136387714153
2024-08-09,0.10249421449455902,0.007195689164804276,0.016411236125497587,0.03312994111925171,0.08373467401813275,0.09363895099988542,0.09734665601313028,0.10310152878786634,0.052864235248620044,0.07530906080329937,0.06096256703253928,0.0014161582365407486,0.03173742519708259,0.002622590202328501,0.07551610836270638,0.005041090843448339,0.10646820109261916,,0.051009672257688314
2024-08-12,0.10242799661281032,0.0070024540682902415,0.01636122265577791,0.03283162789298278,0.08295318975241288,0.09453518267341612,0.09679848514970285,0.10320156314550338,0.05308004141913421,0.07445953085215776,0.06132758660824517,0.0013966085044172848,0.03168414439250552,0.002477916023393888,0.07640334725439371,0.005016366463839643,0.10733749561777563,,0.050705240913240766
2024-08-13,0.1027104090653759,0.007394896235757341,0.016268298575540723,0.032697644890607856,0.08313040575406637,0.09433704042530142,0.09659191193263306,0.10407030646677011,0.05257096840257899,0.07431675301401848,0.06042913201069168,0.0013267471229052405,0.03223533730675478,0.0025895738687765407,0.07544793931221548,0.0053878871538783875,0.10654259238604477,,0.051952156076083
2024-08-14,0.10165375927293814,0.007110192636996874,0.01620120004677504,0.03320822628110755,0.08163370648237667,0.09497305805205337,0.09754129281288743,0.10535590312428103,0.05279077007462931,0.07402922999768588,0.0608452727429312,0.0013018777138321448,0.032401265603374516,0.002647873203942164,0.0757330744744713,0.005086162059670576,0.10635779326214306,,0.051129342157903795
2024-08-15,0.10075717605910761,0.007458620764211996,0.016362403443795175,0.033926425829126,0.08339370152837121,0.09447126479042985,0.09651844113856015,0.10384789810364185,0.05233320396565695,0.07487922410742417,0.06059071348009692,0.0013079170950567112,0.03249831095242336,0.002591164441806759,0.07548128826595091,0.0050450405113453755,0.10604263686606638,,0.0524945686569287
2024-08-16,0.1012008172194353,0.007224659151144505,0.01637706485792766,0.03350378728758535,0.0832048852409899,0.09571863861183569,0.09637334117415287,0.1035576891081019,0.052575900341276925,0.07511722351774845,0.06050992080796482,0.0013154265437926968,0.03251326193185852,0.002612881947976885,0.07571670696452858,0.004879944768232337,0.10648163195644242,,0.05111621856900521
2024-08-19,0.10136825642167537,0.007307852437831552,0.016487011448329984,0.034116451768910185,0.08405849867389271,0.09572720420172214,0.09531552462879393,0.10333897248485688,0.05267975799034564,0.07471640159683868,0.06094351824958806,0.0013721265172854061,0.03218928619223761,0.0025105055614630767,0.07560428740984833,0.005049425065767349,0.10543372590928324,,0.05178119344132988
2024-08-20,0.1017289150101177,0.007152052096295987,0.016499077111274085,0.03435886472420799,0.0833388709639777,0.09601941612526467,0.09580957784440361,0.10353277348434531,0.053025005124340864,0.07479460411231147,0.06106423675273427,0.001359994035656718,0.032115599338187306,0.00238670608177222,0.07527188426426916,0.004777389751695575,0.10553940994626636,,0.05122562323287899
2024-08-21,0.10126100382890482,0.007131445670990229,0.016573382767838093,0.03407409761739318,0.08528687959784925,0.09535774265017496,0.09550474619575892,0.10123470859355287,0.05257043117467195,0.07484571681934615,0.061985867319363286,0.0013845598400563162,0.03216892187234479,0.002441429412672068,0.07539872874213563,0.004685696632823566,0.10564795158119057,,0.05244668968293327
2024-08-22,0.10177485682816251,0.006937750588250796,0.016632007930026088,0.033308609238826684,0.08465691936974246,0.09566120336987313,0.09628111036055384,0.10148861160341054,0.05269407098523007,0.07502423128281561,0.06251164474400252,0.0013185597143902268,0.03189514074515353,0.002328749228999728,0.07557571490029748,0.004288819301027278,0.1044201078755508,,0.05320189193368683
2024-08-23,0.10101692705327169,0.007262052217998936,0.01677156714907011,0.034910387529131066,0.08412484240323911,0.09500215211192621,0.09653056336125106,0.10191026404922304,0.05231347112758899,0.0743121767066232,0.06236838096796514,0.0013870181213630184,0.0323020471835592,0.0024140976882460695,0.07497107589397049,0.0045992097785375365,0.10336495642371979,,0.05443881023331515
2024-08-26,0.1019112335662812,0.007288228521713092,0.016659751315867336,0.034725570029137065,0.08410145023078797,0.09519601189358289,0.09569828921759464,0.10101031142963418,0.05267462836796795,0.07479041829105895,0.06247031745826669,0.0013480741922270811,0.032444126104426124,0.0023807135863888624,0.07506117046202194,0.0043495253861466215,0.10395904656628858,,0.053931133380608835
2024-08-27,0.10168648012304159,0.007239727481791646,0.01670021196122421,0.034445589965305334,0.08492612863211482,0.0946513484791656,0.0959161272771062,0.10114747243917935,0.052636936962249865,0.07435583022067711,0.06340490714385204,0.0013783499812675347,0.03247352573207019,0.002369799762889785,0.07483330890635327,0.004621553758341078,0.10331388462569906,,0.053898816547671334
2024-08-28,0.10240065991014619,0.007030418181424408,0.016861176503735333,0.03373204897410155,0.08451395916589415,0.09550228236429996,0.09625678194965567,0.10138080175465647,0.053090658371775706,0.07530181538086432,0.06245856907124856,0.0013380622178400866,0.03138694134817474,0.002211783687429415,0.07529914404123637,0.0043005432424630535,0.10398811037325845,,0.052946243461795495
2024-08-29,0.10321380185870069,0.007336425481668993,0.016915607939574657,0.0331764463532815,0.08438381624307571,0.09505303825227472,0.09545226546031946,0.10151769763033981,0.05306395503805915,0.07526391811262353,0.061999729084594134,0.0013729205468125958,0.032163630980769665,0.0022168699761770795,0.074845828488845,0.004336282654193188,0.1036140186668182,,0.054073747231871944
2024-08-30,0.1028608670583739,0.007281100617498304,0.016871761675418886,0.03337421597821257,0.08465089917345738,0.09378699818780113,0.09601448279571087,0.1025879274109861,0.05304348077043062,0.07471727309038716,0.062164348607195684,0.0013753152081147596,0.03282277657425849,0.002041283194584258,0.07449421470147732,0.004355469326962024,0.10348166268364431,,0.05407592294548622
2024-09-03,0.10584129533652344,0.00684459988820279,0.01645570228311674,0.03148290181977857,0.07773070018550646,0.09676041455810039,0.09629405845536378,0.1036740747358651,0.05452727526197398,0.07676038757903683,0.06302058394559501,0.001262315462689003,0.031250700377070194,0.0019368966758490896,0.07524461608295491,0.004075967608285028,0.10814848444716924,,0.04868902529691944
2024-09-04,0.10623171056713916,0.006911120229325183,0.016332577727014175,0.032229426460762066,0.07724861602065404,0.09755087237690793,0.09546540650884458,0.10277967363900381,0.054418360157989086,0.07713725860902411,0.06268692993633983,0.0012874219034007524,0.030874134265691057,0.00201402246315506,0.07558420253014064,0.004299868459021089,0.1078546987515389,,0.04909369939404855
2024-09-05,0.10753398727660435,0.00686204095954389,0.016230085428792024,0.03164767632108717,0.07700529871492827,0.09786489147214532,0.09646001114873723,0.10252009050205789,0.05462340216033206,0.07664648231030532,0.06083831053534224,0.0013117915803821335,0.030781394450034087,0.002019872806423303,0.07590920246839664,0.003992965181518958,0.10893661364889323,,0.048815883034475996
2024-09-06,0.1075722306220371,0.006252999401725952,0.016109807491033853,0.031070770922856702,0.07660649143044639,0.09859363526330475,0.09643840181716583,0.10338474390761454,0.05501965627521382,0.07708649822637494,0.061812178404762025,0.0012649059838229107,0.03035121845240375,0.0019615253235170504,0.07589076928508184,0.0037980874401480616,0.10880009718885755,,0.04798598256363291
2024-09-09,0.1081769316394043,0.006064639767816476,0.01605804714146521,0.030803032766538164,0.07657927448717032,0.09799157650675165,0.09616856851886468,0.10404362407436547,0.05459754848367223,0.07729804634858796,0.06166163776530254,0.0012650427695071681,0.030593876856908345,0.001962301096613235,0.07553711741872923,0.0040792324674624675,0.10883535027947566,,0.048284151611364824
2024-09-10,0.10600299057502108,0.006214421314749839,0.01570048956789503,0.03085492415560783,0.0776777712787579,0.09702499954596126,0.09932681357744631,0.10627873319338584,0.05351180372631319,0.07665523717530118,0.0627357160326996,0.0012626657314419266,0.030111111150666996,0.0020792090332899713,0.07452075777519805,0.004370421156247999,0.10744360372338609,,0.04822833128663001
2024-09-11,0.10467936486211103,0.006443157999943815,0.015671027171132244,0.032359952455668854,0.07986705693961284,0.09511164282877692,0.09931833231765722,0.10560763968850534,0.053189772189102376,0.07637179830991254,0.0621841435670251,0.001375204909499983,0.030606019292412433,0.0020659279373574048,0.0751426187753666,0.004578671057793576,0.1052404529268944,,0.050187216771227255
2024-09-12,0.10394535603114048,0.006245929965327883,0.015851398272994893,0.03275276994322555,0.0804310196744282,0.09442845468917599,0.09995534653819049,0.1049803604001208,0.0533988449379967,0.076921687032128,0.06283032987742333,0.0013446594689428782,0.030288368529690208,0.0021005582455713642,0.0756481757134546,0.004498100904666997,0.10427457377780593,,0.05010406599771555
2024-09-13,0.10377142325964293,0.006049858508117226,0.015634729586101452,0.032005191610782274,0.08192154255934932,0.09483650502683953,0.09770213160866006,0.10405203589885613,0.05420689933744693,0.07666386592550517,0.06238016418847711,0.0013319255677109254,0.030361390229357747,0.0020901282230266433,0.07542389976530907,0.0049664318924400215,0.10400520260535265,,0.052596674207024775
2024-09-16,0.1035792016726896,0.0057523361406365435,0.01548745358725459,0.03190420595763197,0.08250074511753507,0.09456417015367045,0.0979573130399024,0.10361284234942288,0.05428697217398845,0.07635191036166063,0.062422030812237315,0.0013287037988754945,0.029994503284436723,0.002042737639376219,0.07527474509222488,0.004917613047682479,0.1035606167812441,,0.05446189898953022
2024-09-17,0.103283547250893,0.005968233134076568,0.015469885046670075,0.03185472084867971,0.08370453376952866,0.0947240478790387,0.09635490432544697,0.10256751842948836,0.05480715762492872,0.07624279621207157,0.06150008195846168,0.001337916492942697,0.030333707929575387,0.0020786518689907543,0.0755783704018938,0.004639089282964287,0.1037613233337814,,0.05579351421056766
2024-09-18,0.1028559411436069,0.0060281955566439255,0.015448483267514908,0.03182507719066962,0.08378695330681475,0.09361709644443333,0.09729621264601943,0.10278148708113899,0.05487919390704748,0.07530895170868204,0.06212235519134552,0.0013475693953857574,0.03072653719098465,0.0020659801379740777,0.07552579991863174,0.004703695948186996,0.103597782573033,,0.05608268739188687
2024-09-19,0.10107048284175274,0.0060633192845954,0.015551256798108672,0.0325154457099169,0.08686487542050969,0.09351080102377174,0.09743494655541099,0.10369278386848892,0.05433000462592673,0.07465665687797712,0.06069733461690752,0.0013939654718512283,0.030580132240223153,0.0021853889657677456,0.0745802526243,0.004919900796835275,0.10308909295834454,,0.05686335931931167
2024-09-20,0.10000000000046089,0.005364246158998491,0.01609962212688178,0.03138704710557223,0.1,0.09144429412734062,0.10000000000046089,0.1,0.05299859122845275,0.07408038299160738,0.062234197561122646,0.0013885517464321082,0.030549360901444594,0.001960743272543635,0.07495015770141734,0.0059850629555439515,0.1,,0.05155774212172053
2024-09-23,0.09925274394817557,0.005268442458492265,0.016371586678570315,0.032154488973458656,0.09973972491371082,0.09034780767686032,0.10029533471966647,0.09935676239091816,0.052726838742748895,0.07349312859856666,0.06326380480767023,0.001527640371784373,0.03055038549029376,0.0019159587918349274,0.07505944979533843,0.006026689323386342,0.0997922736952367,,0.05285693862328716
2024-09-24,0.0983984503108792,0.0051303582599308865,0.01656883922226508,0.032744703498724236,0.09853826542281822,0.08922307589641063,0.101221527058864,0.1003393742172505,0.0528477220210634,0.07289972895498047,0.06374520226217341,0.0016175774395283703,0.03058550931543621,0.0019220447435233346,0.07508967938988134,0.006623291551772052,0.09916988165438025,,0.053334768780118454
2024-09-25,0.09728034029898501,0.004909929718056279,0.01635591293428402,0.03304233644341588,0.10131071816952221,0.08879819565296625,0.10083311209563929,0.09968358481662236,0.052298782598029885,0.07230580299699471,0.06332135857847576,0.0016619801417062788,0.030797524303030385,0.0018868858004621911,0.07489955233974518,0.006613309299105724,0.0979209997045506,,0.05607967410840799
2024-09-26,0.09769390679428214,0.0050609027243941765,0.016660390023530893,0.0336422505272115,0.0997650228816134,0.08935219880195784,0.10122814089460748,0.09934022467149285,0.05269767441974357,0.07278376197925668,0.06280575386707404,0.001672754286667849,0.03152163202479653,0.001982823996708174,0.07481705434285829,0.006593871761952335,0.09823194900687679,,0.05414968699497552
2024-09-27,0.09813811872790615,0.0051690601290910595,0.01676401624810633,0.033373236597268145,0.09921865274874231,0.08880280231647134,0.09993453960824274,0.09897753209378139,0.05293116456236909,0.07311369802780635,0.06200829682153238,0.0017533665544611492,0.03152797577611366,0.00202885014099792,0.07503481237420956,0.006909975213378647,0.09884136309275754,,0.055472538966764316
2024-09-30,0.09832196100240172,0.005077153622586811,0.01666710355574066,0.03303073331090139,0.09977127390334987,0.08926685882030756,0.0997551328104754,0.09902037511749107,0.05279848728936979,0.07296640980927233,0.06279682078398907,0.0016608482776355855,0.03129563657353392,0.0018436789951342442,0.07541204616283015,0.006361527354343521,0.09839466865106261,,0.05555928395957438
2024-10-01,0.09721703193186187,0.004881388147552594,0.01699276359798912,0.033387599586885926,0.10121654626848214,0.08932315216272464,0.09810163431040972,0.0977169216965423,0.05295176371185436,0.07285392273099871,0.06203992970785719,0.0017887991060355954,0.03159602334418688,0.0019476739669494442,0.07612880821857004,0.0064548036221261365,0.09836342622494927,,0.05703781166402407
2024-10-02,0.0963834055228308,0.005097226027110614,0.017165745369504697,0.03380149943274045,0.10068644240174558,0.08912448498676659,0.09721095768943336,0.09768573816792467,0.052633337608101106,0.07285256063082073,0.062350248848259196,0.001918174116652776,0.031382359237172266,0.002144436360106314,0.07602896100730686,0.006701999038734077,0.09877135488400657,,0.05806106867078331
2024-10-03,0.09553849275303979,0.005035864015641522,0.017669678966789202,0.03398666931463215,0.10473791339458663,0.08826926734552075,0.09539740088979944,0.09619111120084557,0.05251455535319633,0.07219541524836837,0.06157270079410817,0.0019284630176417366,0.03179341714890482,0.0021154370084196642,0.07616119109977812,0.006466455283093975,0.09736069883757496,,0.0610652683280588
2024-10-04,0.09390067583333658,0.005088568250050401,0.017635220870640612,0.03504649001151866,0.10713386362886759,0.0879066054721648,0.0946098924407598,0.09562989801441348,0.051976474856893995,0.07072600017730493,0.061084618721047514,0.0019994329397460572,0.032006531223141205,0.002502811528673188,0.07601969625192588,0.007030098292554358,0.09628153480373935,,0.06342158668322175
2024-10-07,0.09348783529904055,0.0049540614018730045,0.017724939870130692,0.03538832671967235,0.10639259907681886,0.08782934858534908,0.09599226486148503,0.09662816979120156,0.05228696385865047,0.07086952400954993,0.061379619436718665,0.0019405225416195722,0.03223128454117387,0.0023892928574948237,0.07573390287640104,0.00700024587384008,0.09651854709880979,,0.061252551300170655
2024-10-08,0.09345581188932105,0.004889429064348001,0.017790362461559586,0.03543603664448775,0.10649966754035052,0.08717572681810573,0.0969179650589428,0.09673307002629168,0.05204218798004562,0.07080666914273796,0.06238145764813169,0.001952450395516966,0.031932949578525834,0.0022688907269149063,0.07639268646256012,0.007013693581425958,0.09677670303876701,,0.05953424194196663
2024-10-09,0.09408894800136307,0.0051065661242080465,0.018229628201144894,0.03515001759076017,0.1011662917172212,0.08753297325663385,0.09860916834317995,0.09833340615714768,0.052444880169527086,0.07164237001919052,0.06401153101667431,0.0019099882274563667,0.030573821203345865,0.002201547026705675,0.0764863621856849,0.0064968487307705755,0.09752412961112807,,0.058491522417857815
2024-10-10,0.09432919931180712,0.004974927048406443,0.01799228145522019,0.03533936020399084,0.1019925774160687,0.08677577537830694,0.09916676461885197,0.09833686535543898,0.052416405156567446,0.07158360724582964,0.06369844368295541,0.0017092025214746254,0.03048022116622535,0.0022691343765954193,0.07592682229697152,0.006645901324800547,0.09748002037989278,,0.05888249106059599
2024-10-11,0.0943735206023594,0.005171471511555325,0.018041328122395436,0.035594648473095486,0.10244073829723821,0.08705568045588816,0.09930293554127231,0.09746425625994487,0.052564293708312296,0.07172112026365877,0.06379119552270014,0.001796808533200235,0.030886765359876268,0.0020920803160779534,0.07429739661531332,0.007211218662080279,0.09732571904214317,,0.05886882271288832
2024-10-14,0.09374921050152842,0.004985860420329073,0.018116325150510443,0.03553357096231964,0.10336016710686605,0.087140850239501,0.09892552044783379,0.09567654538552042,0.052436590781037,0.07116812484523505,0.0634721850835181,0.0017642767105214483,0.03065414931127223,0.002278653511637705,0.07464838974663096,0.007558838964149952,0.09713554156222734,,0.061395199269361475
2024-10-15,0.09451136270908056,0.004980923146208244,0.01805077016184437,0.03540225650840984,0.1011432279914317,0.08809623703944425,0.09841051087444266,0.09698711249297452,0.052967920553383896,0.07225571610584287,0.06380235303228614,0.0018279301665507204,0.030309165861723456,0.002635828178428804,0.07375234626957085,0.007372591464106931,0.09799979863773532,,0.05949394880653486
2024-10-16,0.0933107502463709,0.0048060002731501765,0.018383034572713213,0.0370767793630258,0.10324343648769423,0.08992716501547666,0.09609842150858999,0.09437906725522142,0.051807881294330296,0.07088822424082675,0.06272347577363581,0.002244528764351849,0.03014791764778378,0.003636354134002966,0.07332429630211576,0.010076695031426797,0.09680509211760359,,0.06112087997168004
2024-10-17,0.09370097318395525,0.004733064848591368,0.018587360937164617,0.037975046263740014,0.1009216945460841,0.08944012547593638,0.09785576040568358,0.09609982357968695,0.052349273039875494,0.07112691610231787,0.06378365790649047,0.002388134456925411,0.02863560874676383,0.003479819164653423,0.0735191215677658,0.009558778946241702,0.09803587489566935,,0.057808965932454486
2024-10-18,0.09283899280835066,0.004700394364725521,0.018611416399265838,0.03861434370874325,0.0997622935954253,0.08908002632471913,0.09813494497001111,0.09605403024900444,0.05223911515924434,0.07096827260742482,0.0639570621470486,0.00284952315275265,0.028553536006295042,0.0040053857519377414,0.0729600678947486,0.009587621083306188,0.097915128732256,,0.059167845044740736
2024-10-21,0.09255639802666484,0.004576439677036577,0.018745847667386538,0.038627071957954826,0.1013057334242122,0.08945647889702023,0.0982167991377373,0.09461088818993066,0.052290954286046465,0.07033131306726324,0.0629077368512962,0.0027457279514305796,0.028651454223247177,0.004915475624627547,0.07353677053071694,0.010015596165622132,0.09758801142948458,,0.05892130289232204
2024-10-22,0.09304329307231382,0.004547782969425346,0.01843170882056119,0.03811449897299244,0.09929202143033952,0.09014291511554853,0.09908807661882531,0.0952619991709999,0.052678450850991626,0.07095249397655273,0.0636362810924576,0.0027388943146815343,0.028490167910485767,0.00462183415778355,0.0737716650418005,0.009484042144842672,0.09874299480492893,,0.05696087953446906
2024-10-23,0.09338996843525117,0.004199539090693467,0.01820693759542748,0.03612564928677578,0.09870589945970425,0.09093390192491217,0.0987914597799633,0.09604165643613483,0.05313050353913982,0.07089104002175786,0.06412970721947824,0.0026291850990785206,0.02912907347976189,0.004039612193280443,0.07411643475486936,0.009167072059189263,0.0992691577397848,,0.057103201884797374
2024-10-24,0.09218378687873383,0.004269622917773565,0.018164796775524513,0.036060498710284224,0.09844109896035937,0.09089704117873068,0.09859197840736897,0.09676497437235469,0.0534016762736292,0.07097647020172454,0.06444634849039906,0.0024897170759727288,0.02968895813123901,0.003992420967534048,0.07402840348400033,0.009734003299309105,0.09888157327191092,,0.0569866306031513
2024-10-25,0.09074698300809628,0.0044036607936417844,0.018183912203017332,0.035859969819036025,0.0979234333133945,0.08877114778149868,0.10744839289319444,0.09835416961995298,0.052382010708076784,0.06957189827449094,0.06513407938770764,0.0024849759250230104,0.029011396080220953,0.004204860272148486,0.0730771079210037,0.009717239942190795,0.09668084294013035,,0.05604391911717524
2024-10-28,0.0904478689726136,0.004648289315619287,0.01806393980846412,0.03635997958025308,0.09763421472402767,0.08852951328216196,0.10768585350194075,0.09708556385400985,0.05211197450385649,0.06900798734590612,0.06450402636002724,0.002684448274493928,0.029072495420113167,0.005324961417172219,0.07283507532796946,0.011482681227107978,0.0954392074933898,,0.05708191959087329
2024-10-29,0.09002709234389021,0.00471141961142393,0.01855475916282478,0.036536424828038025,0.09813335957211024,0.08741938387308308,0.108690717194729,0.09741341288789267,0.05193118853628739,0.06871052915544755,0.06504594290463821,0.0030484740886698885,0.029192989566534065,0.005471295659769539,0.07189899355478695,0.011421245890455019,0.09454489275689956,,0.0572478784125198
2024-10-30,0.09034609275491678,0.004704845695146414,0.0185318581583769,0.03613527641510207,0.09736611839759192,0.0874380076355047,0.10869299555159596,0.09847059712047228,0.05220485764824352,0.06923256132277518,0.06530349997094015,0.0030188167260123276,0.029409281057679225,0.0050638997361145514,0.07232670682936712,0.011016600557638305,0.09443251303141882,,0.05630547139110379
2024-10-31,0.09103403796880702,0.004439637399345823,0.017947399512293905,0.03475511441214692,0.0970683169833389,0.08846768774917019,0.10571961296536884,0.09739717518589074,0.05974405955198644,0.06806242947121481,0.06290507736329862,0.003009853227847013,0.0298986757677968,0.004935616496249597,0.07268325819116553,0.010073725742465402,0.0955217228013638,,0.056336599210249666
2024-11-01,0.09162203261994163,0.004707369057226694,0.01849003710118396,0.035714337248561934,0.09748179097151125,0.08963592416838698,0.10674563897917722,0.09738907609871883,0.057211965193913535,0.06757430247171459,0.06298853769336103,0.003251203345083601,0.029319097654117443,0.00489159846396707,0.0726047735107864,0.010230325917206653,0.09505643822405482,,0.055085551281086255
2024-11-04,0.09476330830445859,0.005223814003394679,0.018409753243600866,0.0355538171256795,0.08716412924328576,0.08944485835439617,0.10977974704748168,0.10017681360688997,0.05741648260346815,0.06869721695109572,0.06496453985468967,0.0023646897198614215,0.030397213402330585,0.004833647050219974,0.069567974148832,0.01016393860785531,0.09659779935337466,,0.05448025737908542
2024-11-05,0.09469969586103305,0.0053981381345940835,0.017634903237278746,0.03489266380931711,0.08843287753623379,0.08908966644735357,0.10984365364938851,0.09977672063444451,0.05764715853889366,0.06815627046301222,0.06539878972953957,0.002231534479273488,0.0308602744410571,0.004631065852608111,0.06967036061235686,0.01015473486250259,0.09526409244224254,,0.05621739926887062
2024-11-06,0.09216768672516461,0.005267494571260847,0.01812568219328824,0.03541148712961136,0.09021177500317248,0.08811421764140427,0.10698395896536096,0.09933876246566599,0.05860371051951527,0.06894975125922781,0.06047485409635699,0.0026141841135334785,0.031736545551590646,0.004951174208759939,0.07082913381249618,0.011716802099980505,0.09535449034951478,,0.05914828929409566
2024-11-07,0.09075510562865008,0.005034507219574144,0.01824337033429757,0.036433718115156076,0.09117957566102336,0.08604386636728062,0.10819928415061604,0.0996437211423647,0.05760886747295146,0.0674032197952223,0.06077504026383624,0.002581076193029423,0.03257127993754477,0.005966103976094521,0.07005328255294385,0.011659091141609287,0.09327839106767777,,0.06257049898012788
2024-11-08,0.08942246153162905,0.0061321237029401485,0.018496614673188173,0.035186789819573204,0.08896670119977974,0.08651353734787995,0.10866916493376398,0.09955284561617408,0.05791663928409628,0.06645908646791918,0.061285742232979876,0.0026907302694880886,0.03197235439479899,0.005409528120672345,0.07027139187788818,0.012984128419295119,0.09367700632709074,,0.06439315378084279
2024-11-11,0.08774572340026565,0.0063337709221174465,0.018786494066614257,0.034899001701031135,0.0882730245709736,0.08709965174857932,0.10920881418377391,0.09855312543895677,0.05846810162040575,0.06698929323835628,0.06013453416191388,0.0026667823551524655,0.03136977633402444,0.005320020353574474,0.07207866659774946,0.01245146410362066,0.09338480499597109,,0.06623695020691941
2024-11-12,0.08746627160836233,0.006403932936977332,0.019116197382832517,0.03697785413097291,0.08626060547470962,0.086551548060546,0.10948315173695675,0.09891580352928808,0.0588517719071808,0.06748338639920476,0.05943587843935643,0.0027134674084134057,0.03127190219026967,0.00507615732064514,0.07203901727250264,0.012497469750823276,0.09401675908025121,,0.06543882537070712
2024-11-13,0.0881290509317719,0.006438731285621597,0.019944636927174964,0.03609230890833391,0.08541633345135045,0.08609126921929183,0.10813248583792084,0.09893945774544925,0.058341433647450994,0.06763182199370793,0.060370843051272334,0.002425226041086189,0.03129047941281866,0.005207961614356289,0.07247256261636457,0.013466437229101874,0.09402204092238188,,0.06558691916454436
2024-11-14,0.08899570398335979,0.006332011525939965,0.019478159605270003,0.03637022545908385,0.08576627430745579,0.08599414640298371,0.10884400711365802,0.09924732265406834,0.05845898440304649,0.0680178547035841,0.05921378234655955,0.0023748671293778523,0.03118164755536577,0.005399818735268909,0.07286213768878376,0.013378930242423462,0.09380648050090687,,0.06427764564286384
2024-11-15,0.09013374820209248,0.009924600070375102,0.018906004156049736,0.036169414472784274,0.08408431944211389,0.08692019899515505,0.1081764210762135,0.09763442582482543,0.058464437248909644,0.06877158456121628,0.05931339607608149,0.002071160936791942,0.030897861397382213,0.004014350327115745,0.07346189681445557,0.012313886138231915,0.09366319650134289,,0.06507909775886293
2024-11-18,0.08894404186000429,0.010540757138039758,0.018614036423164573,0.03720243801237779,0.08504428913884456,0.08579355576761737,0.10875745281718345,0.09757589503014685,0.0576065421456499,0.06795398559026583,0.05873626856240762,0.00221497668114143,0.030839464126645868,0.004535104954018222,0.07271761315035037,0.01435662042765541,0.09244389402850925,,0.06612306414597753
2024-11-19,0.0880000066160227,0.010845742646781039,0.01900683616887818,0.03773340950058819,0.0855237589220297,0.0845013623708287,0.1096227967911299,0.0978565544618727,0.05711544957189311,0.06684134292394542,0.05847108924388578,0.001967359566757563,0.03095356286178899,0.004728335651568966,0.07234033358098277,0.014042316181007953,0.09151334091845723,,0.06893640202158116
2024-11-20,0.08819536132981452,0.011339289612686333,0.01892138603030968,0.03789900949960238,0.08596499100167704,0.0849399222874096,0.10903114797213696,0.09743849588641415,0.05751994461236113,0.06634624811454778,0.05844786919295773,0.0021603799812349275,0.03088828064845864,0.004554958458120153,0.0727529401556464,0.013416754407068798,0.09127811537125607,,0.06890490543829764
2024-11-21,0.08732830071923424,0.010678745209435658,0.018985080061112623,0.03913239952995005,0.08986586136676354,0.0837436263732498,0.10727450050922406,0.09568183539490745,0.05647639454837371,0.06572853662512343,0.05828026001216816,0.0022445064005002452,0.030926498835222714,0.0053575546376898675,0.07248579442275982,0.014058657794049844,0.08925907450899417,,0.07249237305124044
2024-11-22,0.08692098163027567,0.011515280696756917,0.018943285991374174,0.03865191923280077,0.08919518608021786,0.08350906574400928,0.10881262833253177,0.09714283464074612,0.05634913452239893,0.06476419658902464,0.058530846186577584,0.0024287670425146967,0.030493623008006093,0.005351805355091602,0.07260150482068152,0.015374251884616011,0.08887144663826349,,0.07054324160411293
2024-11-25,0.0872170827262574,0.011564002252709349,0.018562492810478056,0.037288321325585266,0.08868205034653656,0.08390293893348749,0.11036127581767484,0.10088286599684149,0.05678852754635534,0.06537693942758363,0.05915274081611137,0.002323049059496266,0.0293275061369959,0.00485590161238618,0.07294774341302641,0.014262162841297067,0.08949410142480957,,0.06701029751236795
2024-11-26,0.08651504473569696,0.011434812068951953,0.01844658040579921,0.03684187613070099,0.09304321151100177,0.08302413616582678,0.108701892907718,0.09922848508364744,0.05685816917594295,0.06461099203650579,0.05937804419613308,0.0022391117415853272,0.03159545765570504,0.004576066066414435,0.07260230559303069,0.01311006403821719,0.08858237270000685,,0.06921137778711561
2024-11-27,0.08745024872650478,0.011951398587587963,0.018279410367640178,0.036561400132020645,0.08890322908112451,0.08431358518415741,0.1100630336872385,0.09979347628639186,0.05731388335979129,0.06502477723855732,0.05992007658534629,0.0022767464077318713,0.03106200004286802,0.0045870689744610185,0.07275564724466568,0.014039006597147474,0.08949722628597458,,0.06620778521079058
2024-11-29,0.08698390351341033,0.0120137231404108,0.018253117798256533,0.03737732243934244,0.08957068035511832,0.0825299410042226,0.10963036925672355,0.09960403194035275,0.05706775068078878,0.06470258608931946,0.05937722143261699,0.002481804491378102,0.03175259151171586,0.0048897135845204455,0.07249145599349811,0.014793971388356928,0.08839936414325682,,0.0680804512367111
2024-12-02,0.08750840371087727,0.012032472082531841,0.018406142972032517,0.03784285474534503,0.08912326050185751,0.08236590773329766,0.11018388316315189,0.10002875200369721,0.05717686673799446,0.06420442414510641,0.05977342415012697,0.0023215037270165133,0.03174838989350282,0.004715070259872457,0.07251606568678294,0.013853732984075823,0.08905982029818983,,0.06713902520454074
2024-12-03,0.08727318155745406,0.011800782533214649,0.01860217298172261,0.038564705570989004,0.08917763724203809,0.08221248780431795,0.11058688755435761,0.10091992050486699,0.05703715522274671,0.06443005997374926,0.05963976174076394,0.002173593735323111,0.03195157507699102,0.004314420564767332,0.07234180661462496,0.012789774735682834,0.08836786529507609,,0.06781621129131372
2024-12-04,0.08617613933570001,0.011814616010117431,0.018697133111500133,0.038546784882230914,0.09111602939551702,0.08139177363146438,0.10995116671496265,0.10067260405253527,0.0568780011930991,0.06368273032969103,0.05872761631243829,0.002157218701659787,0.032397263011029534,0.004343455341550626,0.07254195987660064,0.01271099363567544,0.08755041438727507,,0.07064410007695272
2024-12-05,0.08687471216661638,0.011612244484193087,0.018262453454150087,0.039333937790869106,0.09145792209688652,0.08181353957762637,0.10954112482924028,0.10104041397958176,0.057396008060853675,0.06360505289529589,0.05821520129638974,0.002212499763676362,0.032388117532835436,0.004267238723603783,0.07198408052855747,0.012400114469773673,0.08749031083382071,,0.07010502751602965
2024-12-06,0.0857540246527343,0.012154668941613943,0.01804294585923539,0.03943890071084213,0.0909399215244358,0.0808741837745511,0.1109283433556609,0.10268452465911809,0.05681342002728066,0.06364562951132749,0.05929876678865296,0.002215678463846381,0.031853688333038255,0.004676821725115591,0.0710527628175252,0.013142299848571634,0.08642613501365937,,0.07005728399279083
2024-12-09,0.08791664765378017,0.012252149673599664,0.018009354978612797,0.03819399919092553,0.08846533194920098,0.08250031198585266,0.11137995367026679,0.10367425031508687,0.05765078011074752,0.06472598194764258,0.05799214496556168,0.002100987376982117,0.031706870741014005,0.004404843373712598,0.0713458168816255,0.01256342816126038,0.0883638444351757,,0.0667533025889525
2024-12-10,0.08899638632145872,0.011028146761037926,0.0182777998831749,0.038103340485055204,0.08710067038666675,0.0830114006470816,0.11178995672000673,0.1047470484931658,0.05811919514052817,0.0656063972974324,0.05776762509227595,0.0021143826146971024,0.031431178410347635,0.004110624532900138,0.07130307129477353,0.01182789298090672,0.089889009963899,,0.06477587297459166
2024-12-11,0.08736197792811223,0.01104147517400006,0.018334152164962397,0.03892135679705642,0.0884304612915276,0.08166833571662006,0.11235034225814877,0.10565900012077975,0.05777218314279513,0.06443630662291612,0.05816147125320948,0.0021984922346898355,0.031958664156506104,0.004282302481698095,0.07040833675490811,0.011940929186676094,0.08844900868903154,,0.06662520402636217
2024-12-12,0.08677710398646586,0.011628554462858555,0.01832237145810024,0.03776458111874417,0.08947391126446994,0.08108733933312967,0.11245648604372518,0.10607371647048595,0.058018912021290836,0.06465981763580692,0.058196787013229376,0.002196797865572647,0.03187947618774477,0.004093547753319251,0.07086266125038744,0.011554622266155156,0.08869771892054035,,0.06625559494797366
2024-12-13,0.08692701636812372,0.0120474201830031,0.018142292874997353,0.03674345395622747,0.0898314688824576,0.08169108225309119,0.11159479954862532,0.10529182914176285,0.058301801125121254,0.06495206046467579,0.05787321815986893,0.0021485785273014047,0.031941014897783115,0.004139814187273837,0.07179902328955845,0.011323699789852048,0.08880907423450965,,0.06644235211576695
2024-12-16,0.08642097066572983,0.012376173339549405,0.018364719807095527,0.03684209879121776,0.09027719264668028,0.08129851306552409,0.11233550892873687,0.10495712910151625,0.05900975320507402,0.0640893639994313,0.05784493858257622,0.002263041725221567,0.03181979269410247,0.004149619146795356,0.0714969221878022,0.01168179533800379,0.08783787040879197,,0.0669345963661511
2024-12-17,0.08707427704522787,0.011774757255019792,0.01789796350370138,0.03654740891818455,0.08888820503605543,0.08184733708023657,0.11276788449829452,0.10596547044539097,0.05941023698588189,0.0650338883329637,0.05752944928496194,0.0021413243104414707,0.031045796445344144,0.004316602223122459,0.07142204127980502,0.01174044052509394,0.08983328468139345,,0.06476363214888095
2024-12-18,0.08891215161976196,0.01150130786956164,0.01778804657235259,0.03666355684676383,0.08844646686207784,0.08294826688577413,0.11135614436967696,0.10546978447483496,0.05996768090981047,0.0671861032961208,0.05566625017339022,0.0021331176867299324,0.03114812690135784,0.004278396961312845,0.07157561705449375,0.01067141166081941,0.0907375563078957,,0.06355001354726512
2024-12-19,0.08881216316264222,0.011162823465281146,0.017590853047904396,0.03715591543511265,0.08778943688336201,0.08313706817396203,0.11068367828282087,0.10430489587825854,0.06073160980745742,0.06796287575454066,0.05454631427491624,0.0021021774488343484,0.031148488964047604,0.004872731847818519,0.07142095435435232,0.01058399428121492,0.09063912145912945,,0.06535489747834468
2024-12-20,0.07964766845223067,0.01190325354486059,0.01748498919434388,0.037313962299731676,0.10000000000042276,0.07499879659151648,0.09999999999999998,0.10000000000042276,0.05466180810050871,0.059944303024706776,0.05254390863073678,0.002258859488694517,0.03163069199859334,0.005085084991093671,0.06825897254338172,0.0115463395073523,0.10000000000042276,0.015619679610547128,0.07710168202043341
2024-12-23,0.07975924631558555,0.011905402207149576,0.01756657789197982,0.03766646836301368,0.09958594510244002,0.0750946669801178,0.10021878953797121,0.1007863009270847,0.05465167049244486,0.060418339214558116,0.0524720500136375,0.002249797112883105,0.03156706648092579,0.004701167867286607,0.06805159407647415,0.01116438102950776,0.10026710632651901,0.015516064821348754,0.07635736523907193
2024-12-24,0.07838606275286032,0.011876667014046305,0.017263600117341148,0.036957624504381816,0.10006151596116585,0.0742882162326278,0.09973711922218258,0.10098002460508239,0.05480270133464666,0.05999551281292997,0.05208799809718451,0.0022979805600970454,0.03217352386725563,0.005528103977463467,0.06804090106254114,0.012117195696491685,0.09915083470193874,0.016181237190411993,0.07807318028935085
2024-12-26,0.07819281515003071,0.011869257494116742,0.017294203682542787,0.03698012841065155,0.09973115231197349,0.07427429201560905,0.09945054609746926,0.10118375921873182,0.05463391757462561,0.05993075333008443,0.05228091541111235,0.0024231642774332936,0.032125853940707855,0.005620347844806326,0.06780730230117438,0.012603555257611919,0.09889776501382523,0.016162145333910943,0.07853812533358233
2024-12-27,0.07923023791927586,0.01124568726645205,0.017348003464050174,0.03721822614224884,0.09959587920305082,0.07520951323306602,0.09947934397628094,0.10141829443241047,0.05495642410081824,0.06039168929430808,0.05218943609705692,0.0023902200028006926,0.03204307441468267,0.005375193044205783,0.06798684093210212,0.011342919293134282,0.1000782524154882,0.015794265519553433,0.07670649924901443
2024-12-30,0.07927608190544883,0.011129333051039494,0.017388384128438503,0.036594039249497064,0.0999196543657537,0.07551732807826995,0.09888129174564464,0.10123167516167568,0.055227665792408856,0.061031090934316204,0.05195409164827307,0.002302633099451939,0.0323086196701012,0.0056085526927224195,0.06797983938890859,0.010641899069623253,0.09967443903292061,0.015966571385446687,0.07736680960005941
2024-12-31,0.07954677597223608,0.011016920115348184,0.017293190435218944,0.03666936102939685,0.09899127409271546,0.07561347536679026,0.0997318680510354,0.102146235835487,0.05540015267520551,0.061155196805405494,0.05278004288504945,0.002262897056708705,0.03168426067653895,0.005045868984450589,0.06813911799135322,0.010505270830444257,0.09977025317287028,0.016026995785145534,0.07622084223859979
2025-01-02,0.07787936488870352,0.011378873742092444,0.016986801464656334,0.0365817173245381,0.10545632731446515,0.07504058077927685,0.09776866840569531,0.10039694523763554,0.05410508764166167,0.06007169067829999,0.051632357850858394,0.0024699681831825402,0.03199468056869057,0.005095218219578061,0.06740550888855375,0.010192565611495863,0.09770258384191435,0.016553025647242512,0.08128803371145904
2025-01-03,0.07595443114372645,0.011549763872137377,0.016873118293467885,0.036295280104294544,0.10694159912397118,0.07355001784253982,0.09781242823919926,0.09952609166106142,0.053599704307792595,0.059123820971977104,0.05075978444898494,0.002614726459072462,0.033101267616661205,0.006188318306462241,0.06657004329376984,0.01167792135504081,0.09545644634331282,0.01637993823937399,0.08602529837715399
2025-01-06,0.07456412182307859,0.012082582896857475,0.01706252123437105,0.03747245621013569,0.11201655578683122,0.07205161706724114,0.09674009605763512,0.09746954273816365,0.05263168471504365,0.0588112272550889,0.049720768339247226,0.002657115548383867,0.03317079941969711,0.006815722660491028,0.06614432259089228,0.013282902697803821,0.09396038999307678,0.016563695556339755,0.08678187740962173
2025-01-07,0.0753831087587085,0.01199711392559775,0.017281995364598398,0.03561155102181658,0.10930097508097018,0.0733219870622502,0.09781966538826384,0.09836485600494278,0.05364255029266829,0.05892699852991781,0.0488547502243598,0.00240054376004293,0.032835288125690615,0.006761627449740473,0.06655677709221641,0.01230011943337124,0.0949584071690713,0.016343814472211636,0.08733787084356129
2025-01-08,0.07684981203319999,0.011686684082359095,0.017170623142548642,0.03543302809871489,0.1042703690138315,0.0740505496516436,0.09822363487515703,0.0995372684818279,0.05405046985418326,0.059942599408884883,0.0498534916744573,0.0023803855783382185,0.03342526792704397,0.0059894248201308,0.06639281837422789,0.011167686916433533,0.09716217336329422,0.01653032816131254,0.08588338454241075
2025-01-10,0.07692441094937164,0.011142103858158182,0.016985096836806456,0.03355262735210095,0.12882097941807558,0.07151115144759,0.09294187807680422,0.09286252526421698,0.05307758346516329,0.057779558951345206,0.048387847152302474,0.0022958922505732257,0.03328399295864937,0.005711075834238515,0.06471475559073046,0.011241695892089764,0.09398015623796657,0.01678727684367577,0.08799939162014139
2025-01-13,0.07891283465288967,0.01105031413769792,0.0171960657545684,0.03371603000340099,0.11957668192132406,0.0726254209606716,0.09356218048900171,0.09430289510381347,0.05447585497838485,0.05903575140376733,0.04964432362101289,0.002298771505234584,0.03301769332799287,0.0052566511647298,0.06556733525485282,0.01066284128573011,0.09600180713257825,0.016340199992869633,0.08675634730947898
2025-01-14,0.07772842129804539,0.010527873987808791,0.017357772133810862,0.03342316235090962,0.12190866021741191,0.07189812161913209,0.09331221159947853,0.09280211761313518,0.05402022063264648,0.05877688653410032,0.049833026324433684,0.0022699901696580406,0.033421251903237414,0.005163091025472676,0.06538481148676542,0.010755650464734989,0.09483034276731589,0.016661626655002894,0.08992476121689987
2025-01-15,0.0772467127323449,0.010567068805667174,0.017318032406834587,0.03340373615704964,0.1253355618326341,0.07091623788041368,0.09257229342828878,0.09171665120260228,0.05434476869628202,0.05816108690738162,0.050190671543029565,0.0023582717791012257,0.03441560017516802,0.005415142765489156,0.06548032930524463,0.011479920059983642,0.09396410592210931,0.016921965481125924,0.08819184291924999
2025-01-16,0.07656125140707312,0.01070934556888039,0.017237237766875815,0.03239370987635927,0.12783941588368533,0.07085320522852853,0.09283333954255184,0.09133473788463398,0.05445103385103455,0.058598886875983115,0.05074750805476258,0.0023041668692773834,0.034125972046724413,0.005269426661083232,0.06538110434692082,0.010901735088700439,0.09321185419289163,0.01704088517710791,0.08820518367692563
2025-01-17,0.07684664079288964,0.010846897017694942,0.017451956146208102,0.03377276652318103,0.12817703798777907,0.07107746863066286,0.0919324444253386,0.0909718769265335,0.05487151602302494,0.058651062801209436,0.050208216118569696,0.002414202687000229,0.033601123318903275,0.005670196248431487,0.06508621728815099,0.011790117346524702,0.09300510816343623,0.017071587124795357,0.08655356442966589
2025-01-21,0.0749464179368974,0.011355144371198635,0.017474584568107295,0.03399752675533398,0.1272012840656512,0.0697288583893365,0.09176688301671374,0.08984101730236203,0.05427992789354665,0.05836173862973827,0.049450131725443276,0.0026799964666772615,0.03479817585421998,0.006598096189597926,0.06471406288341026,0.013317487966558588,0.09124581807317189,0.01717368652602078,0.09106916138601423
2025-01-22,0.07510484077582234,0.011296203731715292,0.017801203956698146,0.03594213739166477,0.13131127639467416,0.06639899765908358,0.09164520741379899,0.0894866457676379,0.053893436371852343,0.0568704921426477,0.04931752234598729,0.0027514048758754813,0.03460137071024695,0.007244927951316325,0.06352749005053815,0.013385905681430738,0.08932707493416216,0.017725136650778246,0.09236872519406936
2025-01-23,0.0740268709058129,0.01207362845303097,0.01755276134321877,0.03575272275840687,0.13492830458603533,0.06581094393557747,0.09092314388432023,0.08977071355538233,0.052675201912375624,0.05614783183046742,0.04919258940141915,0.002818676758318754,0.03417907104420446,0.00810725609779667,0.06257632636015473,0.014998717813578914,0.08780441799404509,0.017280542505808894,0.0933802788600453
2025-01-24,0.07443347076108561,0.012979323012951025,0.017424197088579903,0.035146695092156045,0.13514910783102593,0.0659944801796754,0.08918174326463074,0.08957154613905804,0.052973349472794536,0.056226210538951174,0.04900540877619544,0.0027575544244255513,0.034672756638320534,0.008739532077460019,0.062395248187935556,0.014386823217349349,0.08895338914872392,0.01710799808763306,0.09290116606104809
2025-01-27,0.08552605357464725,0.010733237607837239,0.016712631676412782,0.03278406994150944,0.11755048003249108,0.07562836155492733,0.08953607288394236,0.09418923294036538,0.05559670210327357,0.06390448168772055,0.050365433886628945,0.002558745320310636,0.033051327056211326,0.007137474829787873,0.06394675228722757,0.011471552532606124,0.10131564584275661,0.01474996945386342,0.07324177478748062
2025-01-28,0.08336400756268125,0.009767949500823358,0.016822868840885484,0.033565573778757296,0.11925721534266176,0.07506544156581166,0.08818811469875368,0.09499215798128204,0.05479741742752218,0.06249032492697554,0.04793230782270542,0.002589544985822357,0.034236108215300924,0.00783022992623347,0.06368767815450159,0.011861524643606675,0.09787673512934242,0.015675553142464146,0.07999924635386867
2025-01-29,0.08084572591076791,0.010600802213279688,0.016649138868502097,0.034209533322932854,0.1235593096294727,0.07402704740414612,0.08697396781860275,0.09414650949527448,0.05534821396561031,0.06145657569933608,0.04825895364521811,0.0026498238978057745,0.03373669574345705,0.0080172024108717,0.06297730333867345,0.012319167827110367,0.0960068418407271,0.016238006929185228,0.08197918003902616
2025-01-30,0.07814540956314206,0.010768775803551513,0.016521666429782613,0.0331788112034958,0.1261957960777381,0.07242714271570502,0.08539224382612934,0.09226622302590588,0.0547875192877864,0.06007216213296699,0.047456630712048274,0.0026828594614839193,0.03407078293589077,0.009191551429783406,0.06241668407381742,0.012755126170105087,0.09510916069093601,0.016481224171801843,0.09008023028792954
2025-01-31,0.07937983791904722,0.010945559942256251,0.01640589888188174,0.033046063368575025,0.12420777466870998,0.07301238661785235,0.0862762722865211,0.09265039077512263,0.05543198284294443,0.06079350510866142,0.04772581474047238,0.0026232347705877923,0.033674228107977905,0.009237956752845321,0.0629936684245797,0.013057625495873883,0.09517058117900201,0.016456080029290093,0.08691113808779878
2025-02-03,0.07980658666222307,0.010882335712437971,0.016234910115492655,0.03153763335838208,0.1262066199902019,0.07364637731277668,0.08456091852182526,0.0922649865562026,0.05582143895405332,0.06135232433215715,0.04705797667720884,0.002591552961869153,0.03356098276013586,0.010144058832336968,0.06267255079561893,0.013001418441303753,0.09478041773548869,0.017085422724928315,0.08679148755535669
2025-02-04,0.07876302762877911,0.010707245632910966,0.016131227265112635,0.03353596179301636,0.12648621027821366,0.07071019877582647,0.08577104740682309,0.09338574744002413,0.055645311941854785,0.06147022004056967,0.04746121612007035,0.0025583780455862284,0.03332029115234948,0.010386694958289436,0.06274615048334146,0.012581431399343363,0.09410818829250453,0.017380650102804093,0.08685080124258007
2025-02-05,0.07869427112317662,0.011036605026565255,0.016143802063375484,0.03301275704152476,0.1275286016767498,0.06974470067690298,0.08634652468669245,0.09312690724408607,0.05534468336245191,0.06121469754281163,0.04789012491773566,0.0026276683525031314,0.03317843563575421,0.011003413959494404,0.06225086523879353,0.013216921639984985,0.09330927743858089,0.017200637076292432,0.08712910529652389
2025-02-06,0.07938340913130008,0.011261943004583625,0.016100836080567334,0.03196835486477035,0.1268007664297404,0.07017454374098055,0.0868980813611826,0.09339271130300611,0.05556478141415377,0.06135949284039982,0.04900158217216062,0.002556794042867143,0.033343808285461025,0.010440776416604161,0.06216206368691968,0.012517131718729268,0.09330407175359008,0.01743918730574227,0.0863296644472412
2025-02-07,0.0793117160707744,0.01124746808856434,0.016276605231143798,0.0326622507629723,0.12561457499463619,0.07027343809209007,0.08660725592830988,0.09268795523729285,0.05512798622597833,0.06148335437735957,0.04877235109747318,0.0033774403467746804,0.03312574240419253,0.0120615872093705,0.06172914539491243,0.013863035281963863,0.09391277791287936,0.01738150654370475,0.08448380879960705
2025-02-10,0.07884019703019735,0.011405838282690945,0.016042372312278386,0.03259879902925436,0.12916694755232416,0.07043568857018156,0.08483755764358746,0.0926239692428463,0.05417696668045409,0.06155038218437847,0.048323476628943395,0.0035145418392533486,0.033502133460262276,0.011567267860073192,0.06130918309642388,0.014570376399802208,0.09392801651989621,0.017141927247851147,0.08446435841930129
2025-02-11,0.07999438200931883,0.010857947184152242,0.015823563429249468,0.03240907334830827,0.12628795760700484,0.07126252245392158,0.08482749344431997,0.09303260884208535,0.05454028569092988,0.06260282933912244,0.04855381061777197,0.003527495786795547,0.03349196155803221,0.010813462166653156,0.06150319938575853,0.013793694713777376,0.09540900003269413,0.016893807515920012,0.08437490487418417
2025-02-12,0.08045086964578946,0.010602210494033098,0.01548966702093398,0.03231126361215452,0.12662873547326212,0.07159568572976133,0.08371477458633718,0.09229414424191695,0.05520199893674027,0.0635036129808343,0.047067605012024435,0.0036670158004077874,0.03283445376405748,0.011776918663696153,0.061589886892367,0.01412561479464779,0.0959844648225405,0.017104433995183237,0.08405664353331238
2025-02-13,0.07969805057158703,0.011193657186468567,0.01550027079597762,0.032081073613424375,0.12628418557972942,0.07285954964261314,0.0848799424443551,0.09160991567490516,0.055665842862720395,0.06390026506678242,0.04380654244437405,0.0036565834438891023,0.034168713484376105,0.011956881770649045,0.06186862277406323,0.013257320878215823,0.09630066783178495,0.017478580102111937,0.08383333383197243
2025-02-14,0.0804428986923585,0.011524679634003375,0.015197595984300582,0.030880622757608656,0.12866046425582095,0.07152721832246457,0.08472556137950489,0.09276450420735667,0.055239230419591154,0.06373039566763092,0.04386012690747573,0.0035474272528353682,0.03462814882661237,0.011444159596493352,0.06182396456903108,0.012425034715633604,0.09504661358897296,0.017590463406583115,0.084940889815722
2025-02-18,0.07992977165478103,0.011687779354780334,0.01502536199649411,0.031057728351579637,0.1306822958233069,0.07083759879209085,0.08452130707928547,0.09145001751543805,0.05792979427240376,0.06290515824560217,0.04286038293597399,0.0034311700924803293,0.03565390324760842,0.010793248036614354,0.062102164595072964,0.011716036085033866,0.09441831782991089,0.018058818815127338,0.08493914527641573
2025-02-19,0.08062274734545918,0.011910197103870084,0.015164782479479904,0.03011774918058231,0.12912358490185918,0.07086499915224069,0.08650879593613713,0.09223153251666391,0.057857213353961524,0.06281551618754873,0.042268247906809504,0.0032611333747165593,0.03579639642926136,0.009710357203445177,0.06272716349290411,0.01121179200217027,0.09501844185426887,0.017876436294671245,0.08491291328395006
2025-02-20,0.08214540889067452,0.01175025331001557,0.01484525538114035,0.030325290096644635,0.12507429967036252,0.07223067990797072,0.08833893544715145,0.09288038551975404,0.057284400512596374,0.06404641429262899,0.04282943084658615,0.0032215866055768554,0.03560527228937381,0.009250469146598958,0.06232511778775324,0.011120558959559938,0.09721744394577254,0.017121158863264846,0.08238763852657448
2025-02-21,0.0854170292204481,0.011257990755925998,0.014798767651719542,0.02919366570586404,0.11832299722889922,0.07581257032748659,0.08742872643152913,0.09361224189311447,0.058437009472748894,0.0662519622979966,0.04328571951775212,0.0031413586226975002,0.034969108924182854,0.008658715297787266,0.06360875258282492,0.010472756882272583,0.1007413767987421,0.016341767482383016,0.07824748290562501
2025-02-24,0.08775710669823521,0.010757994898761744,0.014837474891225739,0.029600046508687056,0.11340778229194776,0.07645502138169799,0.08598881773443894,0.09425513574196007,0.059634408248020236,0.06742280009747366,0.04394468358994147,0.002900245903004267,0.03478835055557243,0.007745359489142476,0.06505427824026443,0.010351533736081744,0.10310058827337207,0.016429956253042572,0.07556841546713015
2025-02-25,0.0891016982482145,0.010437105876663215,0.015518373653527325,0.02986409984866168,0.11225717028185725,0.07736433554103411,0.08535456300295181,0.09421134061477501,0.05990882056848468,0.06867767475068577,0.0445124075593825,0.0028657456091157334,0.0344996407875172,0.007305644340517123,0.0643989905478272,0.009898332735429059,0.10448909620112586,0.016128750464016028,0.07320620936821388
2025-02-26,0.08713202065880632,0.010959255181124646,0.015663247742503834,0.03021847915791964,0.11312126476612128,0.07589681272463261,0.0848212038832559,0.09331255157955592,0.05955103763736551,0.06770278759641368,0.04420018881694235,0.003002435967709079,0.037666166604496724,0.00790281491583974,0.06327671901592687,0.009949046031464924,0.10177590559088173,0.01633746542469748,0.07751059670434168
2025-02-27,0.08865056929492604,0.011146534999415732,0.015498302038060855,0.03036880423227721,0.10807627091663834,0.07753958880851636,0.08649159985798813,0.0963973173666518,0.06089333917487025,0.06955191828113318,0.0450125765725811,0.0029793184220645967,0.036102453116206315,0.007519408111440611,0.06360608594759809,0.009577231674837997,0.10461197536798378,0.015724558064907006,0.0702521477519026
2025-02-28,0.08860098591125447,0.011543252100041607,0.015615761352898468,0.030470822196876003,0.1073596375868556,0.0770037044441033,0.0851387578676099,0.09490608692685808,0.06175920323694291,0.06953778206390052,0.04529435356885113,0.0029877975532842083,0.035954350087622385,0.007680313754654529,0.0633821045568385,0.009772973063012703,0.10538673139889235,0.01600586288395551,0.07159951944554777
2025-03-03,0.09163131377933582,0.011462475460343286,0.015554960768946195,0.028970990306416474,0.10131311253321636,0.07877258084117829,0.08617856115501003,0.09734763436163832,0.06338753992775835,0.07140432271009144,0.04466993322550615,0.0028239986874848667,0.03473460522641469,0.00687063817361107,0.06499969099482147,0.008877838539913724,0.10862190088913275,0.01473546366731928,0.06764243875186152
2025-03-04,0.0902067585247,0.011178079018245437,0.015628424959754018,0.029725411643232353,0.10186879610624609,0.07584890612299545,0.08704062684759152,0.09796315813020123,0.0617707010583308,0.07054802274671523,0.044034698859838954,0.003002546018287046,0.034988984921608346,0.007299550874325465,0.06526018274697588,0.01009581279668999,0.10832150453503288,0.015457391408486076,0.0697604426807431
2025-03-05,0.08878020222914958,0.011877036683707258,0.01607874255739651,0.030557210204327005,0.10103430888560617,0.07563234609684316,0.08810647948109988,0.09939635579722196,0.06158549425309432,0.07010461146154681,0.044121989634250805,0.0028680931813222714,0.03450067315005331,0.00716127775672628,0.06555151944709363,0.010109293826983352,0.10701444628852912,0.01565172238624831,0.06986819667880025
2025-03-06,0.09225194610967659,0.011563861224743495,0.01622612171019435,0.031371544244400106,0.09583519894590932,0.07859216409811609,0.08699555023021181,0.09847930740362947,0.06181522885884637,0.07259622428791068,0.04331347331840024,0.0028298471754277417,0.033354871969423106,0.006427915668800164,0.0657068421758651,0.00973764092478848,0.11207335361268737,0.01493709820252009,0.06589180983844947
2025-03-07,0.09321202408154741,0.011802795143385789,0.015966744929586895,0.030860336965634113,0.09719076916266435,0.08007697714094021,0.08665028832738496,0.09613724731197976,0.06136847499149391,0.07231177809513807,0.04375288347363615,0.002794925655061938,0.03192375983195446,0.006446149454040925,0.06588510538483257,0.009459430682854604,0.11441649664923147,0.01447911692208405,0.06526469579654824
2025-03-10,0.09675675515803231,0.011719909698970556,0.0156760838117706,0.030370388909712893,0.09356769357287627,0.08302179335123319,0.08568857423841576,0.0941079728357946,0.061463459271286346,0.07437010831573242,0.04378563636302499,0.002631551069322911,0.031181169501509284,0.0058861301320071524,0.06632814172478758,0.009003802366796532,0.11789457986049279,0.01376915653652074,0.06277709328171294
2025-03-11,0.09358948114790545,0.0128783230596505,0.015645159582366692,0.03096529607746112,0.09589905516046283,0.08040734935105388,0.085904317179401,0.09417850212375911,0.06253980667655418,0.07322587086175855,0.04409993474719591,0.002624582286209974,0.032325196694684276,0.006281569485633592,0.06578536644853378,0.009863728118561446,0.11352159094492056,0.014558890962235834,0.06570597909165142
2025-03-12,0.09118331038949973,0.012492004218783565,0.015635356931372926,0.031230045958087364,0.09780039241046959,0.07743086127090663,0.08759818521166289,0.09517403326250845,0.06200682039011843,0.07108405360944711,0.04457437112426974,0.0025872786136440654,0.033357350966432664,0.006387839968003304,0.06589160584116766,0.009616705478137491,0.11041312274245471,0.016264383430727468,0.06927227818230622
2025-03-13,0.09322763139310286,0.012303102597904302,0.015619238899740992,0.030920187733459097,0.09634185736295023,0.07875547281059476,0.08510804125046807,0.09362600213999607,0.06275591949368925,0.07324267738350775,0.0442777219002745,0.0025422664945091394,0.0331083744293208,0.005888702751955411,0.06668668028286695,0.009246873395665945,0.11263325456415733,0.01608297105173124,0.06763302406410532
2025-03-14,0.09230969719132924,0.012288054986136599,0.015446213310683443,0.030731661281434026,0.09708634274277342,0.07784625285722638,0.08478278731845637,0.09200858965580896,0.06297155841772639,0.0727469643302772,0.04409901267311519,0.0026081374545156733,0.033953263735756425,0.006675105713749598,0.06663753420161074,0.010406533228897416,0.11109669046281832,0.016511177624076286,0.06979442281360836
2025-03-17,0.09162262701435919,0.012038785703115503,0.015579740999892004,0.031051931089184193,0.09711233285081104,0.07711335786921754,0.08569316616903666,0.09316234707959162,0.06264416065186543,0.07235042321098939,0.0449062726484085,0.00260307476634257,0.033863306775881695,0.006672604268088763,0.06652764807411836,0.010342706212708701,0.11015986114991247,0.016488992420790157,0.07006666104568637
2025-03-18,0.09294417299941733,0.011999182025810875,0.015599749910097854,0.031296504788347806,0.09493063538313073,0.07816333881190714,0.08502040519478961,0.09262910555050163,0.06200256704030718,0.07334489300385028,0.04468823519239456,0.0025195841227285726,0.03380245002325197,0.006286375335093417,0.06736032175340702,0.009875858649882469,0.11119734189717265,0.016363085589171558,0.06997619272873733
2025-03-19,0.0913140343017313,0.01205253750540265,0.01592331619966797,0.03158945023146437,0.09652464619378309,0.0771659340094674,0.08503579836809176,0.09271014509932846,0.061906482196839994,0.07227105630229831,0.0444951936157799,0.0025800345446274574,0.03453954603702879,0.006667002878524016,0.06706871492525787,0.010868853057790798,0.10869531585149846,0.016714093040960505,0.07187784564045693
2025-03-20,0.09131881655691697,0.012551643548349112,0.015537190948487455,0.031922773582124586,0.09685867485448556,0.07694175523044292,0.08485137385366176,0.09208105430188007,0.06163402856507642,0.07220885435053762,0.0442483656721506,0.0025316208374710197,0.034876505204796626,0.006588075715260081,0.06691449038298027,0.010624514316676348,0.10868630046851505,0.01684670749431763,0.07277725411586994
2025-03-21,0.09331552188713078,0.011698066516564791,0.014595213489018944,0.030016914396482578,0.1,0.07810129665951118,0.08931015193731504,0.1,0.0644189692848643,0.07387471164799338,0.04185640966903877,0.002419343003299432,0.03267181975544628,0.007833228097557824,0.06597729502077443,0.009845545768524517,0.1,0.015913187054164446,0.0681523258123133
2025-03-24,0.09128352724893203,0.01110124250740339,0.015098636453465045,0.03040346848048035,0.10132160843412873,0.0767365809665051,0.09109839116601587,0.10102103200975271,0.06372548127635903,0.07247389603064927,0.04248920221934329,0.0024789816639444796,0.03291037268039635,0.008807130722466845,0.06537596271505987,0.010118988110812188,0.09811724080421942,0.016033617385614613,0.06940463912445129
2025-03-25,0.09139682210019762,0.011344695819359292,0.0154596564791452,0.030075323568076424,0.10243243237199148,0.07599857582049643,0.09025374041167016,0.10131828298879798,0.0639721888828985,0.07238012940559152,0.0421674207784557,0.0024176554513021743,0.033333820597417095,0.008370280333735741,0.06502442936981664,0.010203395738219139,0.09859447817961511,0.016238401918099707,0.06901826978511406
2025-03-26,0.09359957205126634,0.011040565342089102,0.015260588438557404,0.029558408271268856,0.09891303855673321,0.07824374736147795,0.08997755944010458,0.10109581548631384,0.0655689060251731,0.0753108677717394,0.04217936606527384,0.0023322144726559127,0.03204497886614037,0.007717799276761057,0.06573963348968205,0.00943524691900854,0.10110522300040072,0.015279382321137696,0.06559708684421618
2025-03-27,0.09567246581633972,0.011016856193772892,0.015282740097678162,0.0294283778430418,0.096320029440702,0.07991820511355278,0.0881763334899511,0.10138670800732678,0.06615821707351412,0.0764330600212876,0.04186517760413094,0.00232553058367708,0.03184008567071783,0.007041782198042647,0.06575071760938055,0.008954239570490668,0.10327352635926322,0.015401481974122312,0.06375446533300773
2025-03-28,0.0977285165386898,0.010236448224346963,0.01499161427805245,0.029006032434952332,0.09502008073514834,0.08103968494481444,0.08682643931149721,0.09926237577020286,0.06674438097551809,0.07757717973564689,0.04186529891481326,0.002241330768002923,0.031796290408594025,0.006644375913096475,0.06675692694184258,0.008360707055649655,0.1049641461413021,0.015082983269408974,0.06385518763842056
2025-03-31,0.09915754671066174,0.009813228563947334,0.0148180547403481,0.028336018355510896,0.09256299542012249,0.08203981553949671,0.08703547539929717,0.0999547039278417,0.06714185378125741,0.07939902210002629,0.04205886003334367,0.0020850049444082115,0.03166712685641876,0.006393361478063134,0.06684405713191718,0.007866783965198507,0.10515377822575687,0.01512845690565554,0.06254385592072838
2025-04-01,0.09729556293339738,0.010503345824540924,0.014919054358367063,0.02847432438885168,0.09405874744459737,0.08144710150745789,0.08767164425666805,0.0990156064402377,0.06654733094137553,0.0782411643035195,0.04197373267550271,0.002140646177500554,0.03232253699350378,0.006569565817440982,0.06690262891862969,0.008054023919123052,0.10390367191647225,0.015537495563512829,0.06442181561930105
2025-04-02,0.09544937252872718,0.01030434584276826,0.014948201905453515,0.02857141815885696,0.09624390269171085,0.08032030685863217,0.08819125426213663,0.09949297194661512,0.06643319852398945,0.07735437374267971,0.04203861084407808,0.002063753758078195,0.03333771854194843,0.006539479730779063,0.06650169304418396,0.008194098704477617,0.10195763598433313,0.01587560044681448,0.06618206248373705
2025-04-03,0.10068520951912933,0.009804992282942048,0.014550837163336798,0.028649731919108253,0.08880295069823982,0.08368231258363311,0.0869092415011596,0.09988435809626468,0.06792078387236308,0.08272621886040118,0.04126747235077669,0.0019631735958280695,0.031249432174842502,0.006585984526751474,0.06726776670858307,0.007976063775360823,0.10759471352656849,0.01419131602195418,0.05828744082275685
2025-04-04,0.10234757206291965,0.008943577465005466,0.014474241914595188,0.0281417304996774,0.08474692424438028,0.0833265062239519,0.09001221136550154,0.1014228689132843,0.06701863258261617,0.0843761167234613,0.04072745953496978,0.001963237147416288,0.029950845481162735,0.006306824899666611,0.06819981666728606,0.0075605266321367185,0.10986983629568756,0.01423331044749859,0.05637776089878249
2025-04-07,0.09963884347858666,0.009335874333926302,0.014628016868434918,0.027656699151633653,0.08919461741667205,0.08043131914937555,0.08972595825449065,0.09916732885113161,0.06740512872719445,0.08324322817121874,0.04095138938814695,0.0021113170868535423,0.031273593232381734,0.006994367527172182,0.06777681602262027,0.008470217527219598,0.10787912097968769,0.014993990658133543,0.05912217317511988
2025-04-08,0.09969376279209295,0.0092285829111657,0.015181114766566625,0.02738867126712312,0.09214133454879368,0.07881242153671596,0.08964911583155398,0.09843714393464845,0.06733578893400417,0.08318196287846068,0.04077677165618072,0.0020091706178981933,0.030891454438805158,0.006478167443124034,0.06850443126107525,0.00837833487142642,0.1077784367515279,0.015012957682106018,0.05912037587673118
2025-04-09,0.09458152833245168,0.009077356067918357,0.01590307649184684,0.02800192668001467,0.10067315092927619,0.0777663119143981,0.08986959918252113,0.0995240015935472,0.0643332603813566,0.07759173072998021,0.04199879261757505,0.0021766947699163094,0.03281812412109826,0.007215252352892009,0.06765659933185,0.00906445300700113,0.10209916776745488,0.015698020990722632,0.06395095273817873
2025-04-10,0.09714119011778229,0.008739080479412744,0.015745687176377896,0.027642514073025724,0.09741856982246637,0.07888187642940528,0.08953887237337352,0.09813671230174029,0.06537518566602298,0.08064784024639136,0.041380515394209255,0.0021050430839383654,0.03196022540416043,0.006944381588893053,0.06846502255238217,0.008549727711317961,0.10548820423948595,0.015457738782066511,0.06038161255754771
2025-04-11,0.0968545451302562,0.008999910034545342,0.0158281532101735,0.02868533240343327,0.09758599620236603,0.07872066593876736,0.08973915936867813,0.09714293488690626,0.0655137144485536,0.08088151394075495,0.04157083573587479,0.0021917673649758454,0.03196866315215698,0.006765335157041379,0.06807779255673585,0.00858083493531529,0.10485614486924061,0.015328364436007621,0.06070833622821694
2025-04-14,0.09747820356105179,0.009008108592610411,0.01573054044008386,0.028660928541918717,0.0957250856259984,0.07979922143481134,0.08945183068007068,0.09683706928046187,0.06539073108344745,0.08145299814974241,0.04158045982518354,0.0021899437687388466,0.03205094246178047,0.006697387256411309,0.06849812399900752,0.008526185673804301,0.10510973017393943,0.015317565211127732,0.06049494423980984
2025-04-15,0.09735325060402927,0.009196870234124872,0.01572238936511613,0.028249553020344167,0.09620608729288964,0.07895848074321934,0.08915589833771473,0.09728113666332876,0.06589659035719508,0.08093984612915718,0.040903276140634534,0.002149902015335616,0.03235376923904759,0.006816864783304052,0.06816564527305279,0.008575375464884735,0.104653745967326,0.015432084972779647,0.06198923339651581
2025-04-16,0.0972521488674659,0.009018344323033063,0.015772823965063607,0.02873796475156747,0.0949062745732268,0.07854246659970633,0.09102594686175829,0.09671589659806652,0.06533460624455241,0.08107696915121135,0.04085683779863097,0.002212545389157096,0.03291719438503398,0.006441457657398346,0.06827816863181843,0.00814723379607418,0.1047111909800912,0.015594058160332049,0.062457871265812016
2025-04-17,0.09790155525582962,0.008513953725580219,0.015609664583661777,0.028392330825183006,0.0952066635659918,0.07792266782359923,0.09167095774042615,0.09696924238264416,0.06549493507253702,0.08157641500765721,0.04123434981600766,0.002260902634591179,0.032511249834029046,0.006496085799850865,0.06786742088771391,0.008150322819053164,0.10520584709940556,0.015436828168963277,0.061578606957275205
2025-04-21,0.09935910171203667,0.008498257045760602,0.015666037577382,0.028295659942357842,0.09179919829919671,0.07906828661012115,0.09215815455173779,0.09837174959169093,0.06561561954629724,0.0826930793490239,0.04140468744932725,0.0021786105119576105,0.032012821422097215,0.0062519979554038685,0.06768861011203477,0.007872484658425,0.10710522979654608,0.015066902136450518,0.05889351173215304
2025-04-22,0.09899430114842962,0.008523769864340182,0.015507809990003719,0.02789746450291993,0.09307244344740778,0.07883267477724668,0.09115247147475328,0.09791078221634945,0.06599095443008461,0.08229881188669684,0.04090952378977514,0.0022055412060678257,0.03304810071240051,0.006405185163933242,0.06720379950978983,0.008448890152200485,0.10597404870500715,0.01510226242607713,0.06052116459651655
2025-04-23,0.09661206634865743,0.008560980480574413,0.01562797681502983,0.02873619657056843,0.0957518450953195,0.07759758119574808,0.09145350438215354,0.09863886624689655,0.06572372126353714,0.08018432476896395,0.04095140497062542,0.002239662871236021,0.033691192189564685,0.0068513601270496554,0.06613896919511277,0.008526415648955841,0.1037264149543154,0.01541234176353864,0.0635751751121527
2025-04-24,0.09501097821218572,0.008886793761627241,0.01591770488185619,0.029668161323889462,0.098343443851871,0.07662581566516753,0.0915824484781481,0.09836884151245529,0.065489513031467,0.07832380387419362,0.040928359974798476,0.002262398216910392,0.03454016013066501,0.0070483169447139995,0.06516296992101896,0.009027291257098544,0.10220905023194825,0.01567655356684609,0.06492739516313917
2025-04-25,0.09411350584214163,0.009196724645952118,0.01591117759074478,0.02943389888165514,0.09952350539037055,0.07530892840364628,0.09430810711880967,0.09991226350725625,0.06458690762223902,0.07737107219446437,0.041660236480857496,0.0022620864321339284,0.034926415394840836,0.006802084086888911,0.06398154817664056,0.00899972555321889,0.10053432077351035,0.015582020074252847,0.06558547183037626
2025-04-28,0.09363900930611326,0.009263355894411907,0.015714716402862483,0.030077650937525843,0.09953062920222658,0.07581390713375928,0.09380127963527254,0.09995226098281702,0.06444930429627371,0.07719052020342639,0.041682749288426676,0.0022793405830361236,0.034955244016237404,0.006971224720749412,0.06335904047168579,0.009091529780461278,0.10008014949956194,0.015594835669774298,0.06655325197537794
2025-04-29,0.09456700369471696,0.009076563004414773,0.015754571292830206,0.030034791777997838,0.0998536740032791,0.07627969575902374,0.09318684961916063,0.10030750032404172,0.06302457193567271,0.07755092043888202,0.041434359373390274,0.002278137147082883,0.03488569037329422,0.0069189166563366385,0.06367592123470502,0.009003217406958097,0.10046166749296781,0.015563222650389114,0.06614272581485628
2025-04-30,0.09455800950591307,0.008785344844305076,0.015764245660332018,0.029895266751868276,0.09867769757873673,0.07647140716461391,0.09367485402881168,0.10115783304757753,0.06284052850982275,0.07765288774960005,0.042178954582589516,0.002250527468787978,0.03495235765320162,0.0067281684745182525,0.06239862719873299,0.008856810695198404,0.10109745555472371,0.015680455459568008,0.06637856807109846
2025-05-01,0.09242870672970167,0.007945570141042978,0.015813657106144696,0.029678704893075593,0.10461317623149928,0.0760023282306106,0.09301305695349531,0.10066522177406755,0.06201567365674177,0.07607027371349873,0.04249708791559402,0.0022541301715283206,0.03585522711430051,0.007354019549645673,0.06053675640014052,0.008994575969835555,0.0990401456777276,0.01598052216857381,0.06924116560277588
2025-05-02,0.09148232370058591,0.007683695692180169,0.015823058505255717,0.030284670276346223,0.10637624422588224,0.07531045564294524,0.09355405846847221,0.10041378737621921,0.0621460561843007,0.07495579044872065,0.04373189195616722,0.0023088603715847684,0.03620200722584413,0.007255045254257334,0.06045774487976401,0.009070646429470728,0.09746193681489564,0.0160115905834711,0.06947013596363665
2025-05-05,0.09132131734832269,0.007622495550936077,0.015758216714240575,0.029920624133453474,0.10682555752351473,0.07461408296808768,0.09466622400606488,0.10144766203829952,0.062082821226155965,0.07423874143234566,0.04445747513311706,0.002251765701480874,0.036061532933648575,0.007042321160882112,0.05959635979634539,0.00889369885274795,0.09757237866043358,0.0157711361689192,0.06985558865100391
2025-05-06,0.0897427311744788,0.007523424392106688,0.014935916648168582,0.030528409531095427,0.11583451187031017,0.07364464919029376,0.09309294364819827,0.09896522990675584,0.06070231618592365,0.07343624510306604,0.043601380011167784,0.0023202289908153526,0.03572262746905231,0.007791622504953653,0.05961877857230517,0.0090323075575421,0.09607147926199402,0.016394933344884254,0.07104026463688802
2025-05-07,0.09006617252261603,0.007626272071911245,0.014951469272128412,0.03164667471888452,0.11375318711736708,0.07458102080476241,0.09366303827607489,0.09869141978039456,0.06109271812646738,0.07369606991198699,0.043857211836391095,0.0022472544277635596,0.036335737667609155,0.007376460100585413,0.05981476454958446,0.00848430802009113,0.09731432910407127,0.01620369765951541,0.068598194031795
2025-05-08,0.08868795852152304,0.007998721347313196,0.01506410580028436,0.031495009311345835,0.11543310264830894,0.07479381977698456,0.09397367080562202,0.0980054620536259,0.06078176833447713,0.07217595805685317,0.04390937248440484,0.002770434933753896,0.0370579124905303,0.007380520976635356,0.05998115871506186,0.008728102797393037,0.09597763005166836,0.01605282129924612,0.06973246959496814
2025-05-09,0.08833562554831993,0.00817840024194622,0.015129453152935245,0.03247461671671493,0.11593674311822429,0.07496735946565683,0.09400680888751928,0.09847722440591652,0.06057882430029947,0.07248075694677907,0.04411314557605467,0.0029161860919916702,0.03679670053201378,0.007707130773365575,0.059630594198064574,0.009036090962074665,0.09607116857223931,0.015880361970775275,0.06728280853910883
2025-05-12,0.08411625200076894,0.008682911693927662,0.014766678276338235,0.03231346427136501,0.12012631947471146,0.07368389725351877,0.09242495775828218,0.09791256076071937,0.05857012238941967,0.06895079675011045,0.043949099843702426,0.0028958433889251824,0.045859931038698454,0.007800628640221566,0.05890105055052154,0.009049791743293538,0.09210850380666144,0.01645584569341723,0.07143134466539691
2025-05-13,0.08249161620729677,0.008743155926842596,0.014707006311265113,0.032665673780893335,0.12232980387973989,0.07186973418933618,0.09187603827283969,0.09730434986082749,0.058041345208482725,0.06760337673733595,0.043455502595945064,0.002830283984058353,0.04745244519307819,0.008625488087755708,0.05757060991256607,0.010978108406366698,0.08938545627001654,0.01668405272024195,0.07538595245511168
2025-05-14,0.08191730549829612,0.009266623019620295,0.014747677916151829,0.03363365107567047,0.12119996831612193,0.07225081439872826,0.09203236467870755,0.09651171235108112,0.0579394592104423,0.06670000855351055,0.04347430287252801,0.0029588588223548543,0.04675014311487888,0.010007667435172063,0.05744462970282406,0.01166080524599174,0.08895204397673082,0.017013128938715587,0.07553883487247368
2025-05-15,0.08361854954831954,0.008967155850782796,0.01479862115976674,0.032198726412362,0.11845305045662798,0.07303355238295497,0.09226252212532414,0.0963285191309899,0.058247395277018554,0.06784093523441573,0.044027604307090316,0.0029216421148438487,0.04657905678925453,0.010012685730956827,0.05777232321347544,0.012119522696113438,0.09061550121275253,0.016819031833393058,0.07338360452355779
2025-05-16,0.08349449561619081,0.008967105310739212,0.014714546140652741,0.03153139911026191,0.11927117858085967,0.0728776659062623,0.09208001097952369,0.09592324194731379,0.05831279769538002,0.06781545063504076,0.04387762645408618,0.0028609808314777824,0.0471343683211516,0.009941003773022341,0.05752232473791626,0.011970263007849148,0.09061209159049396,0.016568798568826076,0.07452465079295169
2025-05-19,0.08361192476303163,0.008533991559996948,0.014669112888879666,0.03127629473287289,0.1199898567628125,0.07300697102600522,0.09199601337354975,0.09548592868686265,0.05789819977585232,0.06788442900202414,0.043841855012186126,0.002830513669566714,0.04746050575467168,0.010400764372406586,0.057543940475361884,0.012103440845828222,0.09089239348113598,0.016154841572058615,0.07441902224489645
2025-05-20,0.08342200515097353,0.00846433701478896,0.014663266162971126,0.03197559487612843,0.11906454436018563,0.07522821055091541,0.0915075520673642,0.09505551502529695,0.05871512648712913,0.06758077526685388,0.043551744753250715,0.0028189369661913515,0.0469245142712497,0.009816208611536831,0.05717008021837528,0.011551594845468601,0.0921115741227537,0.016207679299850654,0.07417073994871608
2025-05-21,0.08436267138537018,0.008211293767291747,0.01457865969202686,0.03242973727963594,0.11909009930345556,0.07469330146079438,0.09162847523108308,0.09508403572314925,0.05858669063824191,0.06872749074969442,0.042414963385265306,0.0028205414406833706,0.04654276188199984,0.009783154338077853,0.057133922856835745,0.011975254128194607,0.09262358893036751,0.0161198560072908,0.07319350180054161
2025-05-22,0.08335746828806444,0.008276847488827576,0.01458469974910294,0.032801970269566445,0.12077338296556962,0.07354516867390416,0.09191809721020167,0.09583265028382101,0.057587494013704846,0.06746428199773673,0.04222477925117117,0.0028244827393083902,0.04643563464857736,0.010568201058355342,0.056729412515036014,0.012697233338287768,0.09169671994327729,0.016327431000285813,0.07435404456520149
2025-05-23,0.08243380743874401,0.008595597177429998,0.015873410538742028,0.03567538942397451,0.12060651664576759,0.07276460470112972,0.0901417131565965,0.09349333515637381,0.057455379704501486,0.066459892531135,0.04150059165586846,0.0033319476398310233,0.0462182747013353,0.012766150506011228,0.056677443087216124,0.014826391488870123,0.09054581714686762,0.016260034159305693,0.07437370314029973
2025-05-27,0.08095589655988282,0.008568879345132601,0.015936518871404026,0.03610761828351202,0.12312565412155384,0.0720243949361913,0.08985213791709823,0.09313758910886293,0.05642263664286946,0.06562219848489721,0.04126832307233795,0.003721976285928742,0.045127190386784276,0.01378046540732664,0.05609812501160408,0.017136078296083258,0.08927848813854215,0.016120273556650706,0.07571555557333774
2025-05-28,0.08061374562251655,0.008558917469461988,0.016607247981922427,0.036335808741652466,0.12359878592497739,0.07154150590689531,0.08988138920864384,0.09435901760807147,0.05613418949047625,0.06514493782224845,0.04151663168462297,0.0037321701306128685,0.045213137384377586,0.01421677827798568,0.055433298237467434,0.017178189366147196,0.08817894816438872,0.01618988288156232,0.07556541809596906
2025-05-29,0.08138216079200958,0.008119940275365644,0.016453206502962725,0.035611127731621846,0.12194682799510449,0.07173718375134203,0.09141168072857762,0.09504797786576837,0.05658087367601211,0.06585453384118574,0.04179347105905745,0.0036165340029233554,0.044815716076586784,0.013662703681914263,0.05654893988389591,0.016020202106721122,0.08878989431415464,0.016204695541525774,0.07440233017327054
2025-05-30,0.08166569028384656,0.008022146774318433,0.01639355657247261,0.03503308366434468,0.12222903299925401,0.0721179576739384,0.09048228880716537,0.09470344246839704,0.056893482011653805,0.06563962759452087,0.04194386881033977,0.0037065537980685314,0.044985391086441014,0.01352690947522467,0.05724648333558086,0.015466443119327832,0.08945181806001294,0.01610239919479441,0.07438982427029805
2025-06-02,0.08074551479136849,0.007882080613343622,0.016335942467044607,0.034547517373255184,0.12415972147829042,0.07165594173448493,0.09036557676545788,0.09410537527526514,0.05630007285470397,0.06507522223572093,0.041916932075400946,0.0036071924844947377,0.04534455255761401,0.013336857233513449,0.05736701760219138,0.01534303161933851,0.08873359440753063,0.0162328063020899,0.07694505012889112
2025-06-03,0.07995585065385753,0.008734367027977353,0.016512352201964235,0.03517834266371627,0.12323677366997157,0.07108416804409065,0.09032537331120546,0.09403216471940792,0.055839995285770286,0.06416509860116244,0.04185412552734471,0.003749251970037664,0.0457470699738568,0.012568063194040427,0.05726519235074454,0.015102275085913098,0.08777473324741442,0.01656924196853918,0.08030556050298562
2025-06-04,0.0799960284743795,0.008758973292857544,0.016761616163225242,0.0357173665276799,0.11912493935712817,0.07102760177337028,0.09246012332202598,0.09688750624290757,0.05570042982143338,0.06374142742663494,0.04242710407001481,0.004084639251594075,0.04506986002972955,0.012537116454941545,0.05656196887872187,0.01498563640166043,0.08745959638748613,0.01705715192547478,0.07964091419873429
2025-06-05,0.08044831793016262,0.008903982948689753,0.016881505851224294,0.036010887720293344,0.1159498443716789,0.07137339188519423,0.09301053882611765,0.09706857266811593,0.05597789892117662,0.06433396516246755,0.04310542608660983,0.003982884546459854,0.0450459842244334,0.012113400717297279,0.05646516573950601,0.015032676209977551,0.08808855060224206,0.016890484930682678,0.07931652065767035
2025-06-06,0.07969579202492401,0.009387307117575065,0.016823253675190983,0.03587605925989248,0.11838728343401482,0.07040633304634526,0.09258186101360456,0.09676301337827259,0.05565552472794416,0.06334565254721852,0.04305396374479638,0.004150374044909691,0.044622332843205666,0.012785131129278374,0.05620785014058103,0.016479795111395454,0.08708786458582704,0.016911605016067303,0.0797790031589567
2025-06-09,0.07927631902872158,0.009223357256086662,0.01715326058905822,0.03966847707003043,0.11858527244259269,0.07016172097362978,0.09233144430755211,0.0958373068692204,0.0560138305402272,0.06259450692192597,0.042598118205869964,0.004232988648028634,0.044286487915344036,0.013813559869834053,0.05570123438650178,0.016848701091176747,0.08718824174251207,0.016773072402601934,0.07771209973908572
2025-06-10,0.08025721254184409,0.009387646348721065,0.01718188500488404,0.03816594257478385,0.11604974639732711,0.07069500474083158,0.09364792126109976,0.09655260297261102,0.056044552152507594,0.06422215422765737,0.042879728628503075,0.004238890609947364,0.04281236564042909,0.013457738729156789,0.0560760273747876,0.016629427280071357,0.08872113804027826,0.01677517795829491,0.07620483751626404
2025-06-11,0.07938869081795395,0.00966470391158714,0.01751273474766914,0.03919418605616947,0.11520068437301759,0.0697542967981864,0.09155350812756882,0.09408858541543835,0.05537503344139034,0.06341690192657978,0.04235528883183746,0.004557700145116973,0.04242464281469803,0.01724646348383288,0.056356649967059254,0.019859502117988672,0.08793578839345512,0.017853640889356183,0.07626099774109432
2025-06-12,0.07933792240335996,0.009445324226928528,0.01756758253318002,0.03863428168818938,0.11705451156538328,0.06946433981084468,0.09089630123329748,0.0932976032453089,0.05553333414214207,0.06380485159495218,0.04254412681033886,0.0045028413514381594,0.042495804855724274,0.01613565151692411,0.05626527904503635,0.019026461433774795,0.08773374578967551,0.017663139081602792,0.0785968976718986
2025-06-13,0.07974460093324216,0.009367216404073687,0.01768888120463024,0.03917358041880375,0.11638520568725651,0.06935368936043086,0.09034490438007335,0.09339011789316187,0.055039924673076876,0.06362175078642643,0.0423444771766563,0.004653128356292973,0.04306693599663985,0.01602293459193526,0.05619358520758127,0.01840534502084864,0.08824657787278974,0.01791443479255073,0.07904270924352941
2025-06-16,0.07832793010872773,0.009704486315073032,0.01775011538105212,0.04043850410786535,0.11979619555373348,0.06786656541973857,0.09047912450556422,0.09226040792718455,0.05438428085907845,0.06227730250311339,0.04226373699980013,0.004814497716982312,0.04323482058409368,0.016353487728175454,0.05586077234067058,0.019999580894944413,0.08617556121101579,0.018021121728577907,0.07999150811460883
2025-06-17,0.07862573173589975,0.009093165120340323,0.018061075358671356,0.04064822965083063,0.11969888871162075,0.06709926194564726,0.09103230814902387,0.0926398950635336,0.05422135899100576,0.06224657492882061,0.04282495655785838,0.0049596456147493724,0.04299282732577039,0.01578238552317273,0.056129585052793446,0.018571446021250965,0.08621920689010089,0.018457527423428544,0.08069592993548137
2025-06-18,0.07798420146185785,0.009128255037259385,0.0179304868888498,0.04074170327823241,0.1194630541852211,0.06735027971485705,0.09100607038307938,0.09232480461648755,0.053957288715058206,0.061991649995394874,0.04260606417758793,0.005156844262856085,0.04298923343334686,0.015536338950332317,0.056647089572114485,0.01846198486507588,0.08604858428054396,0.01868311461314245,0.08199295156870241
2025-06-20,0.07804406212379286,0.009008237937717715,0.01760353940754119,0.040429939146268024,0.1,0.06801113203593478,0.08987250072770231,0.1,0.05333844780396211,0.06206007503521876,0.04206223281228772,0.004455213026307801,0.04469863505651031,0.015423144646626242,0.05622507727433976,0.018713123273283453,0.1,0.018434629185492837,0.08162001050701409
2025-06-23,0.07809078383837575,0.009196832632169733,0.01734402495669536,0.04067779886086077,0.10195757758179866,0.06907129152582053,0.089576553408847,0.09944378484306102,0.053636100661141925,0.06202976391679506,0.04217186033615542,0.004439106287016668,0.04407585357346343,0.014436243063699969,0.05627380690321058,0.018111672856168763,0.10007640817507343,0.018351304620669046,0.08103923195897697
2025-06-24,0.077198056688159,0.009241278919235055,0.01715465641622971,0.041715422033074635,0.10243817424869045,0.06835642719502245,0.08869173388779203,0.10009103532283121,0.053218899371180496,0.06114912501718985,0.04258040477142903,0.00436088820624349,0.044037388197199726,0.01572286392669373,0.05547040464798358,0.021184061446595685,0.09916312088485066,0.018322226917864608,0.07990383190173454
2025-06-25,0.07777229427861881,0.00893714579364883,0.01742608811540589,0.04225090937902505,0.10329810498708222,0.06921747606217576,0.08818498919646632,0.09328621053775837,0.05353231367901879,0.06160391788065325,0.042622917864332255,0.004227532719417082,0.04508027925900318,0.014761309686401016,0.05667557042809914,0.019426753990187624,0.10118231305023302,0.01839779548902514,0.08211607760344822
2025-06-26,0.07850058757089273,0.009226422845979307,0.017555167806773672,0.04405264472331309,0.10585335657914687,0.06925897478089406,0.08687171604315078,0.08471390215468645,0.05389203695647082,0.06194617566878154,0.04189353746876021,0.004061391369147989,0.04752331699367333,0.014839118358298176,0.05688282482118554,0.019223534199285512,0.10115446645147295,0.01861971063118273,0.08393111457690422
2025-06-27,0.07786548792528845,0.009091949586865388,0.017548970218293665,0.04293899471741757,0.10401470916294481,0.06937891899190976,0.08688103733231174,0.08817689757784028,0.053824844824325466,0.061929029223393973,0.04203603877657991,0.003906469296226583,0.04737932171256479,0.014529565516011518,0.056675164321806984,0.019042282836300817,0.10079280703359782,0.01884650484937164,0.08514100609694893
2025-06-30,0.07811243988662323,0.00970780041161751,0.017495394927715194,0.0431271395435344,0.10393072450543792,0.0695325951061056,0.08767563365337551,0.08850487639612567,0.053730454887708654,0.06208909455412348,0.041775749661253046,0.004185541808177426,0.046383331150141316,0.014611550781073502,0.05659456054774666,0.01950950583190434,0.10088321780772011,0.018236687035777487,0.08391370150383912
2025-07-01,0.08002629769176231,0.009154583578106255,0.01736785129166386,0.04238454792044155,0.10099328041241237,0.07222596587672529,0.08768247386307731,0.09013517408254262,0.05431133893025225,0.06322061301721608,0.04145606067383748,0.003927440179630319,0.04583208868727546,0.013743803506445385,0.05673482314438362,0.018174032493458905,0.10319546936091772,0.017879400403204713,0.0815547548866466
2025-07-02,0.07955577973173673,0.009375396510618661,0.017507975041382413,0.04261032722298263,0.1009662908377395,0.07232740576462604,0.08860673257965992,0.0905061702810571,0.05380511530169078,0.06279673360901508,0.04149279040876878,0.004140402305529609,0.045943390666004204,0.013701047298685457,0.05588380971885095,0.01776319637694369,0.10250843091886784,0.017719327848155254,0.08278967757768523
2025-07-03,0.07926425935920019,0.00997600525761965,0.017605031741700077,0.04324022494593895,0.10180524830922125,0.07098987950673667,0.08803391831991676,0.08874237083110957,0.05368753892071959,0.06252775027275613,0.0415636743071002,0.004118029483472736,0.04638045050998706,0.01418835783676046,0.05538486802841787,0.017983170174582754,0.10203767320285623,0.018199128553530043,0.08427242043837367
2025-07-07,0.07919563317568297,0.01000028764160369,0.01763669946297278,0.04410716037414883,0.1035204855541993,0.07016654698669102,0.08715631092274308,0.08730774684299371,0.05334632983799711,0.062368964672207705,0.04127647741181235,0.004255752425868184,0.04625749430978365,0.014766310045031268,0.055900559651102515,0.018299827584602944,0.10169084524001729,0.018081729300244747,0.084664838560297
2025-07-08,0.08017346987947273,0.010122042175353693,0.017096242673849845,0.04282849207368772,0.10315598451236833,0.07102203655782201,0.08799599142788338,0.08740213743114282,0.053611005880599284,0.06300008959485746,0.04157574710889595,0.004087832929709109,0.04474027613092382,0.014303463715634044,0.05620650142579366,0.017736576946584193,0.1027685427260609,0.017825539908913418,0.08434802690044763
2025-07-09,0.08010416130884582,0.011847400513795504,0.01698088032755273,0.04222876734311135,0.10367955131097428,0.07144766959629119,0.0874562090835585,0.08642667074248805,0.05349370557415548,0.06267005875706255,0.04108331135386348,0.00416718080395252,0.0440811375685625,0.01428480296512465,0.05570222061683353,0.01776406371966478,0.10266036507272404,0.01733499894397582,0.08658684439746324
2025-07-10,0.08094398635583014,0.010659032756478618,0.01680908273024806,0.04170367985986309,0.10245470527795197,0.07254840074847815,0.0869370639792458,0.08555801798963596,0.053818381682164754,0.06324448027698205,0.040864728834713655,0.004585395779128646,0.044330332056295274,0.014662042654949746,0.056000818547384784,0.018032002456413142,0.10394055776510953,0.01701794780981763,0.0858893424393091
2025-07-11,0.08032033966874652,0.01046014590792829,0.016856180929376147,0.04276566052507322,0.10480711378957563,0.07151886367312772,0.0857938183181216,0.08526485107635365,0.053497487677418035,0.06299506339507645,0.04042312918019022,0.0047980794629424225,0.04402646951410086,0.014814998922246142,0.056199626326811566,0.018731907901927254,0.1030450921459122,0.01753812483207039,0.08614304675300179
2025-07-14,0.07931782154817227,0.01058617045446733,0.016896922300689995,0.04376857816008789,0.10530695103399539,0.07062807912473207,0.08620244131377329,0.08476247500952169,0.05376343904222623,0.06230292838120507,0.04004465407500008,0.00498388372702985,0.043757898176671056,0.016357900710956292,0.055975178169703335,0.02084445900351498,0.10219533429375793,0.017741035967223887,0.0845638495072713
2025-07-15,0.07958925750747922,0.010412885561135064,0.016909070023013763,0.04458359917556219,0.10365469884315615,0.07047909444276086,0.08711081279318163,0.08565429904499627,0.05424701975077034,0.06216752087826147,0.04011981581885232,0.0049948600323433566,0.04294600626126573,0.016107211158568387,0.05572558480376904,0.021465076698449107,0.10291654665683704,0.017042419796524676,0.08387422075307346
2025-07-16,0.08035696526132921,0.010149469687710067,0.017193336262846557,0.04477958056693343,0.10038548533858184,0.07125246934711496,0.08798011542104503,0.0861287942845595,0.05466808484282795,0.061999280958172066,0.040462612545535556,0.00526265171002633,0.042332930089685285,0.016990753395040296,0.055914816382919244,0.023043718534955283,0.10370735335878438,0.01680646496903648,0.08058511704289655
2025-07-17,0.08006351392622407,0.009924193982835674,0.017364531735874218,0.04546171358630833,0.0995902398133278,0.07124372827278135,0.08923781389912355,0.08666821240912288,0.05487801572720444,0.06166891324641625,0.04036988351319603,0.005405604935941616,0.04275610821714124,0.017575679865920565,0.05587325130330599,0.023249669829530938,0.10301987050013021,0.01661677431140899,0.07903228092420594
2025-07-18,0.07925154594179712,0.009958433751395301,0.01701531508856414,0.044959906753722134,0.10143898826882378,0.07006215757514858,0.08772966282719602,0.08483346164286874,0.05475926645715556,0.06082352262941989,0.03980827507159785,0.005578288139749484,0.04293772378556531,0.017636113903317888,0.055542336806126406,0.02429180050868816,0.10136539856109596,0.020187276927544146,0.08182052536022355
2025-07-21,0.08068241971000771,0.0101716619190924,0.016837181397877078,0.044220333521363196,0.10107858762212509,0.070079894303692,0.08798831842060181,0.08669955058073948,0.05553293261351518,0.061736482513957615,0.039712662773857696,0.005080481073737062,0.043431199274022045,0.016109379439973547,0.05603777631378836,0.022128278917016006,0.10284630899500417,0.019204110590377473,0.08042244001925213
2025-07-22,0.0811324661948363,0.010306584893652413,0.016643230816524912,0.04425459304507994,0.1000691865887196,0.07042713804344179,0.08823469598811592,0.08715253862472483,0.055971059223826815,0.06217090501157915,0.039570441366388244,0.004838993782652255,0.04347617153380049,0.015651990199817292,0.05638099983082594,0.021459515976376294,0.10300135714394788,0.019250685367771646,0.0800074463679182
2025-07-23,0.07928739471426478,0.010568677777389653,0.016840787829694434,0.044460837505244474,0.10074221549705116,0.06942999603666532,0.08720066613319272,0.08571239820026168,0.05508064183548305,0.06015550881133779,0.039152187589292106,0.005064229283178977,0.044810064076141715,0.01689793577034733,0.056379919494877646,0.022839748540836983,0.10110188480881793,0.020577561201019168,0.08369734489490305
2025-07-24,0.07900527360830988,0.01293793745196308,0.016814780560219317,0.04470193509954351,0.09980887276838193,0.0696808564938982,0.08726974281581329,0.08465434371797118,0.05488258265944894,0.06023278483554472,0.03875244388170555,0.005338934796137117,0.04391268314878638,0.018752459716248525,0.05627190385273412,0.024281326328991548,0.10053610158764982,0.020469962274639483,0.08169507440201335
2025-07-25,0.07933034337456972,0.013375722094933578,0.01724060251896512,0.04436561631443991,0.10119307051618387,0.06942278216087656,0.08581015447327742,0.0855762368268997,0.054695390412118176,0.06036154821253402,0.03881386745776168,0.005319005688971934,0.043372545034165357,0.018891559639174188,0.05652667624257342,0.02447037535529009,0.10057355565907528,0.020852411996079546,0.07980853602211052
2025-07-28,0.07837371871439044,0.013632396765746908,0.017557501969067055,0.04434618389308428,0.1020335121280727,0.06887399681778592,0.08523716346957665,0.08500450402811445,0.054029429271247154,0.05988517340235317,0.03850496835569625,0.005287444897484754,0.04414896664694508,0.019007298801613042,0.056381079047419194,0.024286441951769,0.09995097913844554,0.021718741160008444,0.08174049954118014
2025-07-29,0.07859780109488118,0.013493149214350497,0.017442515556529706,0.043693487129824515,0.10172624151399405,0.06903497946344556,0.08565534243371854,0.08624126646138161,0.05453397276334101,0.06055940870804356,0.03869508738070152,0.004923843656707814,0.0441208373792676,0.01770429287636752,0.05695812307329761,0.023094340991993235,0.10003087875016047,0.02161034762324333,0.08188408392875068
2025-07-30,0.08038696131159534,0.014414237046930468,0.01743502855714296,0.04255453038741015,0.1047623748107338,0.06760695997066957,0.0839717855946825,0.08377790301409635,0.05440045158651074,0.05965453076350315,0.03762853530212297,0.004843250386052555,0.04531946659100425,0.01860146742619355,0.05634284924604815,0.02349144320223692,0.098329034358354,0.02206676814664147,0.08441242229807103
2025-07-31,0.08029233324806521,0.014325058213620151,0.0173819236813811,0.041005065254767645,0.1055387308988294,0.06782562664137674,0.08362190738416539,0.08237301918945017,0.05511687086042624,0.060573420272209334,0.03738944917018371,0.00466011636587589,0.04553795378317764,0.01884344263119181,0.056916500650495715,0.023351675940487395,0.09786629396870687,0.022320962347271045,0.08505964949831854
2025-08-01,0.08149089258527956,0.014209198998035202,0.017304933807160746,0.040395601664118715,0.1045531045827462,0.07082930777352087,0.0825251511545529,0.08182964763512414,0.05524976866377717,0.060858863288880856,0.036540797936583685,0.004541785978087597,0.04614058844034103,0.017776183255121713,0.05700011392078525,0.020897570146010035,0.09946379564408409,0.022605012048227905,0.08578768247756238
2025-08-04,0.08098381764335365,0.01372608492435219,0.017566652210209775,0.0409010089531335,0.10692571334684318,0.07038320056893886,0.0813399550007427,0.0810709803244045,0.05542075301149378,0.06042128035353803,0.03612253359041621,0.004503930075405653,0.046989470575294255,0.01864455211249907,0.05672098948751845,0.020026924750731836,0.09870034471127039,0.022913083145332695,0.08663872521452139
2025-08-05,0.0802229757174896,0.01435959870231144,0.020789018163076163,0.04076456957415959,0.10411582381095276,0.07069238453524741,0.08147312818087271,0.08155139006333524,0.05498544836059893,0.06014239547490484,0.03664009690974828,0.004601120500387872,0.04675986891363793,0.02062974408973239,0.05576701950488435,0.020969116131060995,0.0975823414276801,0.022665475989010427,0.08528848395090897
2025-08-06,0.08158643275844915,0.015071119077498474,0.020816634780878397,0.04248038046844332,0.104081476316345,0.07167640713722546,0.08136774838633527,0.08209351874167893,0.0557131249427218,0.061551607376344346,0.03505565423614339,0.005079109994860386,0.04095472724310062,0.02071045233597677,0.05514852841394515,0.021664663641732137,0.09935663457724678,0.022661975060234173,0.08292980451084038
2025-08-07,0.0812967093002538,0.014205552780995341,0.020691913871013885,0.042109858144516815,0.10276033711201657,0.07214975156498893,0.08173000928447015,0.08222268036685206,0.055549277457039456,0.061857947554995116,0.035525575169276936,0.005090045538338698,0.04199972904241524,0.019659009134764885,0.05586000480026601,0.020965565564188875,0.09947240449751721,0.022380925275546366,0.08447270354054334
2025-08-08,0.081105066782802,0.014318547424690112,0.020836758274593883,0.0428190917857384,0.10349000418483206,0.07283457338504169,0.08185640463997025,0.08263015315875702,0.05600376741885361,0.06206604319533091,0.03517892426720769,0.004894654504920645,0.04218062753467405,0.018812298224857762,0.05646229691611357,0.018606436525081697,0.09964713970821966,0.022512418336801454,0.0837447937315136
2025-08-11,0.0812911110590088,0.014749782969637835,0.02081530841269477,0.04348293814310269,0.10296218812792889,0.07296822495929639,0.0818428248869938,0.08334411067603803,0.05616231326460338,0.06164853442686815,0.03522825016442053,0.00484405017810248,0.04230674004778583,0.01807782392944247,0.05607821672313929,0.018177340674511346,0.10016228735963173,0.022332087091786516,0.083525866905007
2025-08-12,0.08013137866461144,0.015935316935292102,0.020724755742823363,0.04330015371534173,0.10372367320451513,0.07170268481958833,0.08086452162811437,0.08324150764456346,0.05586775817706257,0.060604279598544544,0.03568014496758773,0.0047320070345553125,0.04300360232193833,0.019472056870776435,0.05611850857113413,0.017904164000221642,0.09813484998553533,0.02269481775484235,0.08616381836295169
2025-08-13,0.08126585287525806,0.017091452867202057,0.020511833396229626,0.04192383438002849,0.10071003310918139,0.07298376723078773,0.08093373074695931,0.08326485467595092,0.05613884533806646,0.06171931819864545,0.03656141709958082,0.004047100412006728,0.042720829269840166,0.019260025346382215,0.05626611397524408,0.01757517628180868,0.0994343918403349,0.022798615854060192,0.08479280710243284
2025-08-14,0.0819317707277326,0.017665902422886945,0.020449611659924746,0.04233662905688798,0.10130410655957639,0.07261900742778657,0.08059972829834881,0.08312730938192331,0.056293782172282106,0.06153646454720438,0.03591548925395663,0.004179590511737809,0.04282874594209026,0.018535467822443544,0.05626583207848341,0.01709612051756269,0.09981628657894935,0.023043110564229363,0.08445504447599309
2025-08-15,0.08193431719548194,0.017873102875226286,0.020462419048674022,0.04266853195673125,0.10079199210777666,0.07309119885424308,0.08156776002280414,0.0844864848028838,0.055991528322004894,0.06195359421592996,0.036225009205552376,0.004051563566379894,0.04171580498669386,0.01801420826362864,0.05569368003539453,0.017012036263219628,0.10046416959249233,0.023031147868384973,0.08297145081649766
2025-08-18,0.08153552213726033,0.01848980336458852,0.02030722458913628,0.04367095501903691,0.10164431289091583,0.07269665953567557,0.08116691765578907,0.08371770883466306,0.05556761287398535,0.06154261651661079,0.036216326443632256,0.003995259141514782,0.042486289304049234,0.017598510975636087,0.05533928832836793,0.01687204863438606,0.09983712652574245,0.023110799935066,0.08420501729394361
2025-08-19,0.0833001302566518,0.017196755432937673,0.019775327130607027,0.04210453364299871,0.10022422729111702,0.07410985557179763,0.08229081336620234,0.08432661343276535,0.05638451084772614,0.0628337990148842,0.03664202275486197,0.003756247751377935,0.04208139257896298,0.01675594046250172,0.055854684664851655,0.01582368765583073,0.10164925276984739,0.02263337916685917,0.08225682620721862
2025-08-20,0.08395218803306322,0.017763166923263036,0.019499231777522344,0.040176674603707455,0.09929817354453246,0.07433677671856855,0.08159731233904523,0.08474815962347466,0.05701174917053158,0.06298524867766889,0.036517817826530616,0.0039611697619122204,0.04201534080905023,0.017060014690722186,0.05621057592927598,0.01638511290112119,0.10239916929682787,0.022160843963803162,0.0819212734093792
2025-08-21,0.08411833408427272,0.017998393860486732,0.019841305100488267,0.0409675916858543,0.09930777261620924,0.07445784511336101,0.08132447605487804,0.08481897275389841,0.056990110241892156,0.0630446403055245,0.03645434841025051,0.004008308950328435,0.04159320230117944,0.01732876332406471,0.05530572537170144,0.01630208763270657,0.1026821527226129,0.022144860088314195,0.08131110938197637
2025-08-22,0.0839111983356728,0.019266889258225534,0.019362176803168527,0.04252519193674452,0.09753166890507325,0.07449027074565202,0.08207256484852116,0.08541120704530045,0.05643850054464697,0.06281513452914353,0.03737775868713969,0.004192675034248249,0.040931262867407156,0.017961598514842657,0.05499249403754105,0.016899391145285856,0.10149590263695213,0.021793411862343584,0.08053070226209076
2025-08-25,0.0836930972158128,0.01970998870540251,0.019442215953727086,0.042852146405053554,0.09837368516579484,0.07283391618196243,0.08204520277949341,0.08568006612479559,0.056714477683020834,0.06272495580610124,0.03680020205322151,0.004193326247204277,0.04111275855131874,0.018268933778037833,0.05463868910864998,0.017428636284413306,0.10068291730689366,0.021938429880544154,0.08086635476855213
2025-08-26,0.08261598761853886,0.01978259807921973,0.01970796907667132,0.04330669801694685,0.0993198175063639,0.07171306124835852,0.08233503305754877,0.08474817269454256,0.05646534978080038,0.06187957426668841,0.03629520875494421,0.004677721868130866,0.041151849172400945,0.01889579406731988,0.054688398621365486,0.01731339070089118,0.09969544856621952,0.023133771417541967,0.08227415548550662
2025-08-27,0.08269853504016036,0.020097828118423814,0.019577343594512707,0.04255881974679379,0.09899330904792161,0.07222172728322233,0.08306137490086851,0.08567376590577108,0.056332178647322956,0.06174695925642605,0.03641883638981107,0.0044212401233832774,0.04161548135413658,0.018581597813762455,0.054196802773851624,0.016884884838942727,0.09973708257504953,0.02326863510628367,0.0819135974833559
2025-08-28,0.08164560463171816,0.021610737704857094,0.019533400916790365,0.044316986774333315,0.09985527388316179,0.0714472821629412,0.08229248039011297,0.08486879119444975,0.05530960805048804,0.06071675483413298,0.03638521343704417,0.004655865308418632,0.041671509257097464,0.019714017434230697,0.05388023370774735,0.017485086842151002,0.09839529517122411,0.023629438433716315,0.08258641986538473
2025-08-29,0.08218206669028348,0.021149918592574493,0.01934254223589288,0.04421431991773328,0.09758188595781918,0.07250847256701576,0.08291995890081162,0.08599921564352536,0.05603340324217069,0.061431556439104334,0.036961159796592084,0.004545769159910452,0.041340272613080195,0.018884805914891233,0.05441980432459634,0.016817174186125994,0.0997950074030233,0.023380430491502496,0.08049223592334669
2025-09-02,0.08242066570243138,0.020734341433988116,0.019326964707069,0.04357124942655208,0.0983730971131825,0.07238089407683751,0.08148439063401353,0.08530813721224868,0.05618413863255236,0.061675791952692106,0.03624883378589109,0.004665812884239112,0.041654069044806126,0.019080279048983642,0.05468574219753444,0.018272681528360278,0.10060104804073267,0.02341620867812952,0.07991565389975575
2025-09-03,0.0821905570174925,0.021145381752624513,0.019389593335456125,0.04449661044607817,0.09857844902266902,0.07198416193808382,0.08060600788588397,0.0841401347175673,0.05593037228012454,0.061569664573329075,0.036286612158502325,0.00456768616709168,0.04208314266034272,0.018706399613642115,0.0542822855526284,0.019779932830753195,0.09996835979019594,0.023516654019968122,0.08077799423756633
2025-09-04,0.08104186939720373,0.022103874918934112,0.019729978678187352,0.043963257547426686,0.09864678063466363,0.07174903792910968,0.08118486635644608,0.08468902075677313,0.05649680042185267,0.06142288436415733,0.036790473762278335,0.004529850897408147,0.04234684301675878,0.01800298382083715,0.054477830654639334,0.017632072664362165,0.1001174729928901,0.02366682377818583,0.08140727740788581
2025-09-05,0.0809402121317199,0.023060944152643675,0.019771524431045902,0.04381900540724279,0.09653826791219147,0.07121088636391222,0.0816316315699807,0.08570187864761712,0.056412020339051516,0.06176190942306566,0.037320483185893455,0.004678699231081686,0.04236229974464714,0.01809158990978364,0.05424926821628804,0.016949552271649005,0.10030751739138676,0.024292475278966916,0.08089983439183239
2025-09-08,0.08112007805501072,0.02173726867368652,0.01991969569149745,0.044958018956527665,0.09632359418958232,0.07146851059894473,0.08125890443858132,0.08535828288403684,0.056233999251684784,0.0616140820876756,0.03770528895872441,0.00470353534469514,0.042744810759915805,0.018480999560670376,0.053995054553692086,0.016767946029045775,0.10003175211790825,0.024086419327882542,0.08149175852023777
2025-09-09,0.0805802449763938,0.022087776215861117,0.0194673790893705,0.044408813087790835,0.09570536759675959,0.07154335474229313,0.08147028715988633,0.08560008410833525,0.0555446700349349,0.060846025493643756,0.03890918306341925,0.004950890021601388,0.04344519234258973,0.0190876911705571,0.053175971878882754,0.017234873160841838,0.09899941979963932,0.024115801296330834,0.08282697476086869
2025-09-10,0.0782744080900806,0.024550340417077546,0.01935224958542533,0.04431754156468552,0.0988454718330344,0.07021084304654401,0.08396373516410693,0.08335107766106958,0.054868244540635124,0.05943169524453659,0.038101697088567796,0.004825109322460741,0.04468293022790835,0.01846287262207688,0.05273382006923704,0.01627743973328977,0.09659362530293973,0.02423988089898056,0.08691701758734334
2025-09-11,0.07806421067717116,0.026088397664844356,0.019702316869698422,0.044273548306855835,0.09769395525522125,0.07045041617399293,0.08376446460569842,0.08462571413479102,0.05539843293938639,0.059326192561896675,0.03842205121877413,0.004909782185827836,0.04348625565074218,0.019873792814951927,0.052594705088789696,0.01654757196668204,0.09655885822154342,0.023998888986150088,0.08422044467698214
2025-09-12,0.07821628686151685,0.02591841755643087,0.019403428382502034,0.043062928472840274,0.09892548558267635,0.07014211994980164,0.08281959218551285,0.08325349100834221,0.05539638314924359,0.058854936493516134,0.03739839936014978,0.0048470289489220926,0.04516860017049564,0.02046736468143808,0.05276921761256642,0.01700540042095217,0.09623634703438182,0.023965180410144955,0.08614939171856628
2025-09-15,0.07660159109943042,0.02540801175479009,0.019759570741547595,0.04679615464562755,0.09929788399983197,0.0695855044127857,0.0821432707107754,0.08217180750741465,0.054402143727021096,0.05793304748908598,0.03799192555017305,0.005205210067501904,0.04472799543692374,0.023290322013448002,0.05206825702242475,0.018011523437928015,0.0946680585914851,0.023748536581692393,0.08618918521011253
2025-09-16,0.07616690040717593,0.028196203226536782,0.020319858325105734,0.04414620163799198,0.09850590000862346,0.06923978911761783,0.0828085045956035,0.08205373024193872,0.054031551437565106,0.057847651111761905,0.03872344626926667,0.005073178498782069,0.04486026666870055,0.023676311025102672,0.05169224136338496,0.017423222161238903,0.09508341331230592,0.024338492138409072,0.08581313845288818
2025-09-17,0.07666169675000375,0.030646748394162926,0.019366984981765444,0.04499713407684411,0.0978247673754316,0.06951651997921961,0.08143103630568467,0.08213863930142792,0.05398476425134731,0.05853917146570096,0.038385800162973355,0.004996940928839365,0.044995403715662664,0.023472874892456405,0.051211665599292695,0.016886273178085758,0.09533451934772594,0.02425894933847915,0.08535010995489632
2025-09-18,0.0753283086911984,0.030935269712429356,0.019872272464733866,0.045098482668953575,0.09771066756328213,0.06914030554895674,0.08100600211967618,0.08218600214063619,0.05338934752726194,0.05792222209285521,0.0379299950264888,0.005659885916455556,0.044576685790348805,0.025737422038615107,0.05131480700585337,0.01767185414752916,0.0945161790582736,0.024515134871994103,0.08548915561445787
2025-09-19,0.0748966320202961,0.024879999087639812,0.01938398591741119,0.04275263818789255,0.09999999999999998,0.06638233269994075,0.080684275859075,0.09779037308007422,0.05294883899497098,0.056159671443238614,0.036164729597728984,0.005505776708044395,0.04370611272886597,0.01807863056550783,0.05179088978282073,0.015790879670835065,0.09999999999999998,0.02418475704979517,0.08889947660586257
2025-09-22,0.07372751064279975,0.024865875768059837,0.019488321882347923,0.042103970214069364,0.10327301662034848,0.0653185562863817,0.08068208235664728,0.09719522035668339,0.05246866801778229,0.05526214964967576,0.03724156502543898,0.0056287198107693405,0.04476139981502614,0.018435606342808768,0.05110903712744748,0.014950768218466994,0.09903064118068501,0.024148557397352118,0.09030833328720944
2025-09-23,0.07503044056593336,0.02246730756081888,0.019599437733574893,0.04271639472919404,0.10085494714408025,0.06720614336786461,0.08096664541662839,0.09848742035438066,0.0537922288751982,0.056752428408568825,0.03739100370021674,0.00558990790068367,0.04416166325558949,0.018882984398408024,0.05174682975581248,0.013932981151200105,0.1011907394684475,0.023982655144857444,0.08524784106854244
2025-09-24,0.07629376995652119,0.020290541392569823,0.01947736155193806,0.04124844483424758,0.10267518062169953,0.06776834579171764,0.08082187259523937,0.0978324601964456,0.0547819206091121,0.05733369613722167,0.0367286184012037,0.005182375312280764,0.044123147759546004,0.017526363722069505,0.052400677167784925,0.013417737254592296,0.10302073663575763,0.02384498475555571,0.08523176530449698
2025-09-25,0.07653107118830679,0.020383559407065512,0.01983986077668473,0.04305691110647241,0.09997896911458103,0.06707239752334747,0.08146471152952921,0.09820217913798683,0.054686885659671725,0.05743483836894464,0.037016186902085545,0.005898361528017361,0.04395511374121296,0.016132890228658818,0.052044351425921606,0.012917259904027822,0.10348875200132195,0.023796398335651853,0.08609930212051181
2025-09-26,0.0765598521987872,0.020660636097232874,0.020110748281327223,0.04253744183176482,0.10042362110537098,0.06708648790558382,0.0806054501019863,0.09805244107358721,0.055230268449792806,0.05717480870018873,0.03664424885992081,0.005706405033742291,0.04494506551425481,0.014794721977011226,0.05237201344557009,0.0128599097900924,0.10320781298935948,0.023554049436392277,0.08747401720803458
2025-09-29,0.07714909633886674,0.021650036037237932,0.02029927434430389,0.04207718967833093,0.10142276570899503,0.06787386344223212,0.08015273558988964,0.09710713746260528,0.05612720278709976,0.05754085358164179,0.036492420892838516,0.005923128334473019,0.04415438033044647,0.015620521972562982,0.05295218079203225,0.012949647475908726,0.10269325222184715,0.024126202688658973,0.08368811032002868
2025-09-30,0.07869895005950013,0.024757635460929926,0.020492154258269567,0.04156687534927662,0.09937593505559456,0.06778288937201583,0.08098811702619256,0.0968128829529236,0.055637073782565924,0.05823327803898374,0.03690953027605699,0.0058008751889826035,0.043038012164854075,0.014890414110384794,0.052958002103982604,0.012151781424691291,0.10316738438417483,0.024309230807932958,0.08242897818268738
2025-10-01,0.07808724888696193,0.026170720215857236,0.020581120287722028,0.04096852334785923,0.10494578303356723,0.06685589087604224,0.0795890436465687,0.09473230293196139,0.05519575524076135,0.05770998584790979,0.03667415872661392,0.006107770528376076,0.04264075545598223,0.015322737297571543,0.051847170812771536,0.012248292649440867,0.10218143775269294,0.02416985472598709,0.08397144773535278
2025-10-02,0.07802644027473497,0.02532840453614422,0.020292418784784643,0.04103823808056765,0.1062516402721856,0.06660186656385468,0.08007741487386463,0.09365912132098704,0.054911183440468365,0.05721472778865884,0.03678623750731787,0.006400678799845755,0.04372380186992577,0.016901902617142125,0.050902306588063766,0.013111958838190786,0.10051220508493217,0.024364512447867685,0.08389494031046323
2025-10-03,0.07788334876661929,0.025805140229915896,0.020233597583742158,0.0407097576788995,0.10627592979263428,0.06659627571997558,0.08069445082282922,0.0940002225852016,0.05558499035123587,0.057251166994563396,0.03703244796870848,0.006252355650535561,0.04317624987653692,0.016596201524988054,0.050803976706369054,0.013217309320616962,0.10047574068621118,0.024400202013464625,0.08301063572695251
2025-10-06,0.07838317074024956,0.024670065760049195,0.020599401709223315,0.041005689184421774,0.10658458619704396,0.06604911674876839,0.08034917491918044,0.09460918449658987,0.05637068947898486,0.05726608383579968,0.03730577784244177,0.006421680935312727,0.04222899912108094,0.017909077698239424,0.050309106530485995,0.013718298898149711,0.10071737205530364,0.02380902504414817,0.08169349880452643
2025-10-07,0.08032400322266012,0.024479975478411287,0.020646439181681474,0.04166510553100108,0.1051317425471837,0.06557017743400728,0.07975415067621666,0.09451866905591816,0.055666233824714,0.0588333499087059,0.0372019514845211,0.006721765688717224,0.042032188185529014,0.017395040237853272,0.04963286307317625,0.012870624292193248,0.10200798456222541,0.023911438510704347,0.08163629710458033
2025-10-08,0.07944977449291224,0.024667230723096414,0.021009912248164904,0.04107687225471293,0.10773272397739805,0.06454275642421023,0.07841926143773098,0.09549968317494438,0.05545516535088086,0.05794810612909834,0.03666619189679354,0.006531228215524356,0.04280023471119502,0.01728974876681761,0.0498988560778354,0.012391455868574538,0.10062499615218112,0.024466960726034905,0.08352884137189406
2025-10-09,0.07819449056739591,0.024265297391363606,0.02075570414367874,0.04110161983123373,0.11071273212533718,0.06387338810106713,0.07850765794279506,0.09554779944864218,0.054564494369390225,0.05771233710487571,0.03632865217715606,0.006627568330586876,0.042758425563318485,0.017621585287204762,0.049403260209115604,0.013116244486429597,0.1000740205746836,0.024300644351429087,0.08453407799429632
2025-10-10,0.07949480242798009,0.02468125534700595,0.020480803054882625,0.04171468347791903,0.10806867339083631,0.0656338619891205,0.07671657486499905,0.09610008450899261,0.055203206804374225,0.05914199815770992,0.03579892798641306,0.006581340749132176,0.04144849757313412,0.01904994449150943,0.049708560632705324,0.012868967518603162,0.10389893422737312,0.02297789389626214,0.08043098890104723
2025-10-13,0.07698742447520354,0.03032956130968798,0.02065909353458979,0.04303371655637368,0.10818447277026008,0.06408552106582344,0.07577062805599255,0.09392194837735082,0.05385521807880809,0.0571090762277004,0.03490709760412955,0.007030127302696318,0.04227727904615459,0.02150629957652848,0.04889166211007522,0.014308893835891384,0.10063366097391936,0.02343322775856962,0.08307509134024511
2025-10-14,0.07741059536234865,0.03121950371917588,0.02099902857906339,0.043163900645794714,0.10999655307868791,0.06373952813952609,0.07528611361905141,0.0944328608086284,0.0539311715068153,0.05727472032632145,0.03493988655299535,0.006935143997476859,0.04114497530249232,0.021700978686975323,0.04888811111408321,0.014428404303274286,0.10141407226520253,0.022288872138306617,0.08080557985378042
2025-10-15,0.07621164208995643,0.03136058126276935,0.020787349167877688,0.042569099444448505,0.1119927826535933,0.06287152868605428,0.07547558810650587,0.09346070956343915,0.053598776377039595,0.05688352282160839,0.03518496026586611,0.00747029510134914,0.041879159618578646,0.02105019347585274,0.04942441229828272,0.016586680708454666,0.0997895607274405,0.021819715546461255,0.08158344208442184
2025-10-16,0.07653430512107356,0.03136964916044647,0.021604482341569368,0.04206474743745246,0.11156898711782254,0.06257446423894615,0.07593543941281895,0.09358286725214555,0.05340242076286161,0.05705530828813168,0.03567160642526546,0.007207814780100192,0.04205275045961116,0.02014820170245272,0.04984261766780998,0.014968810914766765,0.09977095326675026,0.022205139897306197,0.0824394337526689
2025-10-17,0.07755503460304544,0.030816927104736297,0.021257004818736755,0.04051158724504547,0.11020407574114628,0.06337133744046651,0.07639904051216558,0.09498512433735837,0.05397587933067773,0.05834784377338782,0.03571605213027974,0.0066742956317903685,0.0424293605702927,0.020576138931878055,0.05076346127264761,0.014100892384610467,0.10047878156561124,0.02187607648229035,0.07996108612383317
2025-10-20,0.07815617469903488,0.030257778380595825,0.021896770326182296,0.04038141608646092,0.10597223319715844,0.06460157001338693,0.07685259007971007,0.09679018903958703,0.05471329217991447,0.05917563401014043,0.03631647804303113,0.007067895212585194,0.04210517005857999,0.020124666522054097,0.051063148789772674,0.01414780067880388,0.10086527680005843,0.02202059794522159,0.07749131793772171
2025-10-21,0.07958682809541569,0.029608898040705853,0.022074208298695212,0.0397499749279974,0.10500788197900388,0.0653535374122343,0.07797324376329375,0.09846092312046904,0.05531498360055815,0.06016758362909273,0.036624953777224974,0.006796676273680923,0.042140300850271185,0.018005114408326625,0.05112840363693617,0.01254737603517275,0.10229336141951775,0.02114004502726397,0.07602570570413965
2025-10-22,0.08030600277988298,0.0270390329867489,0.02076467241619873,0.04054293571133613,0.10347088671570948,0.06610912757733681,0.07919770069016377,0.10036179383646321,0.0560821781546783,0.06093138799092264,0.036814459918929274,0.005703431751143321,0.04173575051503798,0.015672975501874527,0.05204267797606549,0.011473222123946369,0.1039059131724687,0.021300671713714407,0.07654517846737904
2025-10-23,0.07860298807365179,0.028710833869620183,0.02144827152782483,0.041366873193421236,0.10695608910893432,0.06505627678590838,0.07944587776154209,0.09951708486645947,0.05523088305928373,0.05954305970673931,0.03638167547507551,0.006192920961304464,0.04211744502928117,0.01607735495140275,0.05080161531987678,0.012279458945814203,0.10122071556692518,0.021182871948098224,0.07786770384883628
2025-10-24,0.076572250027844,0.030482448930353536,0.02130167714052294,0.04123757255959727,0.1110472990736515,0.06388219571204448,0.0793041946781426,0.09809542574843129,0.054429785691736086,0.05866166656227019,0.035969235667213044,0.006740315485366347,0.04275119484036692,0.017132505492204502,0.049779915449170944,0.012023135477265403,0.09853198117450326,0.022002697021536646,0.08005450326777894
2025-10-27,0.07689056863547922,0.029984839228047348,0.021382016091033042,0.0405492463009414,0.11162312411795657,0.06362436051120658,0.07887167820319942,0.09846204245064605,0.05488016059120807,0.058720525678452755,0.03638540321690829,0.0063346231271710265,0.04333593707651562,0.017301912372048478,0.05000063279116128,0.012331918643840967,0.09813578120240715,0.021975615539216994,0.07920961422255977
2025-10-28,0.07652284031871583,0.03153608097085973,0.021898736851370032,0.05036997989126121,0.11053355378948122,0.06284447003772588,0.07758093629366757,0.09604241621082717,0.05394249732338856,0.058660543672804884,0.03579704497165226,0.006473951843504561,0.04368859576474677,0.016783180991146337,0.049025700636379975,0.013505928709563202,0.09718356572060388,0.021374867490276374,0.07623510851202446
2025-10-29,0.08006795636859533,0.03668686421786157,0.022218514138829148,0.04955883812349854,0.11331960030638343,0.06132737826529734,0.07342845065179801,0.09232441515591285,0.05340574742955228,0.05723746837147994,0.03439212700914458,0.006812867589787305,0.04445364002262473,0.017928650023272256,0.047750551696918046,0.013662346854661913,0.09546061993059204,0.021344058384646956,0.07861990545914371
2025-10-30,0.08038462062586994,0.035297396617903334,0.022357185258822746,0.048945782421792504,0.10895008374171593,0.062211522642923935,0.07546024839945614,0.09707099630729331,0.05407809328835761,0.057413899043984536,0.03456851260533741,0.006748647256797818,0.04340459022498503,0.017286838481677315,0.04836304109682887,0.013443892203712714,0.09763572218178845,0.02111318113408637,0.07526574646666606
2025-10-31,0.07969608237283467,0.03669501298644946,0.022450116337288495,0.04796427005625709,0.10786197237366002,0.06161985713958347,0.07565406243219869,0.09902266285708414,0.05431950234289316,0.056487953048101336,0.035295581158445104,0.006505048456776793,0.04325776668719847,0.016784598079269467,0.04843310789055997,0.014335467368022497,0.09697329946805584,0.021618180749295036,0.07502545819602628
2025-11-03,0.07926950300525219,0.03936779600775219,0.022620942574643924,0.04721672611711415,0.10778262433797275,0.06130003797420378,0.07613428386790815,0.09720623090063643,0.05459223433359962,0.05654160661977583,0.03547102538291999,0.006046392914130616,0.043830310841059594,0.01597101654200504,0.048747893878038004,0.01302235365046294,0.09579376162399393,0.02231831335691951,0.07676694607161128
2025-11-04,0.08128960534334831,0.03648310640208167,0.02146977903142399,0.04644297197625127,0.10584926812388676,0.0635316315205524,0.07618339329429885,0.09910618731374729,0.055480829829926324,0.057981667692775574,0.036119144755859665,0.005899564923014495,0.04314721774027657,0.014458550430861836,0.05014725547837622,0.011618126612478203,0.09753063137463873,0.021810736252522753,0.0754503319036792
2025-11-05,0.08073244836222684,0.039796630741846764,0.021213310372699752,0.04551827401935251,0.10577868706145949,0.06381190461155974,0.07523216773653414,0.0980063364620981,0.05538885042442665,0.057547581529366336,0.035038172448156976,0.005856003246138776,0.044403631795522806,0.015580943018963574,0.04883998419144674,0.012331408257623662,0.09593039274482335,0.022196720086232784,0.07679655288952085
2025-11-06,0.08173556804795691,0.039188722622580136,0.021078442656360778,0.043741208306624285,0.10375636991478018,0.06558803957496938,0.07714763620737414,0.0990347013117952,0.05586523668658228,0.05783673245574581,0.03570254570440359,0.005040971887198896,0.0441971953505048,0.013932729436475746,0.05115150987394445,0.010704474063363707,0.0967547306031949,0.021550019397144266,0.07599316589900049
2025-11-07,0.08192260935959632,0.03820630146059301,0.020723944745421826,0.04407797218976129,0.10449972038600096,0.06585558186884614,0.07682980609905306,0.0983195128864361,0.055947097543043826,0.05763040469746745,0.03633924141755926,0.005267185262710704,0.04422345928804543,0.014504367096363243,0.050981057324104816,0.009884864979098325,0.0959937827771179,0.021286028326445536,0.0775070622923348
2025-11-10,0.0828490525129595,0.039404417819121317,0.021334324428621716,0.04514977735927898,0.10536787954095822,0.06520912296433197,0.07664925474090098,0.09890450635303209,0.05600623390400418,0.05682038154821855,0.035802259419138754,0.005231671331463345,0.04283001334408504,0.014376274225219324,0.05105077980765657,0.009262936730120068,0.0954845682177329,0.02171107896384381,0.07655546678931262
2025-11-11,0.08429504353001063,0.03651053094303002,0.021321850243466268,0.04502688411896045,0.10426690664505364,0.06658047024112752,0.07756613470131382,0.09957830286194597,0.05673807953117152,0.05770214058431093,0.035927883125523946,0.005053368408740568,0.04249872448391828,0.013643763336783294,0.05215584981142632,0.008853348047656646,0.09733856355413811,0.020985272924119575,0.07395688290730239
2025-11-12,0.08426732773331519,0.03644550567823515,0.021442623124157276,0.04504818127258366,0.10503949514167012,0.06681021872158203,0.0754527421800134,0.0987511940893212,0.05659786824178754,0.0583564952050255,0.03486957492691811,0.005048701651879242,0.0440893867993064,0.014572467500686949,0.052077565330562604,0.008596585207212591,0.09824958353847915,0.020604148781850056,0.07368033487541403
2025-11-13,0.08669467990978966,0.03091278788788503,0.020087904535495936,0.04348401125603627,0.1034967930162336,0.06884655654949458,0.07562210988766702,0.099168136219219,0.05747860383605168,0.05995610581279891,0.033700373413619346,0.00482561832924853,0.045088774490371394,0.013834772973752386,0.05330288171110714,0.00796499502155585,0.10125449720463597,0.020680358465089893,0.07360003947994785
2025-11-14,0.086219869931033,0.033260659232456066,0.020048667132620067,0.04267960409496975,0.10393342580783213,0.06824668270487222,0.07535618015455238,0.09876576522178084,0.05766818774236384,0.060420187865297716,0.033626577722982,0.004737106622893587,0.04461338588029409,0.0132553222574779,0.053432531942084055,0.007699219734580741,0.1003412348631736,0.020942103017506424,0.07475328807122952
2025-11-17,0.08814417019725435,0.031922202436663896,0.019889075272936554,0.04186436487343164,0.10423601706728157,0.06942119052978575,0.07528438718560597,0.09782747289285319,0.05808674532763188,0.061407339150695225,0.032691970686905034,0.004678760908411551,0.04417122691918369,0.012970338036978085,0.05331946541794138,0.007235831546682431,0.10043827570746534,0.02144786328786059,0.07496330255443193
2025-11-18,0.08788850231319051,0.03125403539877013,0.01984335985414869,0.04198121864770412,0.1042590075261696,0.06927023858106839,0.07606436740265332,0.09804998286743727,0.05735064889336114,0.060996632985673586,0.032867644997538366,0.004676917675932211,0.044995614309961636,0.013119008408322114,0.05315756866228282,0.007390253602722813,0.10043916063127199,0.021759821947992503,0.07463601529379889
2025-11-19,0.08625815974995768,0.03231739873416526,0.02023723674479753,0.04332084458716688,0.10942354245749175,0.06762005891508328,0.07567669454945289,0.0958290950434111,0.056876779290892035,0.059724788224875154,0.031791078652124306,0.0049979379361905635,0.0454690380614909,0.013913507753682088,0.052144013278913465,0.007223638599043716,0.09819758534573117,0.022591762343751435,0.07638683973177876
2025-11-20,0.08787753003304383,0.028380969952801073,0.020212618975650444,0.042226888222178405,0.10858730477642388,0.07007217141782815,0.076764961563655,0.09673150048527514,0.05791744081819657,0.061020488833414585,0.031196985346742832,0.004671603645039041,0.04430137354310065,0.012193045802889631,0.05323659973524787,0.006556179822078497,0.10019363551485895,0.021896924191133475,0.07596177732044201
2025-11-21,0.08826466108788675,0.02751391968178451,0.01966147505755759,0.041105354873386304,0.10663959604062732,0.07117511693114471,0.07693346140965031,0.0973882899252851,0.058414997569411195,0.061806712452860645,0.03214762138404267,0.004705464862932584,0.04418350191996846,0.012286019718624351,0.05383543640833312,0.006551918498610684,0.10147980086280795,0.021842363535966275,0.0740642877791194
2025-11-24,0.0873249666315339,0.02860455452648839,0.019833482429869986,0.042271297083967464,0.10942527597694772,0.06983733662716872,0.07622302741980648,0.09618101867489788,0.05831484561994455,0.06116308007615435,0.03139177489781677,0.0047654078346069904,0.04536737128878746,0.012225345775248607,0.05332060014743083,0.006879013698354695,0.09928104225038906,0.022208867805363575,0.0753816912352227
2025-11-25,0.08749123005586756,0.02839563714202592,0.01997162654035292,0.04453215514254785,0.10933776771652536,0.07019199080848065,0.07581907475399619,0.09519711138891569,0.058507349724930414,0.060918747626779735,0.03190084047363594,0.004784663137759562,0.04481084764674367,0.011771825165832367,0.053627332868826094,0.006501803705895573,0.10003427569652279,0.022268489724455814,0.07393723067990587
2025-11-26,0.08675841376640987,0.029974538879995457,0.020006219923531493,0.04449402644590663,0.10965924457876776,0.07005212493875301,0.07530876308859077,0.09380264042581817,0.05826871522415518,0.06088200909182435,0.031529287352275545,0.004817525777884228,0.045300714535009064,0.011976865902158608,0.05341080473231916,0.006503079406123869,0.09929774567459114,0.022664049610355643,0.07529323064553002
2025-11-28,0.08660568756674093,0.03199709670831807,0.01983713081262261,0.04391938220503509,0.11014451014925039,0.0695954848323952,0.07513231322233874,0.09329956097144623,0.05822438287123686,0.060984631404714,0.031246679676627667,0.004842820283942081,0.04510715017227147,0.012220939129344766,0.05301169980021563,0.0067570050699276105,0.0992447301415519,0.022532486257653226,0.07529630872436756
2025-12-01,0.08675631892850627,0.029817767491683505,0.019988684511258615,0.04469620922167324,0.11167066589392699,0.06937584993017382,0.07549178200518446,0.09331200829154541,0.05810231064703679,0.060848333182928024,0.030881200448467278,0.004812909936683234,0.04537773142975317,0.012002450446972924,0.05323223812096914,0.006286917336767359,0.09976647955006533,0.022326480196875824,0.07525366242952872
2025-12-02,0.08596466766496377,0.03168404851341052,0.02016575927351235,0.04510601655288057,0.1132344812292761,0.06898508074901462,0.07560460412915743,0.0926651465815604,0.057211234728691544,0.060023507400384445,0.030894299459674514,0.005113137351353873,0.04494929346853733,0.012630665540752815,0.052791552369900255,0.0065830493148824045,0.09990577277729601,0.021647007265084697,0.07484067562966636
2025-12-03,0.0850729366462318,0.03091795249747348,0.019964150135437845,0.045683180784396975,0.11241858010451551,0.06853788146265445,0.07709247560690871,0.09333359353994578,0.05794429762873309,0.05935910521948587,0.03142029766934323,0.0051515873819313746,0.045665550387499663,0.013280622443279315,0.05265549655026531,0.0070097722137836115,0.09864206458599052,0.021473655597985163,0.07437679954413838
2025-12-04,0.08387192557702379,0.03512483182692483,0.020100592462563197,0.04737431387417801,0.11310624262640573,0.06738434986438939,0.0766785993320729,0.09116648465304654,0.05727108445241464,0.057701891228524545,0.031242214635308206,0.005079733699143651,0.04575109934771506,0.01513336478579173,0.05205319588843231,0.007837715200010321,0.09655837757251937,0.021319104658668733,0.07524487831486709
2025-12-05,0.0845342087075921,0.03591046724132938,0.020300560305358203,0.04651176685129823,0.11177940366009098,0.06666562914488636,0.07939089314181685,0.09431496842493971,0.057838500015318074,0.05827482571517191,0.031392572307135755,0.005107023802462211,0.04453746351716736,0.014354435426693249,0.05195523742427642,0.007421995445169085,0.09658329800218665,0.020777393237560626,0.07234935762954695
2025-12-08,0.08384919060347568,0.03394027467619981,0.02057334902839808,0.046708403634612136,0.11193662095005866,0.06715832066531997,0.07957186426306682,0.09472872358501147,0.057505026229763036,0.05811850903430911,0.031673614396787085,0.00520251843158352,0.04523468577678638,0.014478926471619956,0.0518295676137193,0.007548563360041938,0.09655083350689321,0.0209159800511575,0.07247502772119627
2025-12-09,0.08400412890088106,0.03317227366072231,0.020385905398101725,0.04788966139636322,0.11226131604556043,0.06704693770585594,0.07892558130992235,0.0947774382052479,0.057599669514945974,0.058584337842564484,0.031880624554854714,0.005106008463232167,0.04585731659381547,0.01434950245524145,0.052091314710775743,0.007440412767191398,0.09628229131677282,0.020584624309580517,0.07176065484837056
2025-12-10,0.08325624288073558,0.03089927233513909,0.020823104381365063,0.04845845472255744,0.11404783567950309,0.06710090629427654,0.07787317894445969,0.09468097730208093,0.05807285177099096,0.05836070979551272,0.03224896236142791,0.005150609563263701,0.04658962603026442,0.013991955954490085,0.05207054423091864,0.007156033404422605,0.09540570817706709,0.021347886768894944,0.07246513940262944
2025-12-11,0.08174365338959169,0.03264496986517859,0.020822839483939173,0.04848387015644166,0.11702402289032286,0.06595060198819264,0.07614066341747083,0.09534689912483511,0.05697330597642741,0.05703397623388471,0.032591840395899734,0.005200726327208737,0.04637799274614564,0.014066140866185548,0.05121112638176156,0.0073270899236851685,0.0943472814902615,0.021547567639087693,0.07516543170347974
2025-12-12,0.08400792570386538,0.02924924721525845,0.02043854998295281,0.047731076187020466,0.11193829176557483,0.0691953231735611,0.0757735476574114,0.09760749210154544,0.057984578289005835,0.05934156654796119,0.03173724573432538,0.00489165770501391,0.04514296552572968,0.01229504172196757,0.052665462503847085,0.006523889884975196,0.096738215399017,0.021404478307070932,0.07533344459389645
2025-12-15,0.08495415710843364,0.02748617993574268,0.020303863333999844,0.04667007339962433,0.11322721001440457,0.06956201850454409,0.07516146885355425,0.0987656426754542,0.058700686625018476,0.05952006896487508,0.03128780170480943,0.004486791916066966,0.04459523740098094,0.011526145830422125,0.05367744990100417,0.006160834257654759,0.09821969872404172,0.021445719457432372,0.07424895139193644
2025-12-16,0.08413081175620712,0.026929433357675454,0.02019420772363273,0.0453085539602936,0.11600873843597018,0.06905661445498902,0.07397250373284699,0.09846149478094594,0.05816921375233936,0.059419844164972126,0.030778447480469942,0.004623590723336151,0.044703664752817104,0.01171123977239635,0.053275919075976126,0.006068386876950811,0.09795643218864128,0.022592802484330852,0.07663810052520892
2025-12-17,0.0864432142758254,0.02427049100784893,0.020091536944124903,0.045334503508861555,0.11100162548819645,0.0717924068227384,0.074917529770346,0.09961527334213816,0.05906114826847417,0.0616508995595152,0.030980475452083437,0.004448685107089194,0.04279711997662469,0.010921395584171387,0.05462525490974959,0.005721630244698546,0.1021091220898317,0.021638473758137926,0.0725792138895444
2025-12-18,0.0857206163830383,0.024915565487870325,0.020084608061893935,0.0460509104022084,0.11568450892360035,0.07065542887038095,0.0735294098427924,0.0975821268980807,0.05838258045155544,0.06072307393723988,0.030270341557359165,0.004550862930311416,0.043588299183426396,0.010998347507004317,0.054271166527304966,0.005650828730488207,0.10070212278129062,0.02251448698503238,0.07412471453912178
2025-12-19,0.08069078305194557,0.03631697573278183,0.020815784104708718,0.05175814261978096,0.1,0.06775461506945299,0.07381398774509335,0.09613507007964012,0.05594166748498658,0.058320366866226346,0.03219685582361709,0.006365258106132002,0.04421468016722932,0.01978095165800363,0.051030269108895174,0.008254463925272355,0.1,0.02211378270542883,0.07449634575080527
2025-12-22,0.08046235397202223,0.03755381801056188,0.02095031382258347,0.05252736793595065,0.10023680479085928,0.06497553244707784,0.075178109380329,0.09570324697141205,0.056040788927127376,0.057934135762571545,0.03243975915352039,0.006331619136266831,0.044239799619037304,0.01970523423079453,0.051274882562668406,0.008405171091272479,0.10010359723269173,0.022367845886459202,0.07356961906679396
2025-12-23,0.08049544118960382,0.037132691104310785,0.020793111266077358,0.053305566025472394,0.10082910692274634,0.06576042850770268,0.07516777240993132,0.09561841420216147,0.055989782286192606,0.05760294032199585,0.03221411621042593,0.0062133581252396455,0.04436801503689003,0.01929704284527306,0.05087236193844606,0.008146514629225068,0.10048641659169051,0.022410655000042808,0.07329626538657213
2025-12-24,0.08022001320993727,0.03712706259664395,0.020612189095812472,0.05302279801118092,0.10107506571699021,0.06636209885504996,0.07534177959399231,0.094992627928482,0.05596394599982982,0.05741898678848561,0.032316431911817156,0.006233548686271896,0.044895890722703814,0.01901390722662254,0.050831751479209326,0.008142718742009347,0.10087193725439499,0.02249700725276682,0.0730602389277995
2025-12-26,0.08067107108138397,0.03648304093306845,0.0205462500677666,0.052878947262417327,0.10035198986725911,0.06679534269501335,0.07554101533560806,0.09581179545811458,0.05618910379305999,0.057614983606641745,0.03261804253717844,0.006135142639474453,0.04507413274574292,0.018082170519836474,0.050744826741603924,0.007554333940759929,0.10116888396260401,0.02260320310115696,0.07313572371130958
2025-12-29,0.08079539886560579,0.03578862098863638,0.02050721472333914,0.05290903411045561,0.09987991619300735,0.06692051207188393,0.07588601181307585,0.09608502719496696,0.056364941530246036,0.05775761888281157,0.032904062728105456,0.005994536422179747,0.045109091504637176,0.01743342429096492,0.05098011240215022,0.00738756126647959,0.10166683934554048,0.02235583762370817,0.07327423804220554
2025-12-30,0.08099563599413764,0.03538056075282973,0.02038235523719974,0.05207077571610311,0.09954803795119435,0.06673785459124645,0.07626030746487403,0.09671116761771817,0.05658216690413592,0.05812963469784404,0.03323169381068112,0.00595218440396189,0.04497578477739574,0.016869970219458047,0.05114049687004321,0.007293541000939218,0.10178736421532508,0.022290062088995824,0.07366040568591688
2025-12-31,0.08105473243241273,0.03541249585699108,0.020341151483146972,0.05252471352309763,0.09917341492038105,0.06665250530687558,0.07599998284279524,0.09689259253488433,0.0564229820062693,0.05813701676807515,0.03329403488379645,0.0058823511934748725,0.044975221451560986,0.017019552534323305,0.05113090429784246,0.007269496052198209,0.1020139860231454,0.02219690203889933,0.07360596384982987
2026-01-02,0.07948058659198529,0.03927753541410823,0.020893521837736875,0.055222739328426446,0.10033262025790177,0.06578552936124228,0.07429602397584838,0.09433941768454163,0.055894664966740226,0.05714556232859226,0.03257014244461841,0.006451579384404386,0.04580473232290533,0.018009890933126906,0.050307304419937686,0.00816958086842826,0.0995303625231015,0.022930734629359635,0.07355747072699466
2026-01-05,0.07826495641593863,0.041354885246363014,0.02171928217958158,0.056131494685940024,0.09724481658885661,0.06514229207845477,0.0746506649704916,0.09530649310694182,0.05512806230757915,0.056647931353937926,0.03277250712432077,0.007116829880071425,0.04457132995635448,0.02067956688521715,0.04925859524708269,0.009404803106197264,0.09920405779898389,0.022831224212260293,0.07257020685542694
2026-01-06,0.07811754619731216,0.040627409293453924,0.022196833475285154,0.05659838431834964,0.09612808158294299,0.06450802291138501,0.07438529050602191,0.09629762472702913,0.05500419051436481,0.05643424368717935,0.03286514134127952,0.007287640123295723,0.04356062755808096,0.021894649434180614,0.04832219838705773,0.009677438748583232,0.09892194680264621,0.022487874077194554,0.07468485631435727
2026-01-07,0.07878345965619381,0.04342338747343038,0.022326769347221134,0.05880939449189792,0.09371132207720248,0.06397639152282679,0.07496981543446506,0.09685991058935207,0.05489272191733125,0.05649748257979995,0.03441180423220948,0.007717963682196655,0.041429997720024675,0.022797713415904867,0.04869192166992615,0.009843783444574854,0.09946748736997173,0.02187623296822316,0.06951244040724773
2026-01-08,0.08028274344981069,0.0489583990844978,0.022402393611022905,0.059769821980384344,0.08916878320667046,0.06472705983003571,0.07395552979555435,0.09741140657392959,0.054789146569024914,0.05702829434639499,0.0344691928497896,0.006837993379444311,0.03993728506098328,0.022800971089044247,0.0485328933009908,0.009934601711569182,0.10052581249537963,0.02074820942942829,0.06771946223604502
2026-01-09,0.07836429609175945,0.05216865057817156,0.022607386325188463,0.05884800753003637,0.09164244591204523,0.06288049880338824,0.07423111792524721,0.09650388169373894,0.05441615793100238,0.05502511777908614,0.03408598224490202,0.007081987882694437,0.04024366593348458,0.02381560190727025,0.0477473546371986,0.010037677623793663,0.09700804853475768,0.02092030589925766,0.07237181476697704
2026-01-12,0.07817966308035386,0.05325741612329055,0.023207492744379395,0.06010253142059165,0.08989877987670117,0.06336128789489233,0.0739126632464263,0.09454950208948733,0.05439442578705376,0.05453404151909657,0.03422649779829608,0.007159195303447113,0.040095991562304145,0.023155571214066528,0.0477037436837341,0.009634274601391433,0.09672615590034961,0.020841392759923014,0.07505937339421509
2026-01-13,0.07768865164427306,0.054023671015149335,0.02349899448833409,0.059224343071454674,0.08865623849883673,0.06361810334822443,0.07478978895145628,0.09602095920709244,0.05453734053193756,0.054749410802304145,0.03502150631477216,0.006863952442472815,0.04031519182851278,0.02182439974770921,0.04750026102585197,0.009351030367338538,0.09707354132472626,0.021146671468070224,0.0740959439214832
2026-01-14,0.07880945336474018,0.051638783872963834,0.022790640044393386,0.06032875840412236,0.08801517162153757,0.06502601734995107,0.07415985884414276,0.09590822865951659,0.05507012976552398,0.055161505079620025,0.03480386534080465,0.00706588426857192,0.04009741185791633,0.02158680012307412,0.047648199872376756,0.009658843141743737,0.09811270829677472,0.021063089449873788,0.07305465064235221
2026-01-15,0.07810593542773375,0.05286781476211411,0.023382300962504418,0.06023817304305056,0.08911200606401608,0.063884920015614,0.07334665476891325,0.0943810667876128,0.05431101744366374,0.05477132989461203,0.03456717950283463,0.006902146330546264,0.041662508225359926,0.020183465322268716,0.04702796420800466,0.009019913773779956,0.0966594676608105,0.023093637929775878,0.0764824978767846
2026-01-16,0.07889222672119181,0.05705415195154459,0.024000727698558474,0.06252163317404906,0.08082621217793638,0.06503139857599528,0.07514769771898248,0.09491672593127007,0.05502629815434746,0.055779564836468176,0.03598822132964733,0.007512965938417143,0.04016362791331912,0.021055820581515457,0.0472843365653827,0.009699997871254525,0.09729498466728435,0.020592939608812474,0.07121046858402312
2026-01-20,0.07989244563757368,0.05902917043152527,0.02314058535165883,0.0633221985030784,0.07902957348944395,0.06620997079047462,0.07475173430585443,0.09459753993972687,0.05509927954141316,0.057135513494858,0.03532063941132782,0.007306488376222525,0.04006945419399073,0.020313854387884356,0.04815067289776028,0.00928034754783619,0.09903907387579969,0.020135881466997865,0.06817557635657341
2026-01-21,0.07899909622170935,0.0580094805658436,0.02329234529835988,0.06637827316890695,0.07805604018504197,0.06547252127006918,0.07375867176109542,0.09507856618234944,0.05519091437066309,0.056695794867017105,0.03555150105743496,0.006957776416505546,0.04018491014790141,0.020340839491320588,0.047976739472053026,0.009569164107801656,0.09854763900089684,0.020960876066694334,0.0689788503483357
2026-01-22,0.07861698087813115,0.056669009630984556,0.02316999070569466,0.06672969577243931,0.07699446367970506,0.06505764656377198,0.07436445414674504,0.0957125177119012,0.05442738988885232,0.056749181777244175,0.03593319102128921,0.0070070734845274546,0.040734232307716715,0.020569648393490212,0.04820717050241187,0.01010853267971532,0.09766891661324308,0.021466027566947005,0.06981387667518965
2026-01-23,0.07856688507283482,0.05658905159677434,0.023440974456607686,0.0681746183034408,0.07768869172857425,0.06491510751921312,0.0748402063941741,0.09584067751254276,0.05444365791822771,0.05623002644658325,0.03594797660646418,0.006881132634823361,0.04038865186275021,0.019892364205298184,0.047710375637093454,0.009689144371465236,0.09805134488437525,0.02076831077460676,0.06994080207415056
2026-01-26,0.07954337997176883,0.05455609919070375,0.023238202833470813,0.06666981760563753,0.07674691426606495,0.06566560962514685,0.07606107147325183,0.09785782580242483,0.05550879474588531,0.05693626773723496,0.03605728879564163,0.006554531361126913,0.040564258932697314,0.01869738465028398,0.04819943905650009,0.009025680383965643,0.09883246499748422,0.019873884393933446,0.06941108417677724
2026-01-27,0.07881826189654478,0.05834747095219744,0.02348511682528941,0.06786976794244692,0.07607923036421231,0.06529609250733795,0.07526480177739567,0.09616422231297446,0.05533037404102459,0.05614083593014821,0.034536297345921514,0.007048209950552215,0.04137395826667426,0.01898138390674124,0.048074633757357044,0.009245081841146453,0.09759139487139992,0.019988753168479683,0.07036411234215578
2026-01-28,0.07757039907629296,0.06252695384341012,0.023559223849930512,0.07127571330169848,0.07480076708591012,0.06396379895058757,0.07423732803018039,0.0956576547245802,0.054529288108532914,0.05527386555857714,0.034283505245278324,0.007595615518376538,0.04055296412168202,0.02074272729570659,0.047993694236134476,0.009726797930849771,0.09573059741536248,0.020016406209866753,0.0699626994970426
2026-01-29,0.0780479467521164,0.05950315277589315,0.02304207280046659,0.07142199198669609,0.07513742984703939,0.0644383225514948,0.07655865960735792,0.09737596595756293,0.05456557039049281,0.05512267683446309,0.03475289074973924,0.006805799672383054,0.04041603640506696,0.018992943759780483,0.04861216075695416,0.009034970208722532,0.09710948282970164,0.019968072105748108,0.06909385400832048
2026-01-30,0.07972655318116585,0.05842254436783159,0.022886213040312284,0.06704558963752355,0.0745885484385068,0.06482448085543281,0.07719110694253227,0.09829243429604533,0.055376251934334736,0.056537371947395075,0.0350088470558749,0.006396562324960236,0.04079956473130601,0.017891994472020795,0.049626060161113546,0.00848546035482018,0.09897764028099088,0.019546241659179474,0.06837653431865348
2026-02-02,0.07999657321147655,0.06129165406430629,0.023334892575369703,0.0663256742589818,0.07308196617950952,0.06566897125825938,0.0779616908783869,0.09856856502894867,0.055999651329197,0.056274808713430664,0.03447290855350075,0.006235526279972624,0.04051033253947206,0.016783116769142938,0.0491415836727066,0.00812092395238396,0.09919108339386697,0.01940220735754036,0.06763786998354725
2026-02-03,0.08029264163053422,0.06523778817278651,0.023471340722045892,0.06851982726395034,0.07128960618724035,0.06610895760600206,0.07641701739423888,0.09598783317315387,0.05619666181030199,0.05550922232209642,0.033609377735336225,0.006439654164765032,0.040611855019357185,0.017503753212224256,0.049101791460596275,0.008685803110349099,0.09982024305170738,0.019148319774040228,0.0660483061892737
2026-02-04,0.0825532342461418,0.05872345592855217,0.02188282651654242,0.06449653062787485,0.06877145820684785,0.06936691432393434,0.08016685606401253,0.09930274924359642,0.057814071891691944,0.05664816232140546,0.03534694853335619,0.005974940532455227,0.039798654803601556,0.015829931245924536,0.049892427440627746,0.008129397770026988,0.10333449471931483,0.018362167515989875,0.06360477806810329
2026-02-05,0.08369040334136761,0.05500311494520722,0.021789550721732838,0.061922252172706804,0.06843836023194094,0.07021347189316582,0.0798861595710078,0.10081227194616282,0.05832779432921241,0.057950763979982604,0.03518781072309971,0.005796602066885391,0.04024913050598335,0.01454618962126201,0.050109226400654024,0.007520869088780243,0.10517046839679176,0.01897389878495348,0.06441166127910312
2026-02-06,0.0812371873544385,0.05582700713983445,0.022221846886321256,0.06236735113889345,0.0701450275413983,0.06780156412357913,0.08048792940044652,0.10261808981819803,0.057158018795708934,0.056493768051415455,0.03674891563345335,0.0061176526534770185,0.041391176331811025,0.016127431548905054,0.04907231753088568,0.00858077458298706,0.10081039602965468,0.019539398348951915,0.06525414708964018
2026-02-09,0.08001348949523086,0.05948148132741501,0.022480741693546573,0.06512912774546793,0.0717785800341548,0.06666237497441059,0.07945010523576443,0.10199118617412047,0.05630314186023121,0.05506343145516308,0.03663064374248132,0.006300342386063763,0.04136775237854697,0.01672311999491786,0.04857444932293975,0.008507522674035201,0.0982734174107769,0.019690227947631773,0.06557886414710153
2026-02-10,0.07980811662786827,0.05679151826523208,0.02199954451074963,0.06346269893809067,0.0712843299795994,0.06792027223974857,0.07932056174334266,0.10147905057259629,0.057031043383835245,0.05573109707718478,0.03730335229170927,0.006032487747220636,0.041370229001926315,0.015433904417411552,0.049595631209770855,0.008040623292232433,0.0993805258626482,0.01985020151948542,0.06816481131934761
2026-02-11,0.07979416360683605,0.05898678223810726,0.021723252970417894,0.06352508166570503,0.07219712799346023,0.06832055945993849,0.07965842941411685,0.10183636638832738,0.056812804437712715,0.05501215405862705,0.03733303005628716,0.0047380746507097804,0.042146289914823463,0.014597918388760704,0.04975573388361634,0.007417176596145655,0.09876985799473728,0.019512509356747396,0.06786268692492316
2026-02-12,0.08110007697801366,0.051681462978234644,0.021165029122853053,0.06099126221879155,0.07074210202063369,0.06759723195409062,0.08079270716583137,0.11054766368734184,0.05678088538286625,0.05784533678157969,0.03878241230788057,0.004102749507664603,0.04172896023176909,0.013824260832309624,0.04912560648873712,0.006548453736402678,0.09888398319453308,0.019876454975590103,0.06788336043487674
2026-02-13,0.08163574050820771,0.050930707448869746,0.02107996193198001,0.05795790985665246,0.07235967736736468,0.06757733619199972,0.0794194366835851,0.10812273380435032,0.057292146956564635,0.05778190097648842,0.03933879871755078,0.004318784664908763,0.04350144454143566,0.013936330527273477,0.049047297700780396,0.006555178227958197,0.09925997986632921,0.019949763372114012,0.06993487065558662
2026-02-17,0.08164375024008326,0.052841700938947175,0.02112070357414149,0.05784189537664504,0.0758769799960531,0.0665574271628331,0.07878362488441892,0.10734810418902042,0.056805065069116305,0.057114482322664445,0.03883146296935283,0.004311711479326682,0.04366414080286726,0.014311495155967094,0.04935745338354322,0.006531201530748055,0.096007380500816,0.020495689279020443,0.07055573114443496
2026-02-18,0.08071112045257507,0.05789172376861286,0.021492531503547213,0.06029888851950278,0.07445392495486088,0.06641172955083384,0.07795672718080725,0.10540596516563915,0.05634630387496531,0.056816384744887545,0.03827921374678055,0.004523626865753311,0.043586837908723516,0.014407669534227376,0.04841322618220074,0.006573947968875502,0.09597304747521977,0.020298761967789215,0.07015836863419823
2026-02-19,0.08046979617757781,0.05782705748714531,0.02192737885012114,0.060901362468515,0.07296200451550174,0.0663817602987407,0.07740850237285418,0.10350367290338693,0.056190458916584515,0.05626861574081314,0.03868409942131388,0.00451981195250983,0.044057773807412576,0.014278346377084455,0.04861750742164638,0.006691716564422088,0.09911303296619686,0.020068182375578173,0.07012891938259529
2026-02-20,0.08113852020383426,0.0537009447156771,0.02167623959582638,0.06210593124058955,0.0738088154413108,0.06694583178070587,0.07693857348241076,0.10472959575158831,0.056574260883174195,0.056816284666886124,0.039459047666820395,0.004413662752058284,0.0451331145808543,0.013502546396520447,0.04856479143609704,0.006156642071375913,0.09839290266142862,0.020217368561171192,0.06972492611167043
2026-02-23,0.08253020984030217,0.058156941676323536,0.020768637803042934,0.06056220762579409,0.07335776481107657,0.06493711227421826,0.07688142208827792,0.10628643842088893,0.05687111612815616,0.057133831884306194,0.03964609404327349,0.004342014993486696,0.044275196437306014,0.01330579667135248,0.04881723082122275,0.005739521254314161,0.09898805577635197,0.01937148683532898,0.0680289206149766
2026-02-24,0.08135958049847286,0.059219141623427285,0.02107808720600471,0.06075669453016402,0.07673703040458135,0.06340818093142218,0.07650418653147349,0.10526145552816542,0.056093062974387514,0.056641511123504705,0.03971407116284019,0.004394647891904687,0.04545797945764903,0.013511129018338827,0.04797732088497012,0.00602586273857752,0.09801387630039923,0.01942881759338143,0.06841736360033528
2026-02-25,0.08058502698337908,0.06167839987930939,0.02124641793377593,0.05949545057086241,0.07920426564311332,0.06257009373656874,0.07633429873724314,0.10519367683322355,0.05610812342854875,0.05620163405341636,0.03881118732326753,0.004421688460073081,0.0448806812832127,0.013613452875209531,0.04737205187916097,0.005845479152130864,0.09712097921375028,0.02008283094091247,0.0692342610728418
2026-02-26,0.08095276578703568,0.05997049506183128,0.021268882213603058,0.05911232969280762,0.07918811435755063,0.06278633043584347,0.07545119500201998,0.10456859234323121,0.056218343682363815,0.05670231936698471,0.03821411038475822,0.004459682516555003,0.04461322988977523,0.014279372094031859,0.04760280945744651,0.005966933937789883,0.09822377282182373,0.020158668457554624,0.07026205249699344
2026-02-27,0.08207907045853567,0.05545347464557272,0.021143646165468582,0.05930808349840719,0.08079261306848233,0.06265182067977998,0.07593025069275611,0.10756609956547701,0.057004257588011246,0.05753712957871591,0.037884210728227986,0.004286478235836836,0.04402026736071999,0.01302052676625093,0.047794321497980706,0.0057622716069795086,0.09940698410887583,0.019231482586118696,0.06912701116780276
2026-03-02,0.08155797685653118,0.0589874018602598,0.02219369241422335,0.0628496057949647,0.07999652590506413,0.062445881713376,0.07644780776970928,0.10653062418990937,0.05663548042872728,0.05706833814693559,0.038522201748495834,0.004398635905372933,0.04318579526274603,0.013356838523438667,0.04681180480033268,0.0058172940405594765,0.09907459846138975,0.018184572998442054,0.06593492317952203
2026-03-03,0.08238364616285992,0.05544599661190391,0.021556365474469024,0.06007210347444955,0.08104586665355808,0.06333685205839062,0.0776700247297605,0.10929195736701142,0.05734630346058268,0.05799122182942375,0.03837980416601326,0.004250022909435549,0.040641323706743476,0.013325786079968005,0.04744470460934181,0.005704435608676959,0.10063097787087102,0.017954168698825147,0.0655284385277152
2026-03-04,0.08251067873075575,0.059116432052295026,0.021286328032566252,0.0606705758651431,0.07966416057790296,0.06257850395207189,0.07884279140756509,0.10780764901522556,0.057121001170411155,0.05771388771800096,0.03799785247428146,0.0043317805693732555,0.040613840308598076,0.013698053362918333,0.04693715245825527,0.005647918431736075,0.10040472400560227,0.01752970576170981,0.06552696410558775
2026-03-05,0.0823486606383288,0.05787941308789035,0.020448029135803084,0.05819193226550156,0.08273944786915838,0.06354275705450312,0.07834605946372816,0.10698954947784586,0.05710183949240319,0.05769418117841734,0.0381629215128376,0.004182756185210178,0.040200406849895336,0.013063919834293882,0.04736603638362496,0.005546214052557188,0.10086526878015967,0.017585945858159573,0.06774466087968176
2026-03-06,0.0843840974137218,0.05019707056119728,0.020920505024515795,0.05730062577563794,0.08151983087110055,0.06549121393794985,0.07875726939526721,0.107869999860877,0.058133660062900064,0.05989841353231862,0.03838399845666583,0.004169581437174107,0.03965514765326439,0.012589550493672578,0.048268458107080144,0.005444763704295257,0.10387409343860728,0.017281600621918438,0.06586011965183584
2026-03-09,0.08288049843724977,0.055205153409532366,0.02109671463692232,0.05965253120536015,0.08111325110859713,0.06396329237463423,0.07888065318563911,0.10680836247235999,0.057107526939762364,0.05860532256905046,0.03844190164232739,0.004261232249411828,0.03926134049795642,0.013119551500731713,0.047817898304052746,0.005586404865452837,0.1017429101628865,0.017746991672760802,0.06670846276531187
2026-03-10,0.08302520590953001,0.05608697181807787,0.020595232929857543,0.061515632218075836,0.07948073453704439,0.06370207254850437,0.07928655972552512,0.10800115110155663,0.05703535825985535,0.05834135922918324,0.03857472757568559,0.004350226214340093,0.03911554023117653,0.012998044605301701,0.04732939228818047,0.005512037769024781,0.10057636589558275,0.017528276836728925,0.06694511030676895
2026-03-11,0.08317840090189461,0.058492839797414896,0.020804292411184144,0.05970054636086761,0.0760717677068258,0.06378066486833543,0.07994245704997954,0.11098864691572265,0.057090274121043984,0.058688165444240825,0.03888602254643279,0.004383618399262362,0.03781095145274173,0.01342106376866254,0.04722076442590668,0.005727219250085409,0.10151875784907753,0.016880903998487545,0.06541264273183399
2026-03-12,0.083476569059558,0.05757460020046591,0.020915151232529648,0.059425472083636355,0.07602019512481469,0.06417594024820503,0.07954684666963147,0.11037513350941335,0.057268132560629244,0.05923674380913009,0.038682233965820156,0.004676439388149672,0.038567179696875585,0.012692546978693396,0.047143645420485734,0.005419786345920605,0.10282473600830909,0.016557831430682856,0.06542081626704896
2026-03-13,0.0845914791817638,0.05678395724357823,0.02058637077357058,0.055790030446073134,0.0763280531918884,0.06475885634500905,0.07944535695577734,0.11045578565853302,0.05799911270162592,0.059845647569810874,0.038590126506035625,0.00458085995193769,0.0388666306988134,0.012454441922536592,0.04799607468854591,0.005452846442955429,0.1032939985253404,0.01685638834370485,0.06532398285249981
2026-03-16,0.08405297463936301,0.05589323443778084,0.02147879753443635,0.056405691869587306,0.07643385581544587,0.06429164273060455,0.07930950828065318,0.1110590415975856,0.05771236057049893,0.05975738687009391,0.03842766706378622,0.004603233298942316,0.03840544909369666,0.012619213751192793,0.048146488977654944,0.0054653719470161306,0.10334586619115942,0.016752133063318672,0.06584008226718337
2026-03-17,0.08345767817146829,0.05802469843613444,0.021715130288980394,0.056866483905794796,0.07671596597992952,0.06369810375552971,0.0787258008908328,0.10983133930494168,0.05749873278747221,0.0592887455481518,0.0384650833734337,0.004605619590299686,0.0388316471641718,0.012764120413951632,0.047931650237500865,0.00566743263158242,0.10214080186218724,0.01720463004065361,0.06656633561698337
2026-03-18,0.08223459949057463,0.05708546172609237,0.0220124599198854,0.05609938876599043,0.07950198652880015,0.06319760789082829,0.07841862521314555,0.11002967306740455,0.05678750786095286,0.058644472726830536,0.03787386687234256,0.004522124180915828,0.04010330704390047,0.01201068292363125,0.047861341353774615,0.005505396067249238,0.10088573285802545,0.017913370901181964,0.06931239460847376
2026-03-19,0.08114620652989647,0.0610438572087368,0.022167525800495524,0.05485773877503274,0.07966762231631921,0.06221374456673721,0.07919298645728785,0.1105431079339374,0.05686736572067236,0.05738482756350127,0.03774728130414315,0.0044654637994262295,0.04086338288321075,0.011628257719655298,0.047244446729019306,0.00551267324291904,0.10094396707794077,0.018063687044395454,0.0684458573266732
2026-03-20,0.08505877737703776,0.053235350927541635,0.020801607494027565,0.054972366094926874,0.1,0.06502221885538667,0.0777259002015663,0.1,0.05760948343033692,0.06004776885828993,0.037175566259462646,0.004822789366873343,0.03770853438165852,0.011866741606598334,0.04879782352901517,0.004778994630039865,0.1,0.01766795389233515,0.0627081230949034
2026-03-23,0.08534457458162768,0.04942844067679796,0.021016507764977783,0.0562852820181325,0.10125175145445829,0.0645370896428548,0.07804539565089104,0.09932748992320253,0.0575797792098195,0.0600771390574655,0.03755195833309595,0.004930249177816131,0.038706721878270504,0.012205285105827334,0.048297907525817294,0.004808341979595026,0.09886914439387452,0.017831602472664472,0.06390533915281105
2026-03-24,0.08545668596802794,0.050725997369489545,0.020883759505758197,0.05723396761629262,0.10243177462622045,0.06464366414402938,0.07675721117744848,0.09845215517916361,0.05791989866123674,0.05988607930281632,0.03689449649844874,0.004954612366338264,0.03830363943695001,0.01184752552995361,0.04824556069807463,0.004670447995814188,0.09853482505633454,0.01800477440707185,0.06415292446053072
2026-03-25,0.08429243356516664,0.051722390593048194,0.02241336235169903,0.05719364038405527,0.10436405188438415,0.06444168763956956,0.07685763155850688,0.09766896871253523,0.05748782740016353,0.059779790865513584,0.036445553004368324,0.004848924949381928,0.037908257211002855,0.011804283788175291,0.048311547861792654,0.004722753614846648,0.09818594172152456,0.018538470010326193,0.06301248288393942
2026-03-26,0.08585623858884799,0.0466383224365425,0.02099329453000021,0.05567144786044244,0.10297804418212562,0.06558533602643411,0.07712404768393302,0.09877283696189434,0.05834937039604411,0.06153541957115246,0.036833767937541714,0.004908227497114349,0.03718507940001893,0.011225803758629653,0.04864422169349723,0.004512583636366748,0.10044343080724909,0.018503867153035876,0.06423865987912958
2026-03-27,0.08607997767920682,0.04620049389726214,0.0206059514244676,0.05490119767495157,0.10447432817293494,0.06510288323002929,0.07688158826086293,0.09812370188869735,0.061896433900147284,0.06102394162230808,0.0358756226762529,0.00462452475060459,0.0373547738920553,0.01079197619914882,0.0484132988689322,0.004196424011158685,0.0998384929766663,0.018462172806507665,0.0651522160678055
2026-03-30,0.0875589830262142,0.04182216486998767,0.019666612100529602,0.05484860388748182,0.10444871067279995,0.06677985164253603,0.07752771791031193,0.09915815821211468,0.06318172293252763,0.06261833382701366,0.03595948838866101,0.0042902400720704545,0.03604153063564228,0.009891641480984254,0.04932182425673646,0.004220586331996516,0.10230524179792158,0.017966941345679367,0.06239164660879078
2026-03-31,0.08645421376924528,0.04683146440733113,0.020748600003248126,0.057200232624418555,0.0964503769932279,0.06592015533756501,0.078771266064862,0.09952658263660497,0.06308790673063772,0.061715415288800944,0.03718817716801592,0.0043665220674980075,0.03685581403143334,0.010628542886915603,0.048433149176793644,0.004399866088156137,0.10060681537745034,0.018092429743597184,0.06272246960419825
2026-04-01,0.08622411922359316,0.04546035481583573,0.021430892445115403,0.058162687375719335,0.09587468225781695,0.0657246821474055,0.0783095935609205,0.10047754583761949,0.06335064861859489,0.06112800348019025,0.03647101803681073,0.004576304417974868,0.03751253997918515,0.010215065026965954,0.04825675156804826,0.004135667663495428,0.10035508805441357,0.018468308116649915,0.06386604737364492
2026-04-02,0.0865250221618669,0.046361764493636215,0.021523661438785077,0.058615323091766154,0.09308882785501844,0.06619550647757368,0.07848388051009314,0.10041475777354783,0.06378671471001172,0.06138332216171901,0.037162936473466315,0.004551867370657017,0.03803736690973274,0.010188643045241419,0.04839572251537777,0.004080248926383969,0.10041719433942116,0.0183637404845553,0.06242349926114625
2026-04-06,0.08643795191478719,0.04617130299623243,0.021664244626586587,0.05758917509997427,0.0940945254509872,0.06567724101261622,0.0787509584194365,0.10208461153588289,0.06371630282133008,0.061013307068198096,0.03756123120304648,0.004573825398922783,0.0373705359255731,0.010347721897415825,0.047989168983161065,0.004089778657157071,0.10000141254298814,0.01820166068753391,0.06266504375817016
2026-04-07,0.08677877783865783,0.04645762147298511,0.02151538616378087,0.05745542897604893,0.09316809510930463,0.06615168064944656,0.07887131955475743,0.10114412623813462,0.06327621758674563,0.06113696749575158,0.03771170842399449,0.00431504651285157,0.038192521900905566,0.00988179012414242,0.04833592647430982,0.0036787086250543934,0.09988373846944122,0.018526047712437797,0.06351889067124941
2026-04-08,0.08597482091494651,0.04899401797491602,0.022735098527687084,0.059044488552629865,0.09496195945653162,0.06521884218046808,0.07845841876103003,0.09997920019214292,0.0622764328169178,0.059912066253885704,0.03765191194452037,0.004629484057014218,0.039094787897524304,0.010406381075639739,0.047869656822971375,0.003867310206788543,0.09792616023163361,0.01803228536717004,0.0629666767655823
2026-04-09,0.08678298423888556,0.05306881347835088,0.022408589313885462,0.058361048593513626,0.0927908335091622,0.06556068466682974,0.07888144873975335,0.10045374810226149,0.06327765950446396,0.05968092233425988,0.037934824472782985,0.004349626970358167,0.039104093014380496,0.009807722672090373,0.04817287730812345,0.0036277706474408915,0.09755377961608834,0.01700070122914456,0.06118187158822487
2026-04-10,0.085856143253959,0.05498837960530532,0.022224483960933974,0.05835760970316161,0.09446364702996186,0.06541729767147056,0.07879218143108638,0.09992367448187137,0.06246736637605693,0.05839070096102238,0.03802844784389934,0.004493218405402303,0.03948367028566121,0.010295253170553284,0.04749325607002482,0.0035725122349492327,0.09667944632464591,0.01739011798068722,0.061682593209347214
2026-04-13,0.08398059883068336,0.057756820976199746,0.022343259420191868,0.05820115847341849,0.09538985658829205,0.06358541930163791,0.07938280002467266,0.10159025591949779,0.06134070944623209,0.05738493453274908,0.03853938690793491,0.00457306848924311,0.040580179450584675,0.010947795097533814,0.046004774840548615,0.003688800768530818,0.09468678415128032,0.017498834109267794,0.06252456267150078
2026-04-14,0.08247160101309678,0.06983885618699255,0.02231476879515686,0.05647325088058732,0.09454884605625623,0.06269827368719608,0.07896973698605184,0.09908286371900357,0.05997080087088602,0.056533882727886384,0.03830771198940645,0.004483699104190217,0.03977665020249195,0.011590521181219995,0.045320156665507635,0.003843897312402082,0.09246987838703487,0.01810787025785425,0.06319673397677887
2026-04-15,0.08230508140841146,0.06852840394899952,0.022449887170557993,0.05825325044231677,0.0944767652813757,0.06174960469777789,0.07939597238780954,0.09924332517103553,0.059949188068904695,0.05593916569610844,0.03836168827858086,0.004617545970630132,0.03942635991326456,0.012603429367424302,0.04495931086481693,0.004420482398257251,0.09156819888532394,0.01859533265272672,0.06315700739567773
2026-04-16,0.08185666937058574,0.06674515278632913,0.02157689553070467,0.058384296368319384,0.09523917826753422,0.0614113654821787,0.08015955309587224,0.10023896329127586,0.05980034406023598,0.05522650395796436,0.039494742393342656,0.004688260461423626,0.03914935117600834,0.012676138394607997,0.045247096594079966,0.0042730664084834865,0.09118098036581107,0.018947510072024182,0.06370393192321855
2026-04-17,0.08119890281069637,0.06612104559583423,0.021997248230908064,0.058529078063643464,0.09419053098101622,0.06127003766766972,0.08195440764650673,0.10178694961158091,0.05973998203959499,0.0545036536783807,0.03955945995124349,0.004716194246240455,0.03892527662603697,0.013182429738261272,0.0449402409680924,0.004732666789715849,0.09071150259386461,0.019082396993614418,0.06285799576709916
2026-04-20,0.0813348340873253,0.0697951156158817,0.02143253827262544,0.06019866789799389,0.09187980480223147,0.061369518571828624,0.08244536192909808,0.10368968564192997,0.05904010244554003,0.05401098904956687,0.04056978031021695,0.004647589193101553,0.03664530383451339,0.013490252780324166,0.04466465511869089,0.004806818325627632,0.0901715267385466,0.01816805272701844,0.061639402657938935
2026-04-21,0.08228667741150458,0.07211242524622384,0.020794432634660135,0.058102844401972054,0.09074143984808171,0.06160125185954893,0.08317827941390497,0.10510340278510678,0.05909998858785969,0.0551107384808144,0.04055546585731796,0.004555948837710134,0.03569418355164561,0.012683166357647237,0.04444791654413067,0.00448013876163421,0.09062767610328566,0.017676537153213767,0.06114748616373761
2026-04-22,0.08097167579084294,0.0740197384978142,0.020680128180821378,0.06211181935769914,0.09243426284753888,0.06058831468367736,0.08183912699037303,0.10440353705105915,0.0578585457509732,0.05382369017523131,0.039766192972550206,0.005092008176827782,0.035163953211438795,0.01447450741641362,0.04379995936844265,0.005139331185919734,0.08929026722348933,0.01791667958758742,0.06062626153129979
2026-04-23,0.08178405881944001,0.07535987108092304,0.02096578406058514,0.0598255493537306,0.09282627069879726,0.061182172441312896,0.08011481807700581,0.10390146375290793,0.0587154269035565,0.05401965118546983,0.03878441125908423,0.005071451467234346,0.03572894679078511,0.015033792320349874,0.04405061580464764,0.004740188515855032,0.08982222810069589,0.017965710387723266,0.06010758897989561
2026-04-24,0.08104825946601127,0.07283647520842765,0.02064703932797513,0.05870235591514671,0.09878718991957373,0.06086146009593273,0.0796915639665019,0.1026803656796937,0.05823083359631064,0.053875692309446215,0.03849603988283728,0.0047237553252999255,0.03671979197890175,0.013883672078755403,0.044061151880479946,0.004432486234757284,0.08889103845960665,0.0188467591341259,0.06258406954021623
2026-04-27,0.08126756436056531,0.07395624738095967,0.020518970974451257,0.0591539805307528,0.09925122815002534,0.06077538738606849,0.07823655159314978,0.10093324707587384,0.05810095263269285,0.05350105745115288,0.03742264233705962,0.005098336146655197,0.03680882417094603,0.01483259530739041,0.043762438393349305,0.004686872246116353,0.08912451488032018,0.019113866746332607,0.063454722236138
2026-04-28,0.08283687348327975,0.07242962478963304,0.020299799987766265,0.05674553560773548,0.09779008001530866,0.06212782861785841,0.07875441108285315,0.10120168768520851,0.058851263467799536,0.054873068750516785,0.03794253908409609,0.004790365145242777,0.036132688361337595,0.013722024158862943,0.04468214593666115,0.004447341513285938,0.09114078184652406,0.018960631862561805,0.062271308603468016
2026-04-29,0.0813545481138723,0.09106837230396561,0.019342153950661096,0.05524111584957139,0.0941348556050312,0.061184707291822425,0.07803898183835033,0.10170612494406764,0.05910654794454281,0.05431345820301343,0.03822794594008055,0.004432624836295763,0.03445467297624367,0.01277944959264383,0.04369802777360986,0.004212846988209196,0.0894594704702861,0.01833115284534708,0.05891294253238585
2026-04-30,0.08063606178746964,0.08724720080482597,0.019563694842508684,0.05781693904663631,0.09640564652581766,0.06134650463957996,0.07832738722961058,0.09808957048956383,0.05907192869040814,0.05161038237689098,0.04086464484661415,0.004734650608609999,0.034977995569119916,0.013848636737467402,0.043576304606980046,0.004503095978177377,0.08978819808894908,0.01883401461724909,0.058757142513521286
2026-05-01,0.08083170342592573,0.08983843881012803,0.019643698824908826,0.05683575921074171,0.09512094400614704,0.06103314350321273,0.07850563705387487,0.09860589417912577,0.058564333113383944,0.05239545283098783,0.041428619061825496,0.004650741360596874,0.034578316271777355,0.013504371400272042,0.04290940789736072,0.004409935232806691,0.09022761243654302,0.018879233321114502,0.05803675805926695
2026-05-04,0.07932702653085848,0.08907385031656213,0.019627019403095566,0.05566721901616587,0.09907925873690422,0.0599849639185669,0.0775055022828772,0.09830077195019078,0.05840553902626229,0.05245260415196995,0.04166146798995878,0.004649568088791169,0.03484623719768305,0.013132594222286948,0.04301323625694172,0.004416840149299829,0.08936773921024753,0.019478951754340952,0.06000960979699654
2026-05-05,0.08066126365773714,0.09112575154018691,0.018650584624315503,0.053839168223337015,0.09885105783382224,0.0599796322168825,0.07677160940921951,0.09779709250145185,0.058866948426372086,0.05191438064204468,0.04283255973872972,0.0046312894418577555,0.03543278263608904,0.013100795245066812,0.04260513860176812,0.004314836608402758,0.08929408321603863,0.019487348552523317,0.05984367688415449
2026-05-06,0.07829470189097928,0.08832780956230292,0.019532724552422553,0.05839207581319474,0.0998301988547121,0.05883368615053514,0.07809431930270619,0.09890518479614024,0.056806844327353424,0.050729197668595384,0.043019502722452974,0.005206384608691263,0.034016483059735085,0.0152750956227925,0.042526875915835954,0.004922765865524142,0.08728644711923,0.020820331626790298,0.0591793705400058
2026-05-07,0.08028041312746205,0.08259995741241276,0.019677036785137388,0.057757482381919203,0.09928076946745275,0.06070479855786339,0.0785609220665977,0.10009563045703923,0.05811089608220707,0.05166468774130941,0.042623727005282,0.004796972950301416,0.033001223563672834,0.014223669160446942,0.042991283459285365,0.004718157502737402,0.0890184652496361,0.020464914956312977,0.05942899207292409
2026-05-08,0.07992438295734744,0.08398133757749274,0.019380212246103336,0.05724516280961236,0.09760025365851578,0.06146474080846448,0.07943432974543214,0.1012815569010103,0.05835606099991397,0.05144868164225155,0.04359098221048139,0.0048804244358308276,0.032401498790928726,0.014471286906621854,0.04294149398065851,0.004743274690869573,0.08905087577878651,0.02038713733680458,0.057416306522874064
2026-05-11,0.07891841557802982,0.08990716431841247,0.019570129498498217,0.0579253111113494,0.0947939746203898,0.0610282805950864,0.07847511594555727,0.10091795462487232,0.058076023061393,0.050920783692478766,0.04330069012149997,0.0049098349227953645,0.03167800391503833,0.015325046092631545,0.042518919205784204,0.004945007870803994,0.08878353607804894,0.019888182027255213,0.05811762672007496
2026-05-12,0.08032515621667675,0.0895741389406885,0.019353662969114872,0.056831843670200985,0.09356256325703433,0.061908988834716544,0.07872918863396595,0.10128148125149232,0.0585321073815731,0.05226030623401712,0.04236303557669025,0.0047131864736427885,0.03194940158986426,0.014567102508832903,0.043401202345768684,0.004499886009082862,0.08993219394196927,0.01961744225191149,0.05659711191275706
2026-05-13,0.07906920310945965,0.09384142406000821,0.01966442857956526,0.05704542483259041,0.08894431479024331,0.06266969796960804,0.07904948264966734,0.10248179127461902,0.05914147743015107,0.05222214836583975,0.04304563559481155,0.00455248401397258,0.030966330249892152,0.014008576039614987,0.043292796156816686,0.004551250519105236,0.09098597830669353,0.018650614298227692,0.05581694175911354
2026-05-14,0.07900491223840594,0.09763960647262522,0.019947005002786188,0.05519288886430949,0.08855905191023183,0.06255874829304299,0.07846930770856309,0.10207682916974907,0.05904114792896706,0.052061392150777396,0.04329168833135151,0.0045118440227824635,0.03163239790721797,0.013400092474599785,0.04330876000565108,0.004568198628658119,0.09092611611540954,0.01863011140551793,0.05517990136935328
2026-05-15,0.07941562819024596,0.09185890375081997,0.019979912970149474,0.054496265900899045,0.08878520760949898,0.06335780925388722,0.07931839725326482,0.10355898648381015,0.05894765568815038,0.05258142316395082,0.04385271936612703,0.004397915373981143,0.031004739490138364,0.012835988983489414,0.04402708815466909,0.004382950122148883,0.09283775432364719,0.01822651566250575,0.05613413825861623
2026-05-18,0.0812610484566425,0.08635108928224769,0.019771141298380042,0.053422901939411724,0.08732983518769914,0.06952112178435493,0.0794725877587298,0.10409131180093464,0.05938238118511094,0.053443761158803435,0.043540741000108005,0.004204639272593878,0.03051307457274125,0.012117078734772975,0.04434710755012547,0.004120107323713532,0.09428469795575507,0.017729223067903872,0.055096150669971054
2026-05-19,0.08226154314071218,0.08744878320678093,0.019384833026352116,0.052722213087409896,0.08708335253224633,0.07024908624336393,0.0787255999490315,0.10298294964796906,0.060058845118461684,0.05435768984365828,0.04347074730709101,0.0041136638680379835,0.030152711135151493,0.011598637817588417,0.044767845314124116,0.0039609449780288394,0.0949779013343739,0.01726419933272185,0.054418453116896456
2026-05-20,0.0799127021622646,0.09172239248457137,0.019306486814744676,0.05152459292022754,0.09134619830119955,0.06789154438730105,0.07834052890703315,0.10171325586953121,0.059122022460343475,0.053117747974054934,0.04302340723553954,0.004016608466184755,0.031757137569116946,0.012615384844935107,0.04391601293607355,0.0039756094362671645,0.09177355448854396,0.01836564045252217,0.05655917228954523
2026-05-21,0.0787516407272383,0.09792866499504845,0.01893189250703536,0.05111996457085548,0.0909220953284929,0.06703778007182681,0.0781846270726512,0.10087568589716873,0.058081915357011925,0.05260822392881614,0.042673163073458475,0.004107152630040177,0.031778158853144875,0.012851866449524811,0.04324428732310764,0.004239811088444914,0.09049640345356251,0.018828356037010652,0.057338310635560504
2026-05-22,0.07948644025801711,0.09571922107691228,0.01884723098924674,0.0505172472479567,0.09298278493524446,0.06605099924634344,0.07688995032931162,0.10038156759386929,0.05780131392959601,0.05328733827641867,0.04215329475663842,0.00413109194947479,0.031769189362229694,0.012917423711741892,0.04354198027830825,0.0042371431099920325,0.09021118947149637,0.01932527614084892,0.05974931733635328
2026-05-26,0.078307412804644,0.09469163390977502,0.01877842215714239,0.05169066915124705,0.09444341386569764,0.06507774317383015,0.07676049019187604,0.09924825133629227,0.05706468267596534,0.052586256729382115,0.0424242418670133,0.004190853919553114,0.032131147655816164,0.01335970218558762,0.0434616852425534,0.004507488906843558,0.08895959683186393,0.020006213855014145,0.06231009353990279
2026-05-27,0.07860281900835597,0.09333681885670198,0.018572294144639206,0.05209702191544928,0.09171468885592471,0.06592943885191355,0.0770622239466287,0.09991296696476326,0.05761045415174153,0.053521249388194504,0.042505970473310714,0.004171191821926329,0.031994716698222674,0.013367333760125215,0.043931403258587666,0.004510801842470188,0.08987910020486788,0.019808610071540705,0.061470895784635986
2026-05-28,0.07784853851104448,0.09249545887421354,0.018666696242993126,0.05389010997622922,0.0913673873944426,0.06641372585234384,0.07732598805015826,0.10034534080454688,0.05689270099321429,0.05304456209226904,0.04265568055204314,0.004314933185166633,0.032011784932641604,0.013481650716723644,0.043754528244634716,0.004570416429373783,0.08909212086107189,0.019989505369731923,0.061838870917157375
2026-05-29,0.07752298637562564,0.09138052427428854,0.018410087004990684,0.05499190248753582,0.09215103524714559,0.06619430531972435,0.07697907764200626,0.10050997972728024,0.056782167083631395,0.053267797078972966,0.043272783431830254,0.004258822421418407,0.03131616630365457,0.013283003422170573,0.04361447360838876,0.004772026744105161,0.08892890889638687,0.02033916103519079,0.062024791895653034
2026-06-01,0.07807784311969714,0.09038141028449716,0.01828072870389282,0.05671949424268278,0.08776940946905035,0.06587779647627849,0.07730124782523731,0.10201953003270899,0.05640029437239656,0.05385208860235852,0.043917231112385983,0.0045506333897706195,0.031216566290267554,0.013718903493763883,0.0438730809223996,0.00500896234904782,0.08876024881535871,0.02046894935812399,0.061805581140081695
2026-06-02,0.07766743599540915,0.09692410139273074,0.01757674002706885,0.05878700683609986,0.08722654018615723,0.0656362750137407,0.0758017919242635,0.10081502856860208,0.05598477249871185,0.05249026699519099,0.043298521782661394,0.004642295422512094,0.03116397528688354,0.014587306239683687,0.04340774957229463,0.005251304172529817,0.0873963218088722,0.020221445467897912,0.061121120808689824
2026-06-03,0.07845238585152543,0.09353533673577434,0.01763424041112296,0.056898490584476755,0.08695256026102664,0.06577670970043818,0.07555838626338247,0.10293977246924162,0.05749734713451536,0.053485414411729416,0.043875254745053056,0.0043088185977852725,0.03176707083387076,0.013164399222579691,0.04380057184608624,0.004695293963871243,0.08886895188069971,0.02027682522662392,0.06051216986019697
2026-06-04,0.07879907937853432,0.0940801132619158,0.018066750921797117,0.056133419477016964,0.08546149684615939,0.06628314624150294,0.07715912901329824,0.10336321818342321,0.05737768854073026,0.05254901756557877,0.044301780325341066,0.004395626840773177,0.03143562755895805,0.013098334432220471,0.04365358717916914,0.004555151145874704,0.08926477504797234,0.020040468668626892,0.05998158937110708
2026-06-05,0.08145842403450917,0.08712315642422391,0.018002154424609243,0.05208230094290593,0.08415752125958291,0.06823983475807582,0.07805740585550268,0.10496391793706031,0.059483202756580686,0.055081068123643995,0.04338270839629769,0.0038860934503323515,0.031137505760564614,0.011908382650083158,0.04545315701237604,0.004079058708192787,0.09233290316636227,0.019782204284429578,0.05938900005466673
2026-06-08,0.08128144075423195,0.08511219197027045,0.018473762362768525,0.05396544313015549,0.08412788587102019,0.06792366867247399,0.07743917132646622,0.10485378423250934,0.05904217152377653,0.054834174539517985,0.04369900653227311,0.004009245674224041,0.031308974517413615,0.012279712426486886,0.0452074514732737,0.0042486214694317246,0.09246953787250943,0.02011657154445147,0.05960718410674533
2026-06-09,0.0813776678689725,0.0866010155338851,0.018465560573641775,0.05200880379197362,0.0839348015556128,0.06821122267955805,0.07802857201821507,0.10390693772791625,0.059460195241241985,0.05510450177322873,0.0442764197623862,0.003790281992658966,0.03161239924694991,0.011690144721823984,0.045401489100988596,0.003921384060613265,0.09358078834243964,0.019647165073886093,0.058980648934007514
2026-06-10,0.08393561290477823,0.08014248847232781,0.0184058071171524,0.04958395602530812,0.08289279980239912,0.07054274243648376,0.07830721044633555,0.10449287983720318,0.0614608247469879,0.056884962247871776,0.04444269797965748,0.0036516753734174927,0.030130540838089855,0.011483048004945595,0.04659843285120312,0.003737437522928687,0.09708527694699576,0.018919715972647518,0.05730189047326654
2026-06-11,0.08255854578541216,0.0837952145821775,0.019254853557984227,0.05085788566188918,0.08308077823057959,0.0693662603936269,0.07791562902340851,0.10323718802669256,0.06019439534366295,0.055851513502441136,0.04435526484875989,0.0038901105397403327,0.03040443682244728,0.012086490712063995,0.04595292030369844,0.0037873575203235966,0.09477444557032325,0.019071751960243744,0.059564957614524905
2026-06-12,0.08178674784914379,0.08619859075582112,0.018802968817188986,0.05101183509020898,0.08406857952968166,0.06945145681136884,0.07720684586953727,0.10280918651936415,0.05986032951877922,0.05582582846237429,0.044390233967322446,0.003932615683573799,0.030330203132625296,0.011811995950670857,0.045740069266224474,0.003854436800283649,0.09400459347074076,0.0196103133126735,0.05930316919241712
2026-06-15,0.08036603894453263,0.08942417632391293,0.018547284131059442,0.05310936615341673,0.08538655281927127,0.06850736591919324,0.07614225949303496,0.10179117554340338,0.058782251840194,0.05478529714341746,0.0432714438645311,0.004193100593039914,0.030970279425497786,0.012264261296147017,0.045180068030694374,0.004076797148731387,0.09215558086653756,0.0206316403898821,0.060415060073502745
2026-06-16,0.07940512300882378,0.09017481559197425,0.018519922484070767,0.05272520295249423,0.08590965539518709,0.06781775117580688,0.07722387477100046,0.10308632077696762,0.05858232695571661,0.05443776279716508,0.04328928175474992,0.0038639663616331006,0.03089400088120778,0.011403723067780062,0.0448822104708119,0.0037245799348719793,0.09120998028392875,0.021400811179230088,0.06144869015657971
2026-06-17,0.07911304213699442,0.09208854679600427,0.019223731523137225,0.052037605193133066,0.08629930622350479,0.06781830486603958,0.07642656249543013,0.1033122370685147,0.05821856942165929,0.05363391536140059,0.04268888132591041,0.004012679905535751,0.031135315703839324,0.011795875612417543,0.04438569737330768,0.00393863998887819,0.09017461825919938,0.021720161143100818,0.061976309601992886
2026-06-18,0.07896271440363348,0.08596892367379412,0.019879573957037523,0.04934531208076338,0.1000000000006749,0.06701344785829773,0.07646177482366988,0.1,0.05817602947434399,0.05343794515114187,0.042460312168903835,0.0035974595748889692,0.02970303212671866,0.011217402361573989,0.04457007597539808,0.003841321555058748,0.1,0.019340142026029038,0.05602453278807186
2026-06-22,0.0793045408973017,0.08901725386679823,0.019985036654930347,0.048839919657369585,0.09895822702836315,0.06562179350865954,0.07818903999291345,0.1005348691026489,0.057800527405316715,0.052719708864023065,0.04305762915170606,0.003394744669931309,0.03003043015757003,0.010509970609697166,0.04426517093188561,0.003623240962579144,0.09870990878655184,0.01911544839465986,0.05632253935709428
2026-06-23,0.0817206883684291,0.08317412578198902,0.020074274923507697,0.04984937712177409,0.09747680598732493,0.0663232138871986,0.07837128928564671,0.10097623216808337,0.05889571734649717,0.05373463942735067,0.04369396700555821,0.003304159155821151,0.0299057612979856,0.010342752157370903,0.044891290639004246,0.0035179193187462638,0.10073986735663311,0.01805274518232226,0.054955173588756775
2026-06-24,0.08261043791506298,0.0842250634520615,0.019705205506697854,0.048919209101121845,0.09678739824042379,0.0671953254990453,0.07767199973912954,0.09921470850390918,0.059416333825714984,0.054141551712501686,0.042896180895596984,0.003178610445985667,0.03092299943946564,0.00979604466296146,0.04525179218885308,0.0033152059872093615,0.10178931174894562,0.017819446404179998,0.055143174731133573
2026-06-25,0.0839480183942266,0.08007251492560635,0.019649050367495736,0.047580128489892425,0.09720019393401827,0.06752641414058627,0.07754435849721542,0.09871551793318512,0.05986538709758985,0.05405080061405357,0.043202629547076356,0.0031693810570810254,0.03205907260648958,0.009251019817454107,0.04568451285423439,0.0032772936628542777,0.10207733903534136,0.01825385543510599,0.05687251159049326
2026-06-26,0.08620744251613323,0.06650829133434667,0.019222639847147463,0.04867435247139335,0.09679589612770305,0.06831377724559701,0.07889857950855282,0.10036854977384123,0.06100469125544934,0.055548888784024364,0.04418881910062546,0.0031215085084706534,0.032954294686133166,0.00919856341011469,0.04680710338706399,0.003322887461151557,0.10464880301346996,0.017978763033783828,0.05623614853499805
2026-06-29,0.08584942898205604,0.07234425805110915,0.01844610533850169,0.048242121131815106,0.09519627687339044,0.0682101020226313,0.0779598538735134,0.10006500294235657,0.06126383439711332,0.0553123579451116,0.04345365963227852,0.0030259562570401246,0.032968969776431926,0.009722108828885766,0.046261584873474,0.0033845014750708523,0.10450895261865838,0.017839452180566737,0.055945472799995115
2026-06-30,0.08639014016528716,0.08078306705525451,0.019232273551996838,0.04816097267653481,0.09247081276849849,0.06829871695543634,0.07456535305106037,0.0973895756831277,0.0613611337705479,0.05550701762158304,0.042809370167792404,0.003219462067329532,0.03275340319246799,0.009778977026803208,0.046217533686054364,0.0033548851391285496,0.10488412354805665,0.01741317372342849,0.0554100081496117
2026-07-01,0.08735432598174743,0.07913072589802694,0.019424953156646572,0.047198582436553047,0.09026052162439432,0.06947667719367442,0.07498186426192625,0.09717926946746093,0.06181940076662561,0.056445522389696134,0.042310350962262745,0.0032643828164014266,0.03237097987125216,0.010055912397317667,0.046832248840074774,0.0034854432442195295,0.10685783340729019,0.016740907712767417,0.05481009757166245
2026-07-02,0.08952462342834676,0.07404087595253088,0.01927478815804278,0.04674283625975668,0.0911805260172983,0.07141857612660556,0.07363966016265837,0.09586930895599843,0.06296497094309113,0.058342763243047525,0.040654181177568374,0.0031785106161412086,0.031400281932175415,0.01002738079887807,0.04756960944571797,0.0033450891350484515,0.10988824596346008,0.016922648230629844,0.05401512345300423
2026-07-06,0.08722519071120496,0.08000396432547227,0.01978829631595354,0.04683913967298071,0.09305996800743317,0.07044718798917436,0.07341545127308209,0.09488967221443881,0.06181131553332175,0.05693071613658295,0.040086098047757826,0.003398603741319492,0.03214229680544479,0.009845093910808062,0.04673534039708325,0.003266574460531926,0.10691418736531529,0.017398469708755686,0.055802433383339366
2026-07-07,0.08886008879373061,0.0736398816671999,0.018812150301070644,0.045855888139479765,0.09135831630169919,0.07153482041117948,0.07424016327139123,0.09788047641719813,0.06294433963990903,0.05797616951975243,0.040191903252764026,0.0032482205956264015,0.03169684295440309,0.00915991085930656,0.047672114456699534,0.00306806825883285,0.10915764630797709,0.017009118652434006,0.05569388019934593
2026-07-08,0.08837468228092316,0.06991707847559502,0.018737763847872353,0.04621525878185439,0.09384080451992469,0.07195319890683394,0.0753710737925628,0.09788315626618375,0.06294253373237446,0.05797626833424688,0.040272723515202946,0.003282373568457528,0.0317753794654492,0.009101606461912746,0.047683070232869544,0.003021364153863031,0.10878874073190191,0.01716549227587158,0.05569743065610018
2026-07-09,0.08646363271400928,0.07020341774626968,0.01891242451621074,0.046358235354747805,0.09553355953271024,0.0711073403783545,0.0761345043704788,0.09903483194798983,0.06232885979655373,0.05649105361812985,0.04143679992074717,0.0034251004440506347,0.03225354130264192,0.009425908114204398,0.04673823642895448,0.0030976973779114495,0.10677006881666455,0.017803197950194114,0.05648158966917684
2026-07-10,0.08720125670161812,0.0666149416531949,0.01873094345539151,0.046352252822651444,0.09548048398885334,0.07152267650371674,0.07638188748884231,0.10023513487546167,0.06271815860858834,0.05683257514540283,0.04199220341423402,0.0033466632306955223,0.03212276561294013,0.009303303318606316,0.046768778813258985,0.0030826613002523165,0.10690922528352968,0.017821733294892377,0.0565823544878695
2026-07-13,0.08775270528863013,0.06384083037993893,0.017949412605511837,0.04376402862739742,0.09834443220697436,0.07261803347899179,0.07566667430271033,0.09962593382302251,0.06291236170935541,0.05748649613115221,0.04252792370424165,0.003074244885310569,0.03208912884837607,0.008785273411621403,0.047215733988081064,0.0028699725028524512,0.1084393808530338,0.018415773584942112,0.05662165966785601
2026-07-14,0.08739166976202414,0.06665094604344576,0.018217162423196955,0.0444418054677273,0.09795754415141816,0.07320859842547653,0.07370505673345909,0.09822718201963886,0.06329647408925404,0.05729952368551372,0.042640915804414356,0.003145041452057998,0.03183721339285373,0.008857387209584915,0.047064553289787425,0.002950618443859811,0.10788858586138277,0.01844024325798074,0.05677947848692375
2026-07-15,0.08623059591565255,0.0658986060504573,0.018012100164602814,0.04437723778946282,0.09914161970912283,0.07317579959601359,0.07542242617746077,0.09856134392834522,0.06298563336468924,0.056160251538938666,0.04317492363933458,0.0030986844224968955,0.03189557164084559,0.008809893968899717,0.046885880225637284,0.002883059926537385,0.10692238565535989,0.0186775906891421,0.05768639559700087
2026-07-16,0.08834503772793376,0.05785668254333302,0.018050244001341934,0.043466160527671466,0.09855488899453237,0.0753879194047351,0.07571364953915542,0.09920701864603257,0.06452320367932254,0.05856262967548092,0.043326071089787026,0.0029630601899266716,0.03129652935549348,0.008190839460911972,0.04760398845376053,0.002689602012692007,0.11070583433144832,0.017534761344871055,0.05602187902156985
2026-07-17,0.08772870648843245,0.060226570275036,0.01781963072053586,0.04259081253619805,0.0988441207976052,0.07475159500074564,0.07587118690643738,0.100308667061354,0.0636522221920326,0.05794453372832705,0.04410767661427265,0.003150630947061043,0.03047386209430395,0.008078756774491096,0.04708760800887067,0.002715198975781187,0.10988009270444801,0.01773828105595327,0.05702984711811396
2026-07-20,0.08760608209666823,0.055767684152027416,0.017736529577603615,0.0425091830071793,0.09999202344732099,0.07463038231068855,0.07747207041346695,0.10076919950063808,0.06334372457363138,0.057947996645250584,0.04460415917264867,0.0031751986672149705,0.0310337451304596,0.008216641500914649,0.046938811878312454,0.002822931165480029,0.10969412104642852,0.01726761004269264,0.0584719056713733
2026-07-21,0.08568611647297873,0.0628836302978394,0.01778759654309995,0.04364174600470017,0.10161432993393561,0.07269336099157198,0.07739995344327114,0.09997462221628195,0.06237866262455933,0.05683207268908493,0.04426547851054778,0.003412241155545948,0.03072284226164673,0.008579049454272509,0.04586905927685313,0.0030302350823429203,0.10702146302963153,0.017234318039829274,0.058973221972007016
2026-07-22,0.08599538016644019,0.059644157137855765,0.017678984842833263,0.04376440213041583,0.10482628491751049,0.0727826403769372,0.07583257121233807,0.09845422549559228,0.06288381651462316,0.056910369288620546,0.043223943159868834,0.003422995606102006,0.032122676700046475,0.008513520917335959,0.046402555047047316,0.0029735231456390807,0.10749244618799617,0.01748371799811168,0.05959178915468573
2026-07-23,0.08671401456400661,0.05909008454357631,0.017768463572865337,0.04303861438348239,0.1044798592529426,0.07274005031763511,0.07578532402932074,0.09833920089090949,0.06301002878471593,0.05727728977947962,0.0429261947890772,0.0033335508120492696,0.03266643795681229,0.008367122899246302,0.046242807685263294,0.0029992020550061527,0.10767840973126802,0.017480056105122436,0.06006328784722096
2026-07-24,0.08700213478954325,0.050249985636411094,0.017542773602117107,0.042241691039908394,0.10389731059675332,0.07230537750724034,0.08394934495825587,0.10301001229585105,0.06302880175686518,0.05753009711447243,0.044225403829687544,0.00319874697226369,0.03217776297346506,0.007654203876876691,0.04620436440049365,0.002757642756952485,0.10842567462412722,0.01657508589370268,0.05802358537501297
2026-07-27,0.08692581697454199,0.05175578004485867,0.018004750834312425,0.04355940191999415,0.10366323891721742,0.0724510094234831,0.08369295882928107,0.10078658274339847,0.06266444867903581,0.057876848508094096,0.044347790322754634,0.0034808186873273093,0.03152796758950369,0.008055695216138435,0.04650895640153278,0.002943841476335821,0.10900237181884316,0.01619383210037402,0.05655788951297287
2026-07-28,0.08843221022600832,0.04694657407672554,0.017650204834092336,0.04331353035048576,0.10192328534797017,0.07440162110213738,0.0844201492574416,0.10188967541989968,0.0632920066554492,0.059332755691098645,0.0448581756175544,0.0034303267788074235,0.030144000729606196,0.00779164312714902,0.04734076340076241,0.0028948579025010086,0.1117358958765938,0.015544423435716275,0.054657900170000814
2026-07-29,0.08815065265837987,0.04700450216103,0.016761036783889315,0.043071011234388994,0.10354384011424844,0.0760269085240836,0.08398406954276627,0.1013836865274942,0.06200719507628039,0.06029999100693177,0.04402756776978915,0.0033010788829320875,0.03000472178728346,0.007410168282939224,0.047676313299281035,0.0027330387187230816,0.11345499091225461,0.015415560775158333,0.05374366594214617
2026-07-30,0.08465817834631778,0.057984342627086835,0.017172974404752437,0.043771122327552224,0.10304818644370084,0.07322340210736807,0.08421858930984666,0.10265969455062733,0.06063321849815115,0.056968118343922375,0.04431177392163753,0.0035576354023218624,0.03154155985637702,0.008049326198923021,0.04634810083793314,0.0030272750016262983,0.1085469911410457,0.01580483302793038,0.054474677652879354
2026-07-31,0.08540630930784616,0.05807468412050193,0.017638006252880135,0.04322432087712701,0.10353127869949412,0.0732315525175193,0.08276278676865312,0.1008176704738072,0.060856536076360504,0.057731650772106305,0.043873933534189745,0.003581554427644569,0.03188854134466089,0.007676495082975158,0.046219232159499274,0.0029901175287834407,0.10971606250024928,0.016005415716329005,0.054773851839372764
2026-08-03,0.08434678597554832,0.060695363618370385,0.01793871237567101,0.04418416337708516,0.10611986131232676,0.0716103618296617,0.08257287068692461,0.10034977331013822,0.06010956063076977,0.056552508347945805,0.04373904095537409,0.003690645616164039,0.03245954736316483,0.008018417447619936,0.04543717033664559,0.0031478835058494207,0.10607512697337022,0.016232063218556855,0.05672014311881305
2026-08-04,0.08461289951504732,0.06351891327803176,0.017782272619655422,0.04595279216438625,0.10382815298272356,0.07226056383854629,0.08398569810579332,0.10264156664087765,0.06070119104222473,0.05696012733042912,0.04435571736113962,0.003789445957327503,0.027494728032216118,0.008450829366571504,0.045337011274209485,0.003316094245864467,0.10668155275198943,0.01606697787856941,0.05226346561439719
2026-08-05,0.0835392308104708,0.0654000847758751,0.017436866671550203,0.046653835542732426,0.10299220594666407,0.07145697305785571,0.08462050003004361,0.10330038926410624,0.05976791402830445,0.057002474662642355,0.04507260672271237,0.0037731178075762093,0.02844906664669729,0.008401526255040556,0.04500316304742639,0.0032858281270638882,0.10680989856631551,0.015652840120790202,0.05138147791613273
2026-08-06,0.08360186215019652,0.06456548422858659,0.017397032728882662,0.046822825305817974,0.10276634896645259,0.0706658636073462,0.08448341467773486,0.10397671231164189,0.06016321062976168,0.057061805627573375,0.04371301065642372,0.003606019495594787,0.0283179272237221,0.008335973499345494,0.04516124089467351,0.003355849211692464,0.10764561132980034,0.016172891710491032,0.05218691574426213
